<?xml version="1.0" encoding="UTF-8"?>
<window>
	<defaultcontrol always="true">10</defaultcontrol>
	<backgroundcolor>background</backgroundcolor>
	<menucontrol>6666</menucontrol>
	<!-- setup run -->
	<onload condition="!Skin.HasSetting(inicio-complemento)">ReplaceWindow(1128)</onload>
	<onload condition="Skin.HasSetting(inicio-complemento) + !Skin.HasSetting(EmbuaryInitMessage)">ReplaceWindow(1119)</onload>
	<onload condition="Skin.HasSetting(EmbuaryInitMessage) + Skin.HasSetting(inicio-complemento)">RunScript(script.skinshortcuts,type=buildxml&amp;mainmenuID=100&amp;levels=0&amp;group=mainmenu|moviehub|tvshowhub|sportshub|tvlivehub|customhub|sidepanel)</onload>
	<onload condition="Skin.HasSetting(EmbuaryInitMessage) + Skin.HasSetting(inicio-complemento) + !Skin.HasSetting(consejo)">AlarmClock(consejo,ReplaceWindow(1134),00:40,silent)</onload>
	<onload condition="Skin.HasSetting(EmbuaryInitMessage) + Skin.HasSetting(inicio-complemento) + Skin.HasSetting(consejo) + System.AddonIsEnabled(script.stva.matrix.v) + !Skin.HasSetting(noty)">AlarmClock(noty,ReplaceWindow(1136),00:10,silent)</onload>
	<!-- script actions -->
	<onload condition="System.HasAddon(plugin.video.embycon) + String.IsEmpty(Window(home).property(plugin.video.embycon-group_movies))">RunScript(script.embuary.helper,action=getaddonsetting,addon=plugin.video.embycon,setting=group_movies)</onload>
	<!-- fake pvr hub window history workaround -->
	<onload condition="!String.IsEmpty(Window(home).Property(pvrhub))">ActivateWindow(1124)</onload>
	<onload>ClearProperty(pvrhub,home)</onload>
	<include content="PropertyIncludes">
		<param name="ShowHeader" value="true"/>
	</include>
	<controls>
		<control type="group">
			<visible>String.IsEmpty(Window(home).Property(pvrhub))</visible>
			<!-- background -->
			<include>Background</include>
			<!-- content -->
			<include condition="!Skin.HasSetting(HomePlotLayout)">HomeDefaultLayout</include>
			<include condition="Skin.HasSetting(HomePlotLayout)">HomePlotLayout</include>
			<!-- menu fake art -->
			<include>skinshortcuts-template-itemArt</include>
			<!-- side panel -->
			<include content="SidePanel"/>
		</control>
	</controls>
</window>
