<?xml version="1.0" encoding="utf-8"?>
<window>
	<onload condition="!System.HasAddon(resource.images.languageflags.colour) + !Skin.HasSetting(languageflagschecked)">InstallAddon(resource.images.languageflags.colour)</onload>
	<onload condition="!System.HasAddon(script.image.resource.select) + !Skin.HasSetting(languageflagschecked)">Skin.ToggleSetting(languageflagschecked)</onload>
	<coordinates>
		<left>0</left>
		<top>0</top>
	</coordinates>
	<controls>
		<control type="group" id="250">
			<control type="image">
				<!-- media info background image -->
				<include>fullscreenimage</include>
				<texture>colours/black.png</texture>
			</control>
			<control type="group">
				<control type="image" id="110">
					<!-- Service Logo -->
					<left>1410</left>
					<top>52</top>
					<width>375</width>
					<height>60</height>
					<aspectratio>keep</aspectratio>
				</control>
				<control type="label" id="100">
					<!-- header label -->
					<left>1410</left>
					<top>52</top>
					<width>480</width>
					<height>60</height>
					<visible>String.IsEmpty(Control.GetLabel(110))</visible>
				</control>
				<control type="label">
					<!-- Video label -->
					<left>60</left>
					<top>52</top>
					<width>1335</width>
					<height>60</height>
					<font>ctouch30</font>
					<label>$INFO[Player.Title]</label>
				</control>
				<control type="image">
					<left>15</left>
					<top>128</top>
					<width>1890</width>
					<height>6</height>
					<texture>separator.png</texture>
				</control>
			</control>
			<control type="group">
				<control type="list" id="120">
					<left>60</left>
					<top>195</top>
					<width>1290</width>
					<height>690</height>
					<onleft condition="String.IsEqual(Skin.String(show-scrollbar),$LOCALIZE[31877])">noop</onleft>
					<onleft condition="!String.IsEqual(Skin.String(show-scrollbar),$LOCALIZE[31877])">1258</onleft>
					<onright>150</onright>
					<onup>120</onup>
					<ondown>120</ondown>
					<viewtype label="535">list</viewtype>
					<pagecontrol>23</pagecontrol>
					<itemlayout width="1290" height="69">
						<control type="image">
							<left>9</left>
							<top>16</top>
							<width>36</width>
							<height>36</height>
							<texture>$INFO[ListItem.Art(thumb),resource://resource.images.languageflags.colour/,.png]</texture>
						</control>
						<control type="label">
							<left>60</left>
							<top>12</top>
							<width>135</width>
							<height>45</height>
							<font>ctouch20</font>
							<label>$INFO[ListItem.Label]</label>
							<include condition="Skin.HasSetting(text-autoscroll)">scrolltext</include>
						</control>
						<control type="image">
							<left>198</left>
							<top>14</top>
							<width>42</width>
							<height>42</height>
							<texture>osd-btn-subtitle.png</texture>
							<visible>ListItem.property(hearing_imp)</visible>
						</control>
						<control type="image">
							<left>240</left>
							<top>26</top>
							<width>60</width>
							<height>20</height>
							<texture>icon-sync.png</texture>
							<visible>ListItem.property(sync)</visible>
						</control>
						<control type="label">
							<left>308</left>
							<top>12</top>
							<width>840</width>
							<height>45</height>
							<font>ctouch20</font>
							<label>$INFO[ListItem.Label2]</label>
							<include condition="Skin.HasSetting(text-autoscroll)">scrolltext</include>
						</control>
						<control type="image">
							<left>1155</left>
							<top>22</top>
							<width>120</width>
							<height>24</height>
							<texture>$INFO[ListItem.ActualIcon,rating,.png]</texture>
						</control>
					</itemlayout>
					<focusedlayout width="1290" height="69">
						<control type="image">
							<left>0</left>
							<top>0</top>
							<width>1290</width>
							<height>69</height>
							<texture border="9" colordiffuse="blue">button-default.png</texture>
							<visible>Control.HasFocus(120)</visible>
						</control>
						<control type="image">
							<left>9</left>
							<top>16</top>
							<width>36</width>
							<height>36</height>
							<texture>$INFO[ListItem.Art(thumb),resource://resource.images.languageflags.colour/,.png]</texture>
						</control>
						<control type="label">
							<left>60</left>
							<top>12</top>
							<width>135</width>
							<height>45</height>
							<font>ctouch20</font>
							<label>$INFO[ListItem.Label]</label>
							<include condition="Skin.HasSetting(text-autoscroll)">scrolltext</include>
						</control>
						<control type="image">
							<left>198</left>
							<top>14</top>
							<width>42</width>
							<height>42</height>
							<texture>osd-btn-subtitle.png</texture>
							<visible>ListItem.property(hearing_imp)</visible>
						</control>
						<control type="image">
							<left>240</left>
							<top>26</top>
							<width>60</width>
							<height>20</height>
							<texture>icon-sync.png</texture>
							<visible>ListItem.property(sync)</visible>
						</control>
						<control type="label">
							<left>308</left>
							<top>12</top>
							<width>840</width>
							<height>45</height>
							<font>ctouch20</font>
							<label>$INFO[ListItem.Label2]</label>
							<include condition="Skin.HasSetting(text-autoscroll)">scrolltext</include>
						</control>
						<control type="image">
							<left>1155</left>
							<top>22</top>
							<width>120</width>
							<height>24</height>
							<texture>$INFO[ListItem.ActualIcon,rating,.png]</texture>
						</control>
					</focusedlayout>
				</control>
				<control type="scrollbar" id="23">
					<left>22</left>
					<top>189</top>
					<width>20</width>
					<height>690</height>
					<onright>120</onright>
					<animation condition="!Control.HasFocus(23) + !Container.Scrolling + !String.IsEqual(Skin.String(show-scrollbar),$LOCALIZE[31875])" effect="fade" start="100" end="0" time="200" reversible="true">Conditional</animation>
					<visible>$EXP[isEnabledScrollbar]</visible>
				</control>
				<control type="group" id="130">
					<control type="grouplist">
						<left>60</left>
						<top>885</top>
						<width>908</width>
						<height>69</height>
						<orientation>horizontal</orientation>
						<itemgap>8</itemgap>
						<control type="image">
							<width>45</width>
							<height>45</height>
							<texture>DefaultIconInfo.png</texture>
						</control>
						<control type="label">
							<!-- notification -->
							<width min="15" max="855">auto</width>
							<height>45</height>
							<font>ctouch23</font>
							<label>$LOCALIZE[31657]</label>
						</control>
					</control>
				</control>
			</control>
			<control type="label" id="140">
				<!-- textarea -->
				<left>60</left>
				<top>990</top>
				<width>1800</width>
				<height>60</height>
				<font>ctouch23</font>
				<align>center</align>
				<wrapmultiline>true</wrapmultiline>
			</control>
			<control type="group">
				<control type="list" id="150">
					<left>1386</left>
					<top>195</top>
					<width>507</width>
					<height>690</height>
					<onleft>120</onleft>
					<ondown>160</ondown>
					<viewtype label="535">list</viewtype>
					<itemlayout width="507" height="69">
						<control type="label">
							<left>45</left>
							<top>4</top>
							<width>450</width>
							<height>60</height>
							<font>ctouch23</font>
							<align>center</align>
							<info>ListItem.Label</info>
						</control>
					</itemlayout>
					<focusedlayout width="507" height="69">
						<control type="image">
							<left>0</left>
							<top>0</top>
							<width>507</width>
							<height>69</height>
							<texture border="9" colordiffuse="blue">button-default.png</texture>
							<visible>Control.HasFocus(150)</visible>
						</control>
						<control type="label">
							<left>45</left>
							<top>4</top>
							<width>450</width>
							<height>60</height>
							<font>ctouch23</font>
							<align>center</align>
							<info>ListItem.Label</info>
						</control>
					</focusedlayout>
				</control>
				<control type="button" id="160">
					<!-- Manual search button -->
					<left>1386</left>
					<top>885</top>
					<width>507</width>
					<height>69</height>
					<onleft>120</onleft>
					<onup>150</onup>
					<label>$LOCALIZE[24120]</label>
					<font>ctouch23</font>
					<align>center</align>
				</control>
			</control>
		</control>
	</controls>
</window>