<?xml version="1.0" encoding="utf-8"?>
<window>
	<defaultcontrol always="true">570</defaultcontrol>
	<menucontrol>9000</menucontrol>
	<views>570</views>
	<onload>ClearProperty(ShowScreenSettings,home)</onload>
	<onunload>ClearProperty(ShowScreenSettings,home)</onunload>
	<menucontrol>9000</menucontrol>
	<controls>
		<include>background</include>
		<control type="grouplist">
			<left>60</left>
			<top>75</top>
			<width>auto</width>
			<height>108</height>
			<align>left</align>
			<aligny>center</aligny>
			<orientation>horizontal</orientation>
			<control type="label">
				<!-- Video screen heading -->
				<width max="384">auto</width>
				<height>108</height>
				<label>$LOCALIZE[14111]</label>
				<font>ctouch30</font>
				<wrapmultiline>true</wrapmultiline>
				<aligny>top</aligny>
			</control>
			<control type="label">
				<!-- Number of files -->
				<width max="120">auto</width>
				<height>108</height>
				<label>$INFO[Container]</label>
				<aligny>top</aligny>
			</control>
		</control>
		<control type="group">
			<control type="list" id="570">
				<left>60</left>
				<top>135</top>
				<width>1800</width>
				<height>798</height>
				<onleft>9000</onleft>
				<onright>1270</onright>
				<onup>Control.SetFocus(80001,$INFO[Container(570).Position])</onup>
				<ondown>570</ondown>
				<viewtype label="31941">list</viewtype>
				<pagecontrol>1270</pagecontrol>
				<scrolltime>200</scrolltime>
				<itemlayout width="1800" height="114">
					<control type="image">
						<left>9</left>
						<top>9</top>
						<width>96</width>
						<height>96</height>
						<texture>$INFO[ListItem.Icon]</texture>
					</control>
					<control type="label">
						<left>120</left>
						<top>6</top>
						<width>1665</width>
						<height>45</height>
						<font>ctouch22</font>
						<selectedcolor>listselected-text</selectedcolor>
						<aligny>center</aligny>
						<label>$INFO[ListItem.Label]</label>
					</control>
					<control type="label">
						<left>120</left>
						<top>6</top>
						<width>1665</width>
						<height>45</height>
						<font>ctouch22</font>
						<textcolor>disabled-text</textcolor>
						<selectedcolor>listselected-text</selectedcolor>
						<align>right</align>
						<aligny>center</aligny>
						<label>$INFO[ListItem.Label2]</label>
					</control>
					<control type="textbox">
						<left>120</left>
						<top>45</top>
						<width>1665</width>
						<height>54</height>
						<font>ctouch23</font>
						<selectedcolor>listselected-text</selectedcolor>
						<align>right</align>
						<aligny>center</aligny>
						<label>$INFO[ListItem.Property(Event.Description)]</label>
					</control>
				</itemlayout>
				<focusedlayout width="1800" height="114">
					<control type="image">
						<left>0</left>
						<top>0</top>
						<width>1800</width>
						<height>114</height>
						<texture border="9" colordiffuse="blue">button-default.png</texture>
						<visible>Control.HasFocus(570)</visible>
					</control>
					<control type="image">
						<left>9</left>
						<top>9</top>
						<width>96</width>
						<height>96</height>
						<texture>$INFO[ListItem.Icon]</texture>
					</control>
					<control type="label">
						<left>120</left>
						<top>6</top>
						<width>1665</width>
						<height>45</height>
						<font>ctouch22</font>
						<aligny>center</aligny>
						<label>$INFO[ListItem.Label]</label>
					</control>
					<control type="label">
						<left>120</left>
						<top>6</top>
						<width>1665</width>
						<height>45</height>
						<font>ctouch22</font>
						<textcolor>disabled-text</textcolor>
						<align>right</align>
						<aligny>center</aligny>
						<label>$INFO[ListItem.Label2]</label>
					</control>
					<control type="textbox">
						<left>120</left>
						<top>45</top>
						<width>1665</width>
						<height>54</height>
						<font>ctouch23</font>
						<selectedcolor>listselected-text</selectedcolor>
						<align>right</align>
						<aligny>center</aligny>
						<label>$INFO[ListItem.Property(Event.Description)]</label>
					</control>
				</focusedlayout>
			</control>
		</control>
		<control type="scrollbar" id="1270">
			<left>1884</left>
			<top>126</top>
			<width>18</width>
			<height>810</height>
			<onleft>570</onleft>
			<animation condition="!Control.HasFocus(1270) + !Container.Scrolling + !String.IsEqual(Skin.String(show-scrollbar),$LOCALIZE[31875])" effect="fade" start="100" end="0" time="200" reversible="true">Conditional</animation>
			<visible>$EXP[isEnabledScrollbar]</visible>
		</control>
		<include>touch-controlsl</include>
		<include>touch-controls</include>
		<include>hora</include>		
		<control type="group">
			<!-- Screen Settings Menu -->
			<left>0</left>
			<top>1080</top>
			<include>screen-settings</include>
			<include>fadebackground</include>
			<control type="image">
				<!-- Button background -->
				<left>642</left>
				<top>219</top>
				<width>600</width>
				<height>495</height>
				<texture border="14">button-menu-background.png</texture>
			</control>
			<control type="label">
				<!-- Dialog heading -->
				<left>657</left>
				<top>234</top>
				<width>570</width>
				<height>51</height>
				<font>ctouch23</font>
				<label>$LOCALIZE[31557]</label>
				<align>center</align>
			</control>
			<control type="button">
				<!-- Touch Close button -->
				<left>1206</left>
				<top>207</top>
				<width>64</width>
				<height>64</height>
				<texturefocus>touch-close.png</texturefocus>
				<texturenofocus>touch-close.png</texturenofocus>
				<onclick condition="!String.IsEqual(Window(home).Property(ShowScreenSettings),show)">SetProperty(ShowScreenSettings,show,home)</onclick>
				<onclick condition="String.IsEqual(Window(home).Property(ShowScreenSettings),show)">ClearProperty(ShowScreenSettings,home)</onclick>
			</control>
			<control type="image">
				<left>657</left>
				<top>288</top>
				<width>570</width>
				<height>6</height>
				<texture>separator.png</texture>
			</control>
			<control type="grouplist" id="9000">
				<defaultcontrol>999</defaultcontrol>
				<left>657</left>
				<top>303</top>
				<width>570</width>
				<height>390</height>
				<onright>ClearProperty(ShowScreenSettings,home)</onright>
				<onright>570</onright>
				<onleft>ClearProperty(ShowScreenSettings,home)</onleft>
				<onleft>570</onleft>
				<control type="button" id="999">
					<!-- Sort by button -->
					<width>570</width>
					<height>72</height>
					<font>ctouch22</font>
					<label>$LOCALIZE[103]</label>
				</control>
				<control type="togglebutton" id="4">
					<!-- Sort direction button -->
					<width>570</width>
					<height>72</height>
					<label>$LOCALIZE[21429]: $LOCALIZE[21430]</label>
					<altlabel>$LOCALIZE[21429]: $LOCALIZE[21431]</altlabel>
					<font>ctouch22</font>
				</control>
				<control type="button" id="21">
					<!-- Level button -->
					<width>570</width>
					<height>72</height>
					<font>ctouch22</font>
				</control>
				<control type="button" id="22">
					<!-- Show only current level -->
					<width>570</width>
					<height>72</height>
					<font>ctouch22</font>
				</control>
				<control type="button" id="20">
					<!-- Clear button -->
					<width>570</width>
					<height>72</height>
					<font>ctouch22</font>
					<label>$LOCALIZE[192]</label>
				</control>
			</control>
		</control>
		<!-- Show a iOS style page indicator to show which focus group has the current focus -->
		<!-- Focus group can be hidden or shown but is potentially focusable, that is it has not be disabled -->
		<control type="group">
			<include content="page-indicator">
				<param name="indicatorleft" value="864" />
				<param name="indicatortop" value="0" />
				<param name="indicatorwidth" value="192" />
				<param name="indicatorheight" value="48" />
				<param name="indicatororientation" value="horizontal" />
				<param name="grp1indicate" value="[ControlGroup(9000).HasFocus()|String.IsEqual(Window(home).Property(ShowScreenSettings),show)]" />
				<param name="grp1visible" value="[!Skin.HasSetting(lock-screensettings)]" />
				<param name="grp2indicate" value="Control.HasFocus(570)" />
				<param name="grp2visible" value="Control.IsVisible(570)+[!Skin.HasSetting(lock-screensettings)|!String.IsEqual(Skin.String(show-scrollbar),$LOCALIZE[31877])]" />
				<param name="grp3indicate" value="Control.HasFocus(1270)" />
				<param name="grp3visible" value="[!String.IsEqual(Skin.String(show-scrollbar),$LOCALIZE[31877])]" />
			</include>
		</control>
	</controls>
</window>