<?xml version="1.0" encoding="utf-8"?>
<includes>
	<include name="CustomHomeMenu">
		<include>background</include>
		<control type="panel" id="89993">		
			<include>touch-controls</include>
			<include>touch-controlsl</include>			
			<include>hora</include>
		</control>	
		<!-- Markers for excess menu items -->
		<include content="page-offscreen-vertical">
			<param name="indicator1left" value="945"/>
			<param name="indicator1top" value="105"/>
			<param name="indicator2left" value="945"/>
			<param name="indicator2top" value="1040"/>
			<param name="indicatorsize" value="32"/>
			<param name="indicatorcontainer" value="9000"/>
		</include>		
		<control type="panel" id="9000">
			<!-- Home menu icon panel -->
			<top>130</top>
			<left>15</left>
			<width>1920</width>
			<height>985</height>
			<onup>Control.SetFocus(80008,$INFO[Container(9000).Position])</onup>
			<itemlayout height="235" width="378">
				<control type="image">
					<left>39</left>
					<top>15</top>
					<width>310</width>
					<height>174</height>
					<aspectratio>scale</aspectratio>
					<texture diffuse="homeiconmask1.png">$INFO[ListItem.Art(thumb)]</texture>
				</control>
				<include content="listitem-count">
					<param name="left" value="275" />
					<param name="top" value="145" />
					<param name="count" value="ListItem.Property(count)" />
					<param name="size" value="75" />
				</include>
				<!--<include content="listitem-weather">
					<param name="left" value="0" />
					<param name="top" value="0" />
					<param name="size" value="100" />
					<param name="currently" value="ListItem.Property(currenttemp)" />
					<param name="visible" value="String.IsEqual(ListItem.Label2,$LOCALIZE[8])" />
				</include>-->
			</itemlayout>
			<focusedlayout height="230" width="378">
				<control type="image">
					<left>10</left>
					<top>0</top>
					<width>370</width>
					<height>208</height>
					<aspectratio>scale</aspectratio>
					<texture diffuse="homeiconmask1.png">$INFO[ListItem.Art(thumb)]</texture>	
					<bordertexture border="3">homeiconliteorange.png</bordertexture>
					<bordersize>3</bordersize>										
				</control>
				<include content="listitem-count">
					<param name="left" value="350" />
					<param name="top" value="170" />
					<param name="count" value="ListItem.Property(count)" />
					<param name="size" value="85" />
				</include>
				<!--<include content="listitem-weather">
					<param name="left" value="0" />
					<param name="top" value="0" />
					<param name="size" value="118" />
					<param name="currently" value="ListItem.Property(currenttemp)" />
					<param name="visible" value="String.IsEqual(ListItem.Label2,$LOCALIZE[8])" />
				</include>-->
			</focusedlayout>
			<content>
				<item>
					<thumb>special://skin/extras/homeicons/coleccion.png</thumb>
					<label2>Colección</label2>
					<onclick>ActivateWindow(videos,videodb://tvshows/titles,return)</onclick>
					<visible>!Skin.HasSetting(coleccion-v) + Library.HasContent(tvshows)</visible>
				</item>	
				<item>
					<thumb>special://skin/extras/homeicons/liptv.png</thumb>
					<label2>IPTV</label2>
					<onclick>ActivateWindow(TVChannels)</onclick>
					<visible>!Skin.HasSetting(iptv-v) + System.HasPVRAddon</visible>
				</item>	
				<item>
					<thumb>$INFO[Skin.String(CustomMovies.1.Icon)]</thumb>
					<label>$INFO[Skin.String(CustomMovies.1.Label)]</label>
					<label2>$LOCALIZE[571]</label2>
					<onclick>$INFO[Skin.String(CustomMovies.1.Path)]</onclick>
					<visible>!String.IsEmpty(Skin.String(CustomMovies.1.Path))</visible>
				</item>
				<item>
					<thumb>$INFO[Skin.String(CustomMovies.2.Icon)]</thumb>
					<label>$INFO[Skin.String(CustomMovies.2.Label)]</label>
					<label2>$LOCALIZE[571]</label2>
					<onclick>$INFO[Skin.String(CustomMovies.2.Path)]</onclick>
					<visible>!String.IsEmpty(Skin.String(CustomMovies.2.Path))</visible>
				</item>
				<item>
					<thumb>$INFO[Skin.String(CustomMovies.3.Icon)]</thumb>
					<label>$INFO[Skin.String(CustomMovies.3.Label)]</label>
					<label2>$LOCALIZE[571]</label2>
					<onclick>$INFO[Skin.String(CustomMovies.3.Path)]</onclick>
					<visible>!String.IsEmpty(Skin.String(CustomMovies.3.Path))</visible>
				</item>
				<item>
					<thumb>$INFO[Skin.String(CustomMovies.4.Icon)]</thumb>
					<label>$INFO[Skin.String(CustomMovies.4.Label)]</label>
					<label2>$LOCALIZE[571]</label2>
					<onclick>$INFO[Skin.String(CustomMovies.4.Path)]</onclick>
					<visible>!String.IsEmpty(Skin.String(CustomMovies.4.Path))</visible>
				</item>
				<item>
					<thumb>$INFO[Skin.String(CustomMovies.5.Icon)]</thumb>
					<label>$INFO[Skin.String(CustomMovies.5.Label)]</label>
					<label2>$LOCALIZE[571]</label2>
					<onclick>$INFO[Skin.String(CustomMovies.5.Path)]</onclick>
					<visible>!String.IsEmpty(Skin.String(CustomMovies.5.Path))</visible>
				</item>
				<item>
					<thumb>$INFO[Skin.String(CustomTVShow.1.Icon)]</thumb>
					<label>$INFO[Skin.String(CustomTVShow.1.Label)]</label>
					<label2>$LOCALIZE[571]</label2>
					<onclick>$INFO[Skin.String(CustomTVShow.1.Path)]</onclick>
					<visible>!String.IsEmpty(Skin.String(CustomTVShow.1.Path))</visible>
				</item>
				<item>
					<thumb>$INFO[Skin.String(CustomTVShow.2.Icon)]</thumb>
					<label>$INFO[Skin.String(CustomTVShow.2.Label)]</label>
					<label2>$LOCALIZE[571]</label2>
					<onclick>$INFO[Skin.String(CustomTVShow.2.Path)]</onclick>
					<visible>!String.IsEmpty(Skin.String(CustomTVShow.2.Path))</visible>
				</item>
				<item>
					<thumb>$INFO[Skin.String(CustomTVShow.3.Icon)]</thumb>
					<label>$INFO[Skin.String(CustomTVShow.3.Label)]</label>
					<label2>$LOCALIZE[571]</label2>
					<onclick>$INFO[Skin.String(CustomTVShow.3.Path)]</onclick>
					<visible>!String.IsEmpty(Skin.String(CustomTVShow.3.Path))</visible>
				</item>
				<item>
					<thumb>$INFO[Skin.String(CustomTVShow.4.Icon)]</thumb>
					<label>$INFO[Skin.String(CustomTVShow.4.Label)]</label>
					<label2>$LOCALIZE[571]</label2>
					<onclick>$INFO[Skin.String(CustomTVShow.4.Path)]</onclick>
					<visible>!String.IsEmpty(Skin.String(CustomTVShow.4.Path))</visible>
				</item>
				<item>
					<thumb>$INFO[Skin.String(CustomTVShow.5.Icon)]</thumb>
					<label>$INFO[Skin.String(CustomTVShow.5.Label)]</label>
					<label2>$LOCALIZE[571]</label2>
					<onclick>$INFO[Skin.String(CustomTVShow.5.Path)]</onclick>
					<visible>!String.IsEmpty(Skin.String(CustomTVShow.5.Path))</visible>
				</item>
				<item>
					<thumb>$INFO[Skin.String(CustomTV.1.Icon)]</thumb>
					<label>$INFO[Skin.String(CustomTV.1.Label)]</label>
					<label2>$LOCALIZE[571]</label2>
					<onclick>$INFO[Skin.String(CustomTV.1.Path)]</onclick>
					<visible>!String.IsEmpty(Skin.String(CustomTV.1.Path))</visible>
				</item>
				<item>
					<thumb>$INFO[Skin.String(CustomTV.2.Icon)]</thumb>
					<label>$INFO[Skin.String(CustomTV.2.Label)]</label>
					<label2>$LOCALIZE[571]</label2>
					<onclick>$INFO[Skin.String(CustomTV.2.Path)]</onclick>
					<visible>!String.IsEmpty(Skin.String(CustomTV.2.Path))</visible>
				</item>
				<item>
					<thumb>$INFO[Skin.String(CustomTV.3.Icon)]</thumb>
					<label>$INFO[Skin.String(CustomTV.3.Label)]</label>
					<label2>$LOCALIZE[571]</label2>
					<onclick>$INFO[Skin.String(CustomTV.3.Path)]</onclick>
					<visible>!String.IsEmpty(Skin.String(CustomTV.3.Path))</visible>
				</item>
				<item>
					<thumb>$INFO[Skin.String(CustomTV.4.Icon)]</thumb>
					<label>$INFO[Skin.String(CustomTV.4.Label)]</label>
					<label2>$LOCALIZE[571]</label2>
					<onclick>$INFO[Skin.String(CustomTV.4.Path)]</onclick>
					<visible>!String.IsEmpty(Skin.String(CustomTV.4.Path))</visible>
				</item>
				<item>
					<thumb>$INFO[Skin.String(CustomTV.5.Icon)]</thumb>
					<label>$INFO[Skin.String(CustomTV.5.Label)]</label>
					<label2>$LOCALIZE[571]</label2>
					<onclick>$INFO[Skin.String(CustomTV.5.Path)]</onclick>
					<visible>!String.IsEmpty(Skin.String(CustomTV.5.Path))</visible>
				</item>
				<item>
					<thumb>$INFO[Skin.String(CustomRadio.1.Icon)]</thumb>
					<label>$INFO[Skin.String(CustomRadio.1.Label)]</label>
					<label2>$LOCALIZE[571]</label2>
					<onclick>$INFO[Skin.String(CustomRadio.1.Path)]</onclick>
					<visible>!String.IsEmpty(Skin.String(CustomRadio.1.Path))</visible>
				</item>
				<item>
					<thumb>$INFO[Skin.String(CustomRadio.2.Icon)]</thumb>
					<label>$INFO[Skin.String(CustomRadio.2.Label)]</label>
					<label2>$LOCALIZE[571]</label2>
					<onclick>$INFO[Skin.String(CustomRadio.2.Path)]</onclick>
					<visible>!String.IsEmpty(Skin.String(CustomRadio.2.Path))</visible>
				</item>
				<item>
					<thumb>$INFO[Skin.String(CustomRadio.3.Icon)]</thumb>
					<label>$INFO[Skin.String(CustomRadio.3.Label)]</label>
					<label2>$LOCALIZE[571]</label2>
					<onclick>$INFO[Skin.String(CustomRadio.3.Path)]</onclick>
					<visible>!String.IsEmpty(Skin.String(CustomRadio.3.Path))</visible>
				</item>
				<item>
					<thumb>$INFO[Skin.String(CustomRadio.4.Icon)]</thumb>
					<label>$INFO[Skin.String(CustomRadio.4.Label)]</label>
					<label2>$LOCALIZE[571]</label2>
					<onclick>$INFO[Skin.String(CustomRadio.4.Path)]</onclick>
					<visible>!String.IsEmpty(Skin.String(CustomRadio.4.Path))</visible>
				</item>
				<item>
					<thumb>$INFO[Skin.String(CustomRadio.5.Icon)]</thumb>
					<label>$INFO[Skin.String(CustomRadio.5.Label)]</label>
					<label2>$LOCALIZE[571]</label2>
					<onclick>$INFO[Skin.String(CustomRadio.5.Path)]</onclick>
					<visible>!String.IsEmpty(Skin.String(CustomRadio.5.Path))</visible>
				</item>
				<item>
					<thumb>$INFO[Skin.String(CustomFav.1.Icon)]</thumb>
					<label>$INFO[Skin.String(CustomFav.1.Label)]</label>
					<label2>$LOCALIZE[571]</label2>
					<onclick>$INFO[Skin.String(CustomFav.1.Path)]</onclick>
					<visible>!String.IsEmpty(Skin.String(CustomFav.1.Path))</visible>
				</item>
				<item>
					<thumb>$INFO[Skin.String(CustomFav.2.Icon)]</thumb>
					<label>$INFO[Skin.String(CustomFav.2.Label)]</label>
					<label2>$LOCALIZE[571]</label2>
					<onclick>$INFO[Skin.String(CustomFav.2.Path)]</onclick>
					<visible>!String.IsEmpty(Skin.String(CustomFav.2.Path))</visible>
				</item>
				<item>
					<thumb>$INFO[Skin.String(CustomFav.3.Icon)]</thumb>
					<label>$INFO[Skin.String(CustomFav.3.Label)]</label>
					<label2>$LOCALIZE[571]</label2>
					<onclick>$INFO[Skin.String(CustomFav.3.Path)]</onclick>
					<visible>!String.IsEmpty(Skin.String(CustomFav.3.Path))</visible>
				</item>
				<item>
					<thumb>$INFO[Skin.String(CustomFav.4.Icon)]</thumb>
					<label>$INFO[Skin.String(CustomFav.4.Label)]</label>
					<label2>$LOCALIZE[571]</label2>
					<onclick>$INFO[Skin.String(CustomFav.4.Path)]</onclick>
					<visible>!String.IsEmpty(Skin.String(CustomFav.4.Path))</visible>
				</item>
				<item>
					<thumb>$INFO[Skin.String(CustomFav.5.Icon)]</thumb>
					<label>$INFO[Skin.String(CustomFav.5.Label)]</label>
					<label2>$LOCALIZE[571]</label2>
					<onclick>$INFO[Skin.String(CustomFav.5.Path)]</onclick>
					<visible>!String.IsEmpty(Skin.String(CustomFav.5.Path))</visible>
				</item>
				<item>
					<thumb>$INFO[Skin.String(CustomMusic.1.Icon)]</thumb>
					<label>$INFO[Skin.String(CustomMusic.1.Label)]</label>
					<label2>$LOCALIZE[571]</label2>
					<onclick>$INFO[Skin.String(CustomMusic.1.Path)]</onclick>
					<visible>!String.IsEmpty(Skin.String(CustomMusic.1.Path))</visible>
				</item>
				<item>
					<thumb>$INFO[Skin.String(CustomMusic.2.Icon)]</thumb>
					<label>$INFO[Skin.String(CustomMusic.2.Label)]</label>
					<label2>$LOCALIZE[571]</label2>
					<onclick>$INFO[Skin.String(CustomMusic.2.Path)]</onclick>
					<visible>!String.IsEmpty(Skin.String(CustomMusic.2.Path))</visible>
				</item>
				<item>
					<thumb>$INFO[Skin.String(CustomMusic.3.Icon)]</thumb>
					<label>$INFO[Skin.String(CustomMusic.3.Label)]</label>
					<label2>$LOCALIZE[571]</label2>
					<onclick>$INFO[Skin.String(CustomMusic.3.Path)]</onclick>
					<visible>!String.IsEmpty(Skin.String(CustomMusic.3.Path))</visible>
				</item>
				<item>
					<thumb>$INFO[Skin.String(CustomMusic.4.Icon)]</thumb>
					<label>$INFO[Skin.String(CustomMusic.4.Label)]</label>
					<label2>$LOCALIZE[571]</label2>
					<onclick>$INFO[Skin.String(CustomMusic.4.Path)]</onclick>
					<visible>!String.IsEmpty(Skin.String(CustomMusic.4.Path))</visible>
				</item>
				<item>
					<thumb>$INFO[Skin.String(CustomMusic.5.Icon)]</thumb>
					<label>$INFO[Skin.String(CustomMusic.5.Label)]</label>
					<label2>$LOCALIZE[571]</label2>
					<onclick>$INFO[Skin.String(CustomMusic.5.Path)]</onclick>
					<visible>!String.IsEmpty(Skin.String(CustomMusic.5.Path))</visible>
				</item>
				<item>
					<thumb>$INFO[Skin.String(CustomAddon.1.Icon)]</thumb>
					<label>$INFO[Skin.String(CustomAddon.1.Label)]</label>
					<label2>$LOCALIZE[571]</label2>
					<onclick>$INFO[Skin.String(CustomAddon.1.Path)]</onclick>
					<visible>!String.IsEmpty(Skin.String(CustomAddon.1.Path))</visible>
				</item>
				<item>
					<thumb>$INFO[Skin.String(CustomAddon.2.Icon)]</thumb>
					<label>$INFO[Skin.String(CustomAddon.2.Label)]</label>
					<label2>$LOCALIZE[571]</label2>
					<onclick>$INFO[Skin.String(CustomAddon.2.Path)]</onclick>
					<visible>!String.IsEmpty(Skin.String(CustomAddon.2.Path))</visible>
				</item>
				<item>
					<thumb>$INFO[Skin.String(CustomAddon.3.Icon)]</thumb>
					<label>$INFO[Skin.String(CustomAddon.3.Label)]</label>
					<label2>$LOCALIZE[571]</label2>
					<onclick>$INFO[Skin.String(CustomAddon.3.Path)]</onclick>
					<visible>!String.IsEmpty(Skin.String(CustomAddon.3.Path))</visible>
				</item>
				<item>
					<thumb>$INFO[Skin.String(CustomAddon.4.Icon)]</thumb>
					<label>$INFO[Skin.String(CustomAddon.4.Label)]</label>
					<label2>$LOCALIZE[571]</label2>
					<onclick>$INFO[Skin.String(CustomAddon.4.Path)]</onclick>
					<visible>!String.IsEmpty(Skin.String(CustomAddon.4.Path))</visible>
				</item>
				<item>
					<thumb>$INFO[Skin.String(CustomAddon.5.Icon)]</thumb>
					<label>$INFO[Skin.String(CustomAddon.5.Label)]</label>
					<label2>$LOCALIZE[571]</label2>
					<onclick>$INFO[Skin.String(CustomAddon.5.Path)]</onclick>
					<visible>!String.IsEmpty(Skin.String(CustomAddon.5.Path))</visible>
				</item>
				<item>
					<thumb>$INFO[Skin.String(CustomGame.1.Icon)]</thumb>
					<label>$INFO[Skin.String(CustomGame.1.Label)]</label>
					<label2>$LOCALIZE[571]</label2>
					<onclick>$INFO[Skin.String(CustomGame.1.Path)]</onclick>
					<visible>!String.IsEmpty(Skin.String(CustomGame.1.Path))</visible>
				</item>
				<item>
					<thumb>$INFO[Skin.String(CustomGame.2.Icon)]</thumb>
					<label>$INFO[Skin.String(CustomGame.2.Label)]</label>
					<label2>$LOCALIZE[571]</label2>
					<onclick>$INFO[Skin.String(CustomGame.2.Path)]</onclick>
					<visible>!String.IsEmpty(Skin.String(CustomGame.2.Path))</visible>
				</item>
				<item>
					<thumb>$INFO[Skin.String(CustomGame.3.Icon)]</thumb>
					<label>$INFO[Skin.String(CustomGame.3.Label)]</label>
					<label2>$LOCALIZE[571]</label2>
					<onclick>$INFO[Skin.String(CustomGame.3.Path)]</onclick>
					<visible>!String.IsEmpty(Skin.String(CustomGame.3.Path))</visible>
				</item>
				<item>
					<thumb>$INFO[Skin.String(CustomGame.4.Icon)]</thumb>
					<label>$INFO[Skin.String(CustomGame.4.Label)]</label>
					<label2>$LOCALIZE[571]</label2>
					<onclick>$INFO[Skin.String(CustomGame.4.Path)]</onclick>
					<visible>!String.IsEmpty(Skin.String(CustomGame.4.Path))</visible>
				</item>
				<item>
					<thumb>$INFO[Skin.String(CustomGame.5.Icon)]</thumb>
					<label>$INFO[Skin.String(CustomGame.5.Label)]</label>
					<label2>$LOCALIZE[571]</label2>
					<onclick>$INFO[Skin.String(CustomGame.5.Path)]</onclick>
					<visible>!String.IsEmpty(Skin.String(CustomGame.5.Path))</visible>
				</item>				
			</content>
		</control>
	</include>
	
</includes>