<?xml version="1.0" encoding="utf-8"?>
<window>
	<defaultcontrol always="true">999</defaultcontrol>
	<controls>
		<include>background</include>
		<include>fake-overlay</include>
		<control type="group" id="999">
			<control type="button" id="981">
				<!-- Inicio -->
				<right>20</right>
				<top>165</top>
				<width>400</width>
				<height>75</height>
				<font>ctouch22</font>
				<label>Tipo de Inicio</label>
				<onfocus>Skin.SetString(skinsettingmenu,inicio)</onfocus>
				<onup>80008</onup>
				<ondown>982</ondown>
				<align>right</align>
				<onleft>300</onleft>
			</control>			
			<control type="button" id="982">
				<!-- Items Inicio -->
				<right>20</right>
				<top>250</top>
				<width>400</width>
				<height>75</height>
				<font>ctouch22</font>
				<label>Items Inicio</label>
				<onfocus>Skin.SetString(skinsettingmenu,custom)</onfocus>
				<onclick>ActivateWindow(1152,,return)</onclick>
				<onup>981</onup>
				<ondown>983</ondown>
				<align>right</align>
				<onleft>400</onleft>
			</control>			
			<control type="button" id="983">
				<!-- Fondo -->
				<right>20</right>
				<top>335</top>
				<width>400</width>
				<height>75</height>
				<font>ctouch22</font>
				<label>Fondo</label>
				<onfocus>Skin.SetString(skinsettingmenu,background)</onfocus>
				<onup>982</onup>
				<ondown>985</ondown>
				<align>right</align>
				<onleft>500</onleft>
			</control>
			<control type="button" id="985">
				<!-- Support Settings Menu -->
				<right>20</right>
				<top>420</top>
				<width>400</width>
				<height>75</height>
				<font>ctouch22</font>
				<label>Copia de Ajustes</label>
				<onfocus>Skin.SetString(skinsettingmenu,support)</onfocus>
				<onup>983</onup>
				<ondown>986</ondown>
				<align>right</align>
				<onleft>800</onleft>
			</control>
			<control type="button" id="986">
				<!-- addons -->
				<right>20</right>
				<top>505</top>
				<width>400</width>
				<height>75</height>
				<font>ctouch22</font>
				<label>Addons</label>
				<onfocus>Skin.SetString(skinsettingmenu,addons)</onfocus>
				<onup>985</onup>
				<ondown>987</ondown>
				<align>right</align>
				<onleft>600</onleft>
			</control>
			<control type="button" id="987">
				<!-- Help -->
				<right>20</right>
				<top>590</top>
				<width>400</width>
				<height>75</height>
				<font>ctouch22</font>
				<label>Ayuda</label>
				<onfocus>Skin.SetString(skinsettingmenu,help)</onfocus>
				<onup>986</onup>
				<ondown>988</ondown>
				<align>right</align>
				<onleft>700</onleft>
			</control>
			<control type="button" id="988">
				<right>20</right>
				<top>900</top>
				<width>400</width>
				<height>75</height>
				<font>ctouch22</font>
				<label>Aplicar Cambios</label>
				<onclick>ReloadSkin()</onclick>
				<onup>987</onup>
				<ondown>981</ondown>
				<align>right</align>
				<onleft>800</onleft>
			</control>			
		</control>
		<control type="scrollbar" id="1223">
			<left>20</left>
			<top>168</top>
			<width>18</width>
			<height>770</height>
			<onright>998</onright>
			<animation condition="!Control.HasFocus(1223) + !Container.Scrolling + !String.IsEqual(Skin.String(show-scrollbar),$LOCALIZE[31875])" effect="fade" start="100" end="0" time="200" reversible="true">Conditional</animation>
			<visible>!Skin.String(skinsettingmenu,custom)</visible>
		</control>
		<control type="group" id="998">
			<control type="group" id="400">
				<!-- Home Menu Settings -->				
				<visible>Skin.String(skinsettingmenu,custom)</visible>
				<control type="image">
					<!-- Background Settings Button Image -->
					<right>20</right>
					<top>250</top>
					<width>400</width>
					<height>75</height>
					<texture border="9" colordiffuse="blue">button-default.png</texture>
					<include>settingbutton-fade</include>
					<visible>!ControlGroup(999).HasFocus()</visible>
				</control>			
				<control type="panel" id="9021">
					<!-- Home menu icon panel -->
					<animation condition="true" effect="zoom" start="100" end="80" center="auto">Conditional</animation>
					<width>1890</width>
					<height>1050</height>
					<top>25</top>
					<left>-125</left>
					<onleft>982</onleft>
					<onright>982</onright>
					<onup>8000</onup>
					<ondown>noop</ondown>
					<itemlayout height="220" width="350">
						<control type="image">
							<!-- Icon image -->
							<width>300</width>
							<height>180</height>
							<aspectratio>stretch</aspectratio>
							<texture fallback="special://skin/extras/homeicons/fallback.png">$INFO[ListItem.Art(thumb)]</texture>
							<visible>ListItem.Property(isActive) + !Control.HasFocus(402) + !Control.HasFocus(403)</visible>
							<bordersize>6</bordersize>
						</control>
						<control type="image">
							<!-- Icon image -->
							<width>300</width>
							<height>180</height>
							<aspectratio>stretch</aspectratio>
							<texture fallback="special://skin/extras/homeicons/fallback.png">$INFO[ListItem.Art(thumb)]</texture>
							<animation effect="fade" start="100" end="35" condition="!ListItem.Property(isActive) | Control.HasFocus(402) | Control.HasFocus(403)">Conditional</animation>
							<visible>!ListItem.Property(isActive) | Control.HasFocus(402) | Control.HasFocus(403)</visible>
							<bordersize>6</bordersize>
						</control>						
					</itemlayout>
					<focusedlayout height="220" width="350">
						<control type="group">
							<control type="image">
								<!-- Focused non settings icon image -->
								<top>0</top>
								<width>300</width>
								<height>180</height>
								<aspectratio>stretch</aspectratio>
								<bordertexture border="3">homeiconliteorange.png</bordertexture>
								<texture fallback="special://skin/extras/homeicons/fallback.png">$INFO[ListItem.Art(thumb)]</texture>
								<animation effect="fade" start="100" end="35" condition="!ListItem.Property(isActive) | Control.HasFocus(402) | Control.HasFocus(403)">Conditional</animation>
								<bordersize>6</bordersize>
							</control>
							<control type="label">
								<left>0</left>
								<top>180</top>
								<width>300</width>
								<height>33</height>
								<align>center</align>
								<label fallback="Agregar Favorito">$INFO[ListItem.Label]</label>
								<font>ctouch18</font>
								<animation effect="fade" start="100" end="35" condition="!ListItem.Property(isActive) | Control.HasFocus(402)">Conditional</animation>
							</control>
						</control>
					</focusedlayout>
					<content>
						<include content="listpanelitems">
							<param name="itemthumb" value="special://skin/extras/homeicons/coleccion.png" />
							<param name="itemlabel" value="Colección" />
							<param name="itemcondition" value="!Skin.HasSetting(coleccion-v) + Library.HasContent(tvshows) + Skin.HasSetting(homemenu-custom)" />
							<param name="itemmenuid" value="9021" />
							<param name="itemtoggle" value="coleccion-v" />
						</include>
						<include content="listpanelitems">
							<param name="itemthumb" value="special://skin/extras/homeicons/liptv.png" />
							<param name="itemlabel" value="IPTV" />
							<param name="itemcondition" value="!Skin.HasSetting(iptv-v) + System.HasPVRAddon + Skin.HasSetting(homemenu-custom)" />
							<param name="itemmenuid" value="9021" />
							<param name="itemtoggle" value="iptv-v" />
						</include>
						<include content="listpanelitems">
							<param name="itemcustombase" value="CustomMovies.1" />
							<param name="itemthumb" value="$INFO[Skin.String(CustomMovies.1.Icon)]" />
							<param name="itemlabel" value="$INFO[Skin.String(CustomMovies.1.Label)]" />
							<param name="itemcondition" value="!String.IsEmpty(Skin.String(CustomMovies.1.Path))" />
							<param name="itemmenuid" value="9021" />
						</include>
						<include content="listpanelitems">
							<param name="itemcustombase" value="CustomMovies.2" />
							<param name="itemthumb" value="$INFO[Skin.String(CustomMovies.2.Icon)]" />
							<param name="itemlabel" value="$INFO[Skin.String(CustomMovies.2.Label)]" />
							<param name="itemcondition" value="!String.IsEmpty(Skin.String(CustomMovies.2.Path))" />
							<param name="itemmenuid" value="9021" />
						</include>
						<include content="listpanelitems">
							<param name="itemcustombase" value="CustomMovies.3" />
							<param name="itemthumb" value="$INFO[Skin.String(CustomMovies.3.Icon)]" />
							<param name="itemlabel" value="$INFO[Skin.String(CustomMovies.3.Label)]" />
							<param name="itemcondition" value="!String.IsEmpty(Skin.String(CustomMovies.3.Path))" />
							<param name="itemmenuid" value="9021" />
						</include>
						<include content="listpanelitems">
							<param name="itemcustombase" value="CustomMovies.4" />
							<param name="itemthumb" value="$INFO[Skin.String(CustomMovies.4.Icon)]" />
							<param name="itemlabel" value="$INFO[Skin.String(CustomMovies.4.Label)]" />
							<param name="itemcondition" value="!String.IsEmpty(Skin.String(CustomMovies.4.Path))" />
							<param name="itemmenuid" value="9021" />
						</include>
						<include content="listpanelitems">
							<param name="itemcustombase" value="CustomMovies.5" />
							<param name="itemthumb" value="$INFO[Skin.String(CustomMovies.5.Icon)]" />
							<param name="itemlabel" value="$INFO[Skin.String(CustomMovies.5.Label)]" />
							<param name="itemcondition" value="!String.IsEmpty(Skin.String(CustomMovies.5.Path))" />
							<param name="itemmenuid" value="9021" />
						</include>
						<include content="listpanelitems">
							<param name="itemcustombase" value="CustomTVShow.1" />
							<param name="itemthumb" value="$INFO[Skin.String(CustomTVShow.1.Icon)]" />
							<param name="itemlabel" value="$INFO[Skin.String(CustomTVShow.1.Label)]" />
							<param name="itemcondition" value="!String.IsEmpty(Skin.String(CustomTVShow.1.Path))" />
							<param name="itemmenuid" value="9021" />
						</include>
						<include content="listpanelitems">
							<param name="itemcustombase" value="CustomTVShow.2" />
							<param name="itemthumb" value="$INFO[Skin.String(CustomTVShow.2.Icon)]" />
							<param name="itemlabel" value="$INFO[Skin.String(CustomTVShow.2.Label)]" />
							<param name="itemcondition" value="!String.IsEmpty(Skin.String(CustomTVShow.2.Path))" />
							<param name="itemmenuid" value="9021" />
						</include>
						<include content="listpanelitems">
							<param name="itemcustombase" value="CustomTVShow.3" />
							<param name="itemthumb" value="$INFO[Skin.String(CustomTVShow.3.Icon)]" />
							<param name="itemlabel" value="$INFO[Skin.String(CustomTVShow.3.Label)]" />
							<param name="itemcondition" value="!String.IsEmpty(Skin.String(CustomTVShow.3.Path))" />
							<param name="itemmenuid" value="9021" />
						</include>
						<include content="listpanelitems">
							<param name="itemcustombase" value="CustomTVShow.4" />
							<param name="itemthumb" value="$INFO[Skin.String(CustomTVShow.4.Icon)]" />
							<param name="itemlabel" value="$INFO[Skin.String(CustomTVShow.4.Label)]" />
							<param name="itemcondition" value="!String.IsEmpty(Skin.String(CustomTVShow.4.Path))" />
							<param name="itemmenuid" value="9021" />
						</include>
						<include content="listpanelitems">
							<param name="itemcustombase" value="CustomTVShow.5" />
							<param name="itemthumb" value="$INFO[Skin.String(CustomTVShow.5.Icon)]" />
							<param name="itemlabel" value="$INFO[Skin.String(CustomTVShow.5.Label)]" />
							<param name="itemcondition" value="!String.IsEmpty(Skin.String(CustomTVShow.5.Path))" />
							<param name="itemmenuid" value="9021" />
						</include>
						<include content="listpanelitems">
							<param name="itemcustombase" value="CustomTV.1" />
							<param name="itemthumb" value="$INFO[Skin.String(CustomTV.1.Icon)]" />
							<param name="itemlabel" value="$INFO[Skin.String(CustomTV.1.Label)]" />
							<param name="itemcondition" value="!String.IsEmpty(Skin.String(CustomTV.1.Path))" />
							<param name="itemmenuid" value="9021" />
						</include>
						<include content="listpanelitems">
							<param name="itemcustombase" value="CustomTV.2" />
							<param name="itemthumb" value="$INFO[Skin.String(CustomTV.2.Icon)]" />
							<param name="itemlabel" value="$INFO[Skin.String(CustomTV.2.Label)]" />
							<param name="itemcondition" value="!String.IsEmpty(Skin.String(CustomTV.2.Path))" />
							<param name="itemmenuid" value="9021" />
						</include>
						<include content="listpanelitems">
							<param name="itemcustombase" value="CustomTV.3" />
							<param name="itemthumb" value="$INFO[Skin.String(CustomTV.3.Icon)]" />
							<param name="itemlabel" value="$INFO[Skin.String(CustomTV.3.Label)]" />
							<param name="itemcondition" value="!String.IsEmpty(Skin.String(CustomTV.3.Path))" />
							<param name="itemmenuid" value="9021" />
						</include>
						<include content="listpanelitems">
							<param name="itemcustombase" value="CustomTV.4" />
							<param name="itemthumb" value="$INFO[Skin.String(CustomTV.4.Icon)]" />
							<param name="itemlabel" value="$INFO[Skin.String(CustomTV.4.Label)]" />
							<param name="itemcondition" value="!String.IsEmpty(Skin.String(CustomTV.4.Path))" />
							<param name="itemmenuid" value="9021" />
						</include>
						<include content="listpanelitems">
							<param name="itemcustombase" value="CustomTV.5" />
							<param name="itemthumb" value="$INFO[Skin.String(CustomTV.5.Icon)]" />
							<param name="itemlabel" value="$INFO[Skin.String(CustomTV.5.Label)]" />
							<param name="itemcondition" value="!String.IsEmpty(Skin.String(CustomTV.5.Path))" />
							<param name="itemmenuid" value="9021" />
						</include>
						<include content="listpanelitems">
							<param name="itemcustombase" value="CustomRadio.1" />
							<param name="itemthumb" value="$INFO[Skin.String(CustomRadio.1.Icon)]" />
							<param name="itemlabel" value="$INFO[Skin.String(CustomRadio.1.Label)]" />
							<param name="itemcondition" value="!String.IsEmpty(Skin.String(CustomRadio.1.Path))" />
							<param name="itemmenuid" value="9021" />
						</include>
						<include content="listpanelitems">
							<param name="itemcustombase" value="CustomRadio.2" />
							<param name="itemthumb" value="$INFO[Skin.String(CustomRadio.2.Icon)]" />
							<param name="itemlabel" value="$INFO[Skin.String(CustomRadio.2.Label)]" />
							<param name="itemcondition" value="!String.IsEmpty(Skin.String(CustomRadio.2.Path))" />
							<param name="itemmenuid" value="9021" />
						</include>
						<include content="listpanelitems">
							<param name="itemcustombase" value="CustomRadio.3" />
							<param name="itemthumb" value="$INFO[Skin.String(CustomRadio.3.Icon)]" />
							<param name="itemlabel" value="$INFO[Skin.String(CustomRadio.3.Label)]" />
							<param name="itemcondition" value="!String.IsEmpty(Skin.String(CustomRadio.3.Path))" />
							<param name="itemmenuid" value="9021" />
						</include>
						<include content="listpanelitems">
							<param name="itemcustombase" value="CustomRadio.4" />
							<param name="itemthumb" value="$INFO[Skin.String(CustomRadio.4.Icon)]" />
							<param name="itemlabel" value="$INFO[Skin.String(CustomRadio.4.Label)]" />
							<param name="itemcondition" value="!String.IsEmpty(Skin.String(CustomRadio.4.Path))" />
							<param name="itemmenuid" value="9021" />
						</include>
						<include content="listpanelitems">
							<param name="itemcustombase" value="CustomRadio.5" />
							<param name="itemthumb" value="$INFO[Skin.String(CustomRadio.5.Icon)]" />
							<param name="itemlabel" value="$INFO[Skin.String(CustomRadio.5.Label)]" />
							<param name="itemcondition" value="!String.IsEmpty(Skin.String(CustomRadio.5.Path))" />
							<param name="itemmenuid" value="9021" />
						</include>
						<include content="listpanelitems">
							<param name="itemcustombase" value="CustomFav.1" />
							<param name="itemthumb" value="$INFO[Skin.String(CustomFav.1.Icon)]" />
							<param name="itemlabel" value="$INFO[Skin.String(CustomFav.1.Label)]" />
							<param name="itemcondition" value="!String.IsEmpty(Skin.String(CustomFav.1.Path))" />
							<param name="itemmenuid" value="9021" />
						</include>
						<include content="listpanelitems">
							<param name="itemcustombase" value="CustomFav.2" />
							<param name="itemthumb" value="$INFO[Skin.String(CustomFav.2.Icon)]" />
							<param name="itemlabel" value="$INFO[Skin.String(CustomFav.2.Label)]" />
							<param name="itemcondition" value="!String.IsEmpty(Skin.String(CustomFav.2.Path))" />
							<param name="itemmenuid" value="9021" />
						</include>
						<include content="listpanelitems">
							<param name="itemcustombase" value="CustomFav.3" />
							<param name="itemthumb" value="$INFO[Skin.String(CustomFav.3.Icon)]" />
							<param name="itemlabel" value="$INFO[Skin.String(CustomFav.3.Label)]" />
							<param name="itemcondition" value="!String.IsEmpty(Skin.String(CustomFav.3.Path))" />
							<param name="itemmenuid" value="9021" />
						</include>
						<include content="listpanelitems">
							<param name="itemcustombase" value="CustomFav.4" />
							<param name="itemthumb" value="$INFO[Skin.String(CustomFav.4.Icon)]" />
							<param name="itemlabel" value="$INFO[Skin.String(CustomFav.4.Label)]" />
							<param name="itemcondition" value="!String.IsEmpty(Skin.String(CustomFav.4.Path))" />
							<param name="itemmenuid" value="9021" />
						</include>
						<include content="listpanelitems">
							<param name="itemcustombase" value="CustomFav.5" />
							<param name="itemthumb" value="$INFO[Skin.String(CustomFav.5.Icon)]" />
							<param name="itemlabel" value="$INFO[Skin.String(CustomFav.5.Label)]" />
							<param name="itemcondition" value="!String.IsEmpty(Skin.String(CustomFav.5.Path))" />
							<param name="itemmenuid" value="9021" />
						</include>
						<include content="listpanelitems">
							<param name="itemcustombase" value="CustomMusic.1" />
							<param name="itemthumb" value="$INFO[Skin.String(CustomMusic.1.Icon)]" />
							<param name="itemlabel" value="$INFO[Skin.String(CustomMusic.1.Label)]" />
							<param name="itemcondition" value="!String.IsEmpty(Skin.String(CustomMusic.1.Path))" />
							<param name="itemmenuid" value="9021" />
						</include>
						<include content="listpanelitems">
							<param name="itemcustombase" value="CustomMusic.2" />
							<param name="itemthumb" value="$INFO[Skin.String(CustomMusic.2.Icon)]" />
							<param name="itemlabel" value="$INFO[Skin.String(CustomMusic.2.Label)]" />
							<param name="itemcondition" value="!String.IsEmpty(Skin.String(CustomMusic.2.Path))" />
							<param name="itemmenuid" value="9021" />
						</include>
						<include content="listpanelitems">
							<param name="itemcustombase" value="CustomMusic.3" />
							<param name="itemthumb" value="$INFO[Skin.String(CustomMusic.3.Icon)]" />
							<param name="itemlabel" value="$INFO[Skin.String(CustomMusic.3.Label)]" />
							<param name="itemcondition" value="!String.IsEmpty(Skin.String(CustomMusic.3.Path))" />
							<param name="itemmenuid" value="9021" />
						</include>
						<include content="listpanelitems">
							<param name="itemcustombase" value="CustomMusic.4" />
							<param name="itemthumb" value="$INFO[Skin.String(CustomMusic.4.Icon)]" />
							<param name="itemlabel" value="$INFO[Skin.String(CustomMusic.4.Label)]" />
							<param name="itemcondition" value="!String.IsEmpty(Skin.String(CustomMusic.4.Path))" />
							<param name="itemmenuid" value="9021" />
						</include>
						<include content="listpanelitems">
							<param name="itemcustombase" value="CustomMusic.5" />
							<param name="itemthumb" value="$INFO[Skin.String(CustomMusic.5.Icon)]" />
							<param name="itemlabel" value="$INFO[Skin.String(CustomMusic.5.Label)]" />
							<param name="itemcondition" value="!String.IsEmpty(Skin.String(CustomMusic.5.Path))" />
							<param name="itemmenuid" value="9021" />
						</include>
						<include content="listpanelitems">
							<param name="itemcustombase" value="CustomAddon.1" />
							<param name="itemthumb" value="$INFO[Skin.String(CustomAddon.1.Icon)]" />
							<param name="itemlabel" value="$INFO[Skin.String(CustomAddon.1.Label)]" />
							<param name="itemcondition" value="!String.IsEmpty(Skin.String(CustomAddon.1.Path))" />
							<param name="itemmenuid" value="9021" />
						</include>
						<include content="listpanelitems">
							<param name="itemcustombase" value="CustomAddon.2" />
							<param name="itemthumb" value="$INFO[Skin.String(CustomAddon.2.Icon)]" />
							<param name="itemlabel" value="$INFO[Skin.String(CustomAddon.2.Label)]" />
							<param name="itemcondition" value="!String.IsEmpty(Skin.String(CustomAddon.2.Path))" />
							<param name="itemmenuid" value="9021" />
						</include>
						<include content="listpanelitems">
							<param name="itemcustombase" value="CustomAddon.3" />
							<param name="itemthumb" value="$INFO[Skin.String(CustomAddon.3.Icon)]" />
							<param name="itemlabel" value="$INFO[Skin.String(CustomAddon.3.Label)]" />
							<param name="itemcondition" value="!String.IsEmpty(Skin.String(CustomAddon.3.Path))" />
							<param name="itemmenuid" value="9021" />
						</include>
						<include content="listpanelitems">
							<param name="itemcustombase" value="CustomAddon.4" />
							<param name="itemthumb" value="$INFO[Skin.String(CustomAddon.4.Icon)]" />
							<param name="itemlabel" value="$INFO[Skin.String(CustomAddon.4.Label)]" />
							<param name="itemcondition" value="!String.IsEmpty(Skin.String(CustomAddon.4.Path))" />
							<param name="itemmenuid" value="9021" />
						</include>
						<include content="listpanelitems">
							<param name="itemcustombase" value="CustomAddon.5" />
							<param name="itemthumb" value="$INFO[Skin.String(CustomAddon.5.Icon)]" />
							<param name="itemlabel" value="$INFO[Skin.String(CustomAddon.5.Label)]" />
							<param name="itemcondition" value="!String.IsEmpty(Skin.String(CustomAddon.5.Path))" />
							<param name="itemmenuid" value="9021" />
						</include>
						<include content="listpanelitems">
							<param name="itemcustombase" value="CustomGame.1" />
							<param name="itemthumb" value="$INFO[Skin.String(CustomGame.1.Icon)]" />
							<param name="itemlabel" value="$INFO[Skin.String(CustomGame.1.Label)]" />
							<param name="itemcondition" value="!String.IsEmpty(Skin.String(CustomGame.1.Path))" />
							<param name="itemmenuid" value="9021" />
						</include>
						<include content="listpanelitems">
							<param name="itemcustombase" value="CustomGame.2" />
							<param name="itemthumb" value="$INFO[Skin.String(CustomGame.2.Icon)]" />
							<param name="itemlabel" value="$INFO[Skin.String(CustomGame.2.Label)]" />
							<param name="itemcondition" value="!String.IsEmpty(Skin.String(CustomGame.2.Path))" />
							<param name="itemmenuid" value="9021" />
						</include>
						<include content="listpanelitems">
							<param name="itemcustombase" value="CustomGame.3" />
							<param name="itemthumb" value="$INFO[Skin.String(CustomGame.3.Icon)]" />
							<param name="itemlabel" value="$INFO[Skin.String(CustomGame.3.Label)]" />
							<param name="itemcondition" value="!String.IsEmpty(Skin.String(CustomGame.3.Path))" />
							<param name="itemmenuid" value="9021" />
						</include>
						<include content="listpanelitems">
							<param name="itemcustombase" value="CustomGame.4" />
							<param name="itemthumb" value="$INFO[Skin.String(CustomGame.4.Icon)]" />
							<param name="itemlabel" value="$INFO[Skin.String(CustomGame.4.Label)]" />
							<param name="itemcondition" value="!String.IsEmpty(Skin.String(CustomGame.4.Path))" />
							<param name="itemmenuid" value="9021" />
						</include>
						<include content="listpanelitems">
							<param name="itemcustombase" value="CustomGame.5" />
							<param name="itemthumb" value="$INFO[Skin.String(CustomGame.5.Icon)]" />
							<param name="itemlabel" value="$INFO[Skin.String(CustomGame.5.Label)]" />
							<param name="itemcondition" value="!String.IsEmpty(Skin.String(CustomGame.5.Path))" />
							<param name="itemmenuid" value="9021" />
						</include>
					</content>
				</control>
			</control>	
			<control type="group" id="300">
				<!-- Home Screen Settings -->
				<visible>Skin.String(skinsettingmenu,inicio)</visible>
				<control type="image">
					<!-- Background Settings Button Image -->
					<right>20</right>
					<top>165</top>
					<width>400</width>
					<height>75</height>
					<texture border="9" colordiffuse="blue">button-default.png</texture>
					<include>settingbutton-fade</include>
					<visible>!ControlGroup(999).HasFocus()</visible>
				</control>
				<control type="grouplist" id="301">
					<left>80</left>
					<top>165</top>
					<width>1328</width>
					<height>750</height>
					<itemgap>10</itemgap>
					<onleft>1223</onleft>
					<onup>8000</onup>
					<onright>999</onright>
					<pagecontrol>1223</pagecontrol>
					<control type="radiobutton" id="308">
						<include>settings-submenu-common</include>
						<label>Inicio Cristal Azul</label>
						<textwidth>1125</textwidth>
						<onclick>Skin.SetBool(homemenu-icon)</onclick>
						<onclick>ReloadSkin()</onclick>
						<onclick>Skin.Reset(homemenu-custom)</onclick>
						<onclick>Skin.Reset(homemenu-stva)</onclick>
						<selected>Skin.HasSetting(homemenu-icon)</selected>
						<radioposx>1266</radioposx>
						<radiowidth>40</radiowidth>
						<radioheight>40</radioheight>
						<onfocus>SetProperty(Image_Preview,special://skin/resources/screenshot001.jpg)</onfocus>
					</control>
					<control type="radiobutton" id="309">
						<include>settings-submenu-common</include>
						<label>Inicio STVA</label>
						<textwidth>1125</textwidth>
						<onclick>Skin.SetBool(homemenu-stva)</onclick>
						<onclick>ReloadSkin()</onclick>
						<onclick>Skin.Reset(homemenu-icon)</onclick>
						<onclick>Skin.Reset(homemenu-custom)</onclick>
						<selected>Skin.HasSetting(homemenu-stva)</selected>
						<radioposx>1266</radioposx>
						<radiowidth>40</radiowidth>
						<radioheight>40</radioheight>
						<onfocus>SetProperty(Image_Preview,special://skin/resources/screenshot002.jpg)</onfocus>
					</control>
					<control type="radiobutton" id="307">
						<include>settings-submenu-common</include>
						<label>Inicio Personal</label>
						<textwidth>1125</textwidth>
						<onclick>Skin.SetBool(homemenu-custom)</onclick>
						<onclick>ReloadSkin()</onclick>
						<onclick>Skin.Reset(homemenu-icon)</onclick>
						<onclick>Skin.Reset(homemenu-stva)</onclick>
						<selected>Skin.HasSetting(homemenu-custom)</selected>
						<radioposx>1266</radioposx>
						<radiowidth>40</radiowidth>
						<radioheight>40</radioheight>
						<onfocus>SetProperty(Image_Preview,special://skin/resources/custom.jpg)</onfocus>
					</control>
				</control>
			</control>
			<control type="group" id="500">
				<visible>Skin.String(skinsettingmenu,background)</visible>
				<control type="image">
					<right>20</right>
					<top>335</top>
					<width>400</width>
					<height>75</height>
					<texture border="9" colordiffuse="blue">button-default.png</texture>
					<include>settingbutton-fade</include>
					<visible>!ControlGroup(999).HasFocus()</visible>
				</control>								
				<!-- Markers for control area items -->
				<include content="page-offscreen-vertical">
					<param name="indicator1left" value="726"/>
					<param name="indicator1top" value="144"/>
					<param name="indicator2left" value="726"/>
					<param name="indicator2top" value="978"/>
					<param name="indicatorsize" value="24"/>
					<param name="indicatorcontainer" value="501"/>
				</include>
				<control type="grouplist" id="501">
					<left>80</left>
					<top>165</top>
					<width>1328</width>
					<height>813</height>
					<itemgap>10</itemgap>
					<onleft>1223</onleft>
					<onright>999</onright>
					<onup>8000</onup>
					<pagecontrol>1223</pagecontrol>
					<control type="button" id="502">
						<!-- Custom Background Button -->
						<include>settings-submenu-common</include>
						<label>Cambiar Fondo</label>
						<textwidth>1178</textwidth>
						<onclick>Skin.SetImage(background-custom)</onclick>
						<visible>!Skin.String(background-custom)</visible>
					</control>
					<control type="button" id="503">
						<!-- Reset Custom Background Button -->
						<include>settings-submenu-common</include>
						<label>Restaurar Fondo</label>
						<textwidth>1178</textwidth>
						<onclick>Skin.Reset(background-custom)</onclick>
						<visible>Skin.String(background-custom)</visible>
						<onfocus>$INFO[Skin.String(background-custom)]</onfocus>
					</control>
				</control>
			</control>
			<control type="group" id="800">
				<!-- Support Settings -->
				<visible>Skin.String(skinsettingmenu,support)</visible>
				<control type="image">
					<!-- Background Settings Button Image -->
					<right>20</right>
					<top>420</top>
					<width>400</width>
					<height>75</height>
					<texture border="9" colordiffuse="blue">button-default.png</texture>
					<include>settingbutton-fade</include>
					<visible>!ControlGroup(999).HasFocus()</visible>
				</control>				
				<!-- Markers for control area items -->
				<include content="page-offscreen-vertical">
					<param name="indicator1left" value="726"/>
					<param name="indicator1top" value="144"/>
					<param name="indicator2left" value="726"/>
					<param name="indicator2top" value="978"/>
					<param name="indicatorsize" value="24"/>
					<param name="indicatorcontainer" value="801"/>
				</include>
				<control type="grouplist" id="801">
					<left>80</left>
					<top>165</top>
					<width>1328</width>
					<height>810</height>
					<itemgap>10</itemgap>
					<onleft>1223</onleft>
					<onright>999</onright>
					<onup>8000</onup>
					<pagecontrol>1223</pagecontrol>
					<control type="button" id="808">
						<!-- Backup skin settings -->
						<include>settings-submenu-common</include>
						<label>$LOCALIZE[31980]</label>
						<textwidth>1125</textwidth>
						<onclick condition="!System.HasAddon(script.skin.helper.skinbackup)">InstallAddon(script.skin.helper.skinbackup)</onclick>
						<onclick condition="System.HasAddon(script.skin.helper.skinbackup)">RunScript(script.skin.helper.skinbackup,action=backup)</onclick>
					</control>
					<control type="button" id="809">
						<!-- Restore skin settings -->
						<include>settings-submenu-common</include>
						<label>$LOCALIZE[31981]</label>
						<textwidth>1125</textwidth>
						<onclick condition="!System.HasAddon(script.skin.helper.skinbackup)">InstallAddon(script.skin.helper.skinbackup)</onclick>
						<onclick condition="System.HasAddon(script.skin.helper.skinbackup)">RunScript(script.skin.helper.skinbackup,action=restore)</onclick>
					</control>
					<control type="button" id="810">
						<!-- Reset skin settings to defaults -->
						<include>settings-submenu-common</include>
						<label>$LOCALIZE[31935]</label>
						<textwidth>1178</textwidth>
						<onclick>Skin.ResetSettings</onclick>
						<onclick>ReplaceWindow(skinsettings)</onclick>
					</control>
				</control>
			</control>
			<control type="group" id="600">
				<!-- Support Settings -->
				<visible>Skin.String(skinsettingmenu,addons)</visible>
				<control type="image">
					<!-- Background Settings Button Image -->
					<right>20</right>
					<top>505</top>
					<width>400</width>
					<height>75</height>
					<texture border="9" colordiffuse="blue">button-default.png</texture>
					<include>settingbutton-fade</include>
					<visible>!ControlGroup(999).HasFocus()</visible>
				</control>				
				<!-- Markers for control area items -->
				<include content="page-offscreen-vertical">
					<param name="indicator1left" value="726"/>
					<param name="indicator1top" value="144"/>
					<param name="indicator2left" value="726"/>
					<param name="indicator2top" value="978"/>
					<param name="indicatorsize" value="24"/>
					<param name="indicatorcontainer" value="601"/>
				</include>
				<control type="grouplist" id="601">
					<left>80</left>
					<top>165</top>
					<width>1328</width>
					<height>760</height>
					<itemgap>10</itemgap>
					<onleft>1223</onleft>
					<onright>999</onright>
					<pagecontrol>1223</pagecontrol>
					<control type="label">
						<height>80</height>
						<font>font14</font>
						<label>Repositorios</label>
					</control>	
					<control type="radiobutton" id="321">
						<font>font14</font>
						<radioposx>1230</radioposx>
						<label>Repositorio STVA Matrix $INFO[System.AddonVersion(repository.repostva.matrix),(,)]</label>
						<height>60</height>
						<radiowidth>100</radiowidth>
						<radioheight>100</radioheight>
						<textureradioonfocus colordiffuse="ffffffff">buttons/status-on.png</textureradioonfocus>
						<textureradioonnofocus colordiffuse="ffffffff">buttons/status-on.png</textureradioonnofocus>
						<textureradioofffocus colordiffuse="fff02222">buttons/status-off.png</textureradioofffocus>
						<textureradiooffnofocus colordiffuse="fff02222">buttons/status-off.png</textureradiooffnofocus>
						<onclick condition="!System.HasAddon(repository.repostva.matrix)">InstallAddon(repository.repostva.matrix)</onclick>																		
						<onup>8000</onup>
						<onclick condition="System.HasAddon(repository.repostva.matrix)">ActivateWindow(10040,&quot;addons://repository.repostva.matrix/&quot;,return)</onclick>
						<selected>System.HasAddon(repository.repostva.matrix)</selected>
						<include>DefaultSettingButton</include>
					</control>
					<control type="radiobutton" id="322">
						<radioposx>1230</radioposx>
						<font>font14</font>
						<label>Repositorio Festa $INFO[System.AddonVersion(repository.festa),(,)]</label>
						<height>60</height>
						<radiowidth>100</radiowidth>
						<radioheight>100</radioheight>
						<textureradioonfocus colordiffuse="ffffffff">buttons/status-on.png</textureradioonfocus>
						<textureradioonnofocus colordiffuse="ffffffff">buttons/status-on.png</textureradioonnofocus>
						<textureradioofffocus colordiffuse="fff02222">buttons/status-off.png</textureradioofffocus>
						<textureradiooffnofocus colordiffuse="fff02222">buttons/status-off.png</textureradiooffnofocus>
						<onclick condition="!System.HasAddon(repoository.festa)">InstallAddon(repository.festa)</onclick>																		
						<onclick condition="System.HasAddon(repository.festa)">ActivateWindow(10040,&quot;addons://repository.festa/&quot;,return)</onclick>
						<selected>System.HasAddon(repository.festa)</selected>
						<include>DefaultSettingButton</include>
						<visible>Skin.HasSetting(homemenu-icon)</visible>
					</control>
					<control type="radiobutton" id="323">
						<radioposx>1230</radioposx>
						<font>font14</font>
						<label>Repositorio Camaradas $INFO[System.AddonVersion(repository.camaradas.repo),(,)]</label>
						<height>60</height>
						<radiowidth>100</radiowidth>
						<radioheight>100</radioheight>
						<textureradioonfocus colordiffuse="ffffffff">buttons/status-on.png</textureradioonfocus>
						<textureradioonnofocus colordiffuse="ffffffff">buttons/status-on.png</textureradioonnofocus>
						<textureradioofffocus colordiffuse="fff02222">buttons/status-off.png</textureradioofffocus>
						<textureradiooffnofocus colordiffuse="fff02222">buttons/status-off.png</textureradiooffnofocus>
						<onclick condition="!System.HasAddon(repoository.camaradas.repo)">InstallAddon(repository.camaradas.repo)</onclick>																		
						<onclick condition="System.HasAddon(repository.camaradas.repo)">ActivateWindow(10040,&quot;addons://repository.camaradas.repo/&quot;,return)</onclick>
						<selected>System.HasAddon(repository.camaradas.repo)</selected>
						<include>DefaultSettingButton</include>
					</control>
					<control type="radiobutton" id="325">
						<radioposx>1230</radioposx>
						<height>60</height>
						<font>font14</font>
						<label>Repositorio Alfa $INFO[System.AddonVersion(repository.alfa-addon),(,)]</label>
						<radiowidth>100</radiowidth>
						<radioheight>100</radioheight>
						<textureradioonfocus colordiffuse="ffffffff">buttons/status-on.png</textureradioonfocus>
						<textureradioonnofocus colordiffuse="ffffffff">buttons/status-on.png</textureradioonnofocus>
						<textureradioofffocus colordiffuse="fff02222">buttons/status-off.png</textureradioofffocus>
						<textureradiooffnofocus colordiffuse="fff02222">buttons/status-off.png</textureradiooffnofocus>
						<onclick condition="!System.HasAddon(repoository.alfa-addon)">InstallAddon(repository.alfa-addon)</onclick>																		
						<onclick condition="System.HasAddon(repository.alfa-addon)">ActivateWindow(10040,&quot;addons://repository.alfa-addon/&quot;,return)</onclick>
						<selected>System.HasAddon(repository.alfa-addon)</selected>
						<include>DefaultSettingButton</include>
						<visible>Skin.HasSetting(homemenu-stva)</visible>
					</control>
					<control type="label" id="326">
						<height>80</height>
						<font>font14</font>
						<label>Addons de Contenido</label>
					</control>	
					<control type="radiobutton" id="327">
						<radioposx>1230</radioposx>
						<font>font14</font>
						<label>Cristal Azul $INFO[System.AddonVersion(plugin.video.cristalazul),(,)] - Pelis, Series, TV, Deportes, Documentales, Varios</label>
						<height>60</height>
						<radiowidth>100</radiowidth>
						<radioheight>100</radioheight>
						<textureradioonfocus colordiffuse="ffffffff">buttons/status-on.png</textureradioonfocus>
						<textureradioonnofocus colordiffuse="ffffffff">buttons/status-on.png</textureradioonnofocus>
						<textureradioofffocus colordiffuse="fff02222">buttons/status-off.png</textureradioofffocus>
						<textureradiooffnofocus colordiffuse="fff02222">buttons/status-off.png</textureradiooffnofocus>
						<onclick condition="!System.HasAddon(plugin.video.cristalazul)">InstallAddon(plugin.video.cristalazul)</onclick>
						<selected>System.HasAddon(plugin.video.cristalazul)</selected>
						<include>DefaultSettingButton</include>
					</control>
					<control type="radiobutton" id="328">
						<radioposx>1230</radioposx>
						<height>60</height>
						<font>font14</font>
						<label>Alfa $INFO[System.AddonVersion(plugin.video.alfa),(,)] - Pelis, Series, Documentales</label>
						<radiowidth>100</radiowidth>
						<radioheight>100</radioheight>
						<textureradioonfocus colordiffuse="ffffffff">buttons/status-on.png</textureradioonfocus>
						<textureradioonnofocus colordiffuse="ffffffff">buttons/status-on.png</textureradioonnofocus>
						<textureradioofffocus colordiffuse="fff02222">buttons/status-off.png</textureradioofffocus>
						<textureradiooffnofocus colordiffuse="fff02222">buttons/status-off.png</textureradiooffnofocus>
						<onclick condition="!System.HasAddon(plugin.video.alfa)">InstallAddon(plugin.video.alfa)</onclick>																		
						<onclick condition="System.HasAddon(plugin.video.alfa)">ActivateWindow(10040,&quot;addons://plugin.video.alfa/&quot;,return)</onclick>
						<selected>System.HasAddon(plugin.video.alfa)</selected>
						<include>DefaultSettingButton</include>
						<visible>Skin.HasSetting(homemenu-stva)</visible>
					</control>
					<control type="radiobutton" id="329">
						<radioposx>1230</radioposx>
						<font>font14</font>
						<height>60</height>
						<label>Winner $INFO[System.AddonVersion(plugin.video.winner),(,)] - Deportes</label>
						<radiowidth>100</radiowidth>
						<radioheight>100</radioheight>
						<textureradioonfocus colordiffuse="ffffffff">buttons/status-on.png</textureradioonfocus>
						<textureradioonnofocus colordiffuse="ffffffff">buttons/status-on.png</textureradioonnofocus>
						<textureradioofffocus colordiffuse="fff02222">buttons/status-off.png</textureradioofffocus>
						<textureradiooffnofocus colordiffuse="fff02222">buttons/status-off.png</textureradiooffnofocus>
						<onclick condition="!System.HasAddon(repository.camaradas)">InstallAddon(repository.camaradas.repo)</onclick>																		
						<onclick condition="!System.HasAddon(plugin.video.winner)">InstallAddon(plugin.video.winner)</onclick>																		
						<selected>System.HasAddon(plugin.video.winner)</selected>
						<include>DefaultSettingButton</include>
					</control>
					<control type="label" id="330">
						<height>80</height>
						<font>font14</font>
						<label>Addons requeridos</label>
					</control>	
					<control type="radiobutton" id="331">
						<radioposx>1230</radioposx>
						<font>font14</font>
						<height>60</height>
						<label>Horus $INFO[System.AddonVersion(script.module.horus),(,)] - Requerido para ver Deportes</label>
						<radiowidth>100</radiowidth>
						<radioheight>100</radioheight>
						<textureradioonfocus colordiffuse="ffffffff">buttons/status-on.png</textureradioonfocus>
						<textureradioonnofocus colordiffuse="ffffffff">buttons/status-on.png</textureradioonnofocus>
						<textureradioofffocus colordiffuse="fff02222">buttons/status-off.png</textureradioofffocus>
						<textureradiooffnofocus colordiffuse="fff02222">buttons/status-off.png</textureradiooffnofocus>
						<onclick condition="!System.HasAddon(script.module.horus)">InstallAddon(script.module.horus)</onclick>
						<onclick condition="System.HasAddon(script.module.horus)">Addon.OpenSettings(script.module.horus)</onclick>
						<selected>System.HasAddon(script.module.horus)</selected>
						<include>DefaultSettingButton</include>
					</control>
					<control type="radiobutton" id="332">
						<radioposx>1230</radioposx>
						<label>Complemento STVA $INFO[System.AddonVersion(script.stva),(,)] - Addon de Mantenimiento</label>
						<font>font14</font>
						<height>60</height>
						<radiowidth>100</radiowidth>
						<radioheight>100</radioheight>
						<textureradioonfocus colordiffuse="ffffffff">buttons/status-on.png</textureradioonfocus>
						<textureradioonnofocus colordiffuse="ffffffff">buttons/status-on.png</textureradioonnofocus>
						<textureradioofffocus colordiffuse="fff02222">buttons/status-off.png</textureradioofffocus>
						<textureradiooffnofocus colordiffuse="fff02222">buttons/status-off.png</textureradiooffnofocus>
						<onclick condition="!System.HasAddon(script.stva)">InstallAddon(script.stva)</onclick>																		
						<selected>System.HasAddon(script.stva)</selected>
						<include>DefaultSettingButton</include>
					</control>
					<control type="radiobutton" id="333">
						<radioposx>1230</radioposx>
						<font>font14</font>
						<label>Skin Helper Service $INFO[System.AddonVersion(script.skin.helper.service),(,)] - Dependencia</label>
						<height>60</height>
						<radiowidth>100</radiowidth>
						<radioheight>100</radioheight>
						<textureradioonfocus colordiffuse="ffffffff">buttons/status-on.png</textureradioonfocus>
						<textureradioonnofocus colordiffuse="ffffffff">buttons/status-on.png</textureradioonnofocus>
						<textureradioofffocus colordiffuse="fff02222">buttons/status-off.png</textureradioofffocus>
						<textureradiooffnofocus colordiffuse="fff02222">buttons/status-off.png</textureradiooffnofocus>
						<onclick condition="!System.HasAddon(script.skin.helper.service)">InstallAddon(script.skin.helper.service)</onclick>																		
						<selected>System.HasAddon(script.skin.helper.service)</selected>
						<include>DefaultSettingButton</include>
					</control>
					<control type="radiobutton" id="334">
						<radioposx>1230</radioposx>
						<font>font14</font>
						<height>60</height>
						<radiowidth>100</radiowidth>
						<radioheight>100</radioheight>
						<label>ResolveURL $INFO[System.AddonVersion(script.module.resolveurl),(,)] - Necesario para Cristal Azul</label>
						<textureradioonfocus colordiffuse="ffffffff">buttons/status-on.png</textureradioonfocus>
						<textureradioonnofocus colordiffuse="ffffffff">buttons/status-on.png</textureradioonnofocus>
						<textureradioofffocus colordiffuse="fff02222">buttons/status-off.png</textureradioofffocus>
						<textureradiooffnofocus colordiffuse="fff02222">buttons/status-off.png</textureradiooffnofocus>
						<onclick condition="!System.HasAddon(script.module.resolveurl)">InstallAddon(script.module.resolveurl)</onclick>
						<selected>System.HasAddon(script.module.resolveurl)</selected>
						<include>DefaultSettingButton</include>
					</control>
					<control type="label" id="335">
						<height>80</height>
						<font>font14</font>
						<label>Addons opcionales</label>
					</control>	
					<control type="radiobutton" id="336">
						<radioposx>1230</radioposx>
						<font>font14</font>
						<label>Repositorio Github (Torrest) $INFO[System.AddonVersion(repository.github),(,)]</label>
						<height>60</height>
						<radiowidth>100</radiowidth>
						<radioheight>100</radioheight>
						<textureradioonfocus colordiffuse="ffffffff">buttons/status-on.png</textureradioonfocus>
						<textureradioonnofocus colordiffuse="ffffffff">buttons/status-on.png</textureradioonnofocus>
						<textureradioofffocus colordiffuse="fff02222">buttons/status-off.png</textureradioofffocus>
						<textureradiooffnofocus colordiffuse="fff02222">buttons/status-off.png</textureradiooffnofocus>
						<onclick condition="!System.HasAddon(repoository.github)">InstallAddon(repository.github)</onclick>																		
						<onclick condition="System.HasAddon(repository.github)">ActivateWindow(10040,&quot;addons://repository.github/&quot;,return)</onclick>
						<selected>System.HasAddon(repository.github)</selected>
						<include>DefaultSettingButton</include>
					</control>
					<control type="radiobutton" id="337">
						<radioposx>1230</radioposx>
						<font>font14</font>
						<height>60</height>
						<radiowidth>100</radiowidth>
						<radioheight>100</radioheight>
						<label>Torrest $INFO[System.AddonVersion(plugin.video.torrest),(,)] - Cliente Torrent</label>
						<textureradioonfocus colordiffuse="ffffffff">buttons/status-on.png</textureradioonfocus>
						<textureradioonnofocus colordiffuse="ffffffff">buttons/status-on.png</textureradioonnofocus>
						<textureradioofffocus colordiffuse="fff02222">buttons/status-off.png</textureradioofffocus>
						<textureradiooffnofocus colordiffuse="fff02222">buttons/status-off.png</textureradiooffnofocus>
						<onclick condition="!System.HasAddon(plugin.video.torrest)">InstallAddon(plugin.video.torrest)</onclick>
						<selected>System.HasAddon(plugin.video.torrest)</selected>
						<include>DefaultSettingButton</include>
					</control>
					<control type="radiobutton" id="338">
						<radioposx>1230</radioposx>
						<font>font14</font>
						<label>Luar $INFO[System.AddonVersion(script.luar),(,)] - Instalador de Addons</label>
						<height>60</height>
						<radiowidth>100</radiowidth>
						<radioheight>100</radioheight>
						<textureradioonfocus colordiffuse="ffffffff">buttons/status-on.png</textureradioonfocus>
						<textureradioonnofocus colordiffuse="ffffffff">buttons/status-on.png</textureradioonnofocus>
						<textureradioofffocus colordiffuse="fff02222">buttons/status-off.png</textureradioofffocus>
						<textureradiooffnofocus colordiffuse="fff02222">buttons/status-off.png</textureradiooffnofocus>
						<onclick condition="!System.HasAddon(script.luar)">InstallAddon(script.luar)</onclick>																		
						<selected>System.HasAddon(script.luar)</selected>
						<include>DefaultSettingButton</include>
					</control>
				</control>	
			</control>
			<control type="group" id="700">
				<!-- Support Settings -->
				<visible>Skin.String(skinsettingmenu,help)</visible>
				<control type="image">
					<!-- Background Settings Button Image -->
					<right>20</right>
					<top>590</top>
					<width>400</width>
					<height>75</height>
					<texture border="9" colordiffuse="blue">button-default.png</texture>
					<include>settingbutton-fade</include>
					<visible>!ControlGroup(999).HasFocus()</visible>
				</control>				
				<!-- Markers for control area items -->
				<include content="page-offscreen-vertical">
					<param name="indicator1left" value="726"/>
					<param name="indicator1top" value="144"/>
					<param name="indicator2left" value="726"/>
					<param name="indicator2top" value="978"/>
					<param name="indicatorsize" value="24"/>
					<param name="indicatorcontainer" value="801"/>
				</include>
				<control type="label" id="701">
					<left>80</left>
					<top>140</top>
					<width>1328</width>
					<height>800</height>
					<onleft>1223</onleft>
					<onright>999</onright>
					<align>justify</align>
					<pagecontrol>1223</pagecontrol>
					<font>ctouch20</font>
					<wrapmultiline>true</wrapmultiline>
					<label>[B]CAMBIAR VISTA[/B]
Cuando visualizamos contenido, por ejemplo entrando en algún item de Inicio, podemos cambiar el tipo de vista, lista, póster, muero, etc.
Para poder cambiarla, nos desplazamos a la izquierda o pulsamos el icono azul del ojo y aparecerá una ventana donde podremos cambiar la lista y bloquearla.[CR]
[B]MENÚ CONTEXTUAL[/B]
Si dejas pulsado el OK o en modo táctil sobre el item que quieras, película, serie, addon, etc, aparecerá un menú con las opciones extra sobre ese elemento.[CR]
[B]AÑADIR ITEMS AL INICIO[/B]
Hay dos formas de añadir items al Inicio, mediante los favoritos o por menú contextual.
Mediante los favoritos, debes agregar el item que quieras a favoritos, haciendo pulsación larga y añadiendo a Favoritos.
Desde el menú contextual (pulsación larga), sobre el ítem que quieras, aparecerá la opción, Añadir al Inicio y podrás editar el icono y el nombre.[CR][CR]
Para más ayuda con el Skin: www.stva.ga/foro
Para más ayuda con Cristal Azul: t.me/addonfestaycristal
					</label>
				</control>
			</control>			
		</control>
		<control type="textbox">
			<!-- Settings description area -->
			<left>70</left>
			<top>999</top>
			<width>1700</width>
			<height>75</height>
			<font>ctouch20</font>
			<align>left</align>
			<label>$VAR[SkinSettingHelp]</label>
		</control>
        <control type="group">
            <left>350</left>
            <width>800</width>
            <top>640</top>
            <height>340</height>
			<visible>Control.HasFocus(702) | Control.HasFocus(703) | Control.HasFocus(704) | Control.HasFocus(705)</visible>
            <control type="image">
                <aspectratio scalediffuse="false">keep</aspectratio>
                <texture background="true" fallback="special://skin/fanart.jpg" diffuse="diffuse/1117.png">$INFO[Window.Property(Image_Preview)]</texture>
			</control>
            <control type="image">
                <aspectratio scalediffuse="false">center</aspectratio>
                 <visible>[Control.HasFocus(701) + !String.Contains(Control.GetLabel(701),*)] | [Control.HasFocus(702) + !String.Contains(Control.GetLabel(702),*)] | [Control.HasFocus(703) + !String.Contains(Control.GetLabel(703),*)] | [Control.HasFocus(704) + !String.Contains(Control.GetLabel(704),*)] | [Control.HasFocus(705) + !String.Contains(Control.GetLabel(705),*)]</visible>
            </control>
        </control>		
        <control type="group">
            <left>150</left>
            <width>1200</width>
            <top>500</top>
            <height>450</height>
			<visible>Control.HasFocus(307) | Control.HasFocus(308) | Control.HasFocus(309)</visible>
            <control type="image">
                <aspectratio scalediffuse="false">keep</aspectratio>
                <texture background="true" fallback="special://skin/fanart.jpg" diffuse="diffuse/1117.png">$INFO[Window.Property(Image_Preview)]</texture>
			</control>
            <control type="image">
                <aspectratio scalediffuse="false">center</aspectratio>
                 <visible>[Control.HasFocus(701) + !String.Contains(Control.GetLabel(701),*)] | [Control.HasFocus(702) + !String.Contains(Control.GetLabel(702),*)] | [Control.HasFocus(703) + !String.Contains(Control.GetLabel(703),*)] | [Control.HasFocus(704) + !String.Contains(Control.GetLabel(704),*)] | [Control.HasFocus(705) + !String.Contains(Control.GetLabel(705),*)]</visible>
            </control>
        </control>		
		<include>touch-controls</include>
		<include>touch-controlsl</include>
		<include>hora</include>
	</controls>
</window>