<?xml version='1.0' encoding='UTF-8'?>
<addon id="skin.ctouch"  version="1.9" name="Cristal Touch" provider-name="STVA">
	<requires>
		<import addon="resource.language.es_es" version="0.0.0"/>		
	</requires>
	<extension debugging="false" effectslowdown="1" point="xbmc.gui.skin">
		<res aspect="16:9" default="true" folder="xml" height="1080" width="1920" />
	</extension>
	<extension point="xbmc.addon.metadata">
		<summary lang="es_ES">Skin para Cristal Azul</summary>
		<summary lang="en_GB">Skin para Cristal Azul</summary>				
		<description lang="es_ES">CTouch es un mod de skin realizado por STVA para Cristal Azul.</description>
		<description lang="en_GB">CTouch es un mod de skin realizado por STVA para Cristal Azul.</description>		
		<disclaimer lang="en_GB">Para dudas, preguntas o sugerencias [CR]Telegram: @kodi18</disclaimer>
		<disclaimer lang="es_ES">Para dudas, preguntas o sugerencias [CR]Telegram: @kodi18</disclaimer>		
		<platform>all</platform>
		<license></license>
		<website />
		<email />
		<news>Versión 1.9 - 24/4/22
- Reparado error que hacía que no apareciera el botón táctil para cerrar ventanas emergentes
- Cambiado aspecto de los iconos de los items personalizados
- Modificados algunos items del inicio STVA
- Cambiado en ajustes, item mantenimiento de limpia tu kodi a complemento stva
- Si activas el addon iptv simple client o tvheadend htsp client, el item tv premium en el inicio STVa cambia a la lista IPTV
- Añadido a items personalizados, item iptv y colección de la aplicación. Se pueden desactivar
- Ventana de progreso movida al centro como la ventana de notificaciones
- Eliminado fondo de la ventana de notificaciones.
- Corregidos fallos visuales en vistas de colección
- Editado startup
		</news>
		<assets>
			<icon>icon.png</icon>
			<fanart>fanart.jpg</fanart>
			<screenshot>resources/screenshot001.jpg</screenshot>
			<screenshot>resources/screenshot002.jpg</screenshot>
			<screenshot>resources/screenshot003.jpg</screenshot>
			<screenshot>resources/screenshot004.jpg</screenshot>
		</assets>
	</extension>
</addon>