<?xml version="1.0" encoding="utf-8"?>
<window id="5111">
    <defaultcontrol>9000</defaultcontrol>
	<onload>Skin.SetBool(widgets-palantir-pelis1)</onload>
	<onload>Skin.SetBool(widgets-palantir-pelis2)</onload>
	<onload>Skin.SetBool(widgets-palantir-series1)</onload>
	<onload>Skin.SetBool(widgets-palantir-series2)</onload>
	<onload>Skin.SetBool(widgets-alfa-pelis1)</onload>
	<onload>Skin.SetBool(widgets-alfa-pelis2)</onload>
	<onload>Skin.SetBool(widgets-alfa-series1)</onload>
	<onload>Skin.SetBool(widgets-alfa-series2)</onload>
	<onload>Skin.SetBool(widgets-cristal-pelis1)</onload>
	<onload>Skin.SetBool(widgets-cristal-pelis2)</onload>
	<onload>Skin.SetBool(widgets-cristal-series1)</onload>
	<onload>Skin.SetBool(widgets-cristal-pelis2)</onload>
	<onload condition="System.HasAddon(plugin.video.alfa)">Skin.SetBool(alfa-items)</onload>
	<onload condition="System.HasAddon(plugin.video.cristalazul)">Skin.SetBool(cristal-items)</onload>
	<onload condition="System.HasAddon(plugin.video.palantir2)">Skin.SetBool(palantir-items)</onload>
	<onload condition="System.HasAddon(plugin.video.alfa)">Skin.SetBool(widgets-alfa)</onload>
	<onload condition="System.HasAddon(plugin.video.cristalazul)">Skin.SetBool(widgets-cristal)</onload>
	<onload condition="System.HasAddon(plugin.video.palantir2)">Skin.SetBool(widgets-palantir)</onload>
	<controls>
		<control type="image">
			<right>30</right>
			<top>10</top>
			<width>150</width>
			<height>150</height>
			<texture background="true">special://skin/resources/icon.png</texture>
		</control>	
		<control type="image">
			<!-- Dialog background image -->
			<centerleft>50%</centerleft>
			<top>275</top>
			<width>1400</width>
			<height>735</height>
			<texture border="14" colordiffuse="midgrey">button-default.png</texture>
		</control>
		<control type="group">
			<centerleft>50%</centerleft>
			<height>25</height>
			<width>1400</width>
			<control type="textbox">
				<top>130</top>
				<width>1400</width>
				<height>500</height>
				<shadowcolor>black</shadowcolor>
				<pagecontrol>3000</pagecontrol>
				<font>font14</font>
				<align>center</align>
				<label>Personaliza tu Inicio. Después podrás cambiarlo si quieres, desde Ajustes de skin.
Activa los items de Cristal, Alfa o Palantir para ver los accesos a estos addons en el Inicio</label>
			</control>
			<control type="grouplist" id="9000">
				<orientation>vertical</orientation>
				<left>60</left>
				<onright>9001</onright>
				<itemgap>10</itemgap>
				<top>250</top>
				<height>715</height>
				<ondown>317</ondown>
				<width>500</width>
				<align>center</align>
					<control type="label" id="302">
						<left>70</left>
						<height>70</height>
						<width>400</width>
						<label>Tipo de Inicio</label>
						<textcolor>$VAR[AccentColor]</textcolor>
						<font>ctouch19</font>
					</control>
					<control type="radiobutton" id="303">
						<width>500</width>
						<height>70</height>
						<texturenofocus/>
						<include>DefaultSettingButton</include>
						<label>Inicio Iconos</label>
						<textwidth>400</textwidth>
						<onclick>Skin.SetBool(homemenu-icon)</onclick>
						<font>ctouch18</font>
						<onclick>Skin.Reset(homemenu-widgets)</onclick>
						<selected>Skin.HasSetting(homemenu-icon)</selected>
						<radioposx>450</radioposx>
						<radiowidth>40</radiowidth>
						<radioheight>40</radioheight>
					</control>
					<control type="radiobutton" id="304">
						<width>500</width>
						<height>70</height>
						<texturenofocus/>
						<include>DefaultSettingButton</include>
						<label>Inicio Widgets</label>
						<textwidth>400</textwidth>
						<onclick>Skin.SetBool(homemenu-widgets)</onclick>
						<font>ctouch18</font>
						<onclick>Skin.Reset(homemenu-icon)</onclick>
						<selected>Skin.HasSetting(homemenu-widgets)</selected>
						<radioposx>450</radioposx>
						<radiowidth>40</radiowidth>
						<radioheight>40</radioheight>
					</control>
					<control type="label" id="305">
						<left>70</left>
						<height>70</height>
						<width>500</width>
						<label>Grupos de Items del Skin</label>
						<textcolor>$VAR[AccentColor]</textcolor>
						<font>ctouch19</font>
					</control>
					<control type="radiobutton" id="306">
						<width>500</width>
						<texturenofocus/>
						<include>DefaultSettingButton</include>
						<label>Activar Items de Cristal Azul</label>
						<textwidth>400</textwidth>
						<onclick>Skin.ToggleSetting(cristal-items)</onclick>
						<selected>Skin.HasSetting(cristal-items)</selected>
						<font>ctouch18</font>
						<radioposx>450</radioposx>
						<radiowidth>40</radiowidth>
						<radioheight>40</radioheight>
						<height>70</height>
					</control>
					<control type="radiobutton" id="307">
						<width>500</width>
						<texturenofocus/>
						<include>DefaultSettingButton</include>
						<label>Activar Items de Alfa</label>
						<textwidth>400</textwidth>
						<font>ctouch18</font>
						<onclick>Skin.ToggleSetting(alfa-items)</onclick>
						<selected>Skin.HasSetting(alfa-items)</selected>
						<radioposx>450</radioposx>
						<radiowidth>40</radiowidth>
						<radioheight>40</radioheight>
						<height>70</height>
					</control>
					<control type="radiobutton" id="308">
						<width>500</width>
						<height>70</height>
						<texturenofocus/>
						<include>DefaultSettingButton</include>
						<label>Activar Items de Palantir</label>
						<textwidth>400</textwidth>
						<onclick>Skin.ToggleSetting(palantir-items)</onclick>
						<font>ctouch18</font>
						<selected>Skin.HasSetting(palantir-items)</selected>
						<radioposx>450</radioposx>
						<radiowidth>40</radiowidth>
						<radioheight>40</radioheight>
					</control>
					<control type="radiobutton" id="309">
						<width>500</width>
						<height>70</height>
						<texturenofocus/>
						<include>DefaultSettingButton</include>
						<label>Activar Items de TV/Deportes</label>
						<textwidth>400</textwidth>
						<onclick>Skin.ToggleSetting(sportv-items)</onclick>
						<font>ctouch18</font>
						<selected>Skin.HasSetting(sportv-items)</selected>
						<radioposx>450</radioposx>
						<radiowidth>40</radiowidth>
						<radioheight>40</radioheight>
					</control>
			</control>
			<control type="grouplist" id="9001">
				<orientation>vertical</orientation>
				<left>800</left>
				<itemgap>10</itemgap>
				<top>205</top>
				<height>715</height>
				<width>500</width>
				<ondown>317</ondown>
				<onleft>9000</onleft>
				<align>center</align>
					<control type="label" id="310">
						<left>70</left>
						<height>70</height>
						<width>400</width>
						<label>Menú</label>
						<textcolor>$VAR[AccentColor]</textcolor>
						<font>ctouch19</font>
					</control>
					<control type="radiobutton" id="311">
						<font>ctouch18</font>
						<width>500</width>
						<height>70</height>
						<texturenofocus/>
						<include>settings-submenu-common</include>
						<label>Menú Grande</label>
						<textwidth>400</textwidth>
						<onclick>Skin.ToggleSetting(menulittle)</onclick>
						<selected>Skin.HasSetting(menulittle)</selected>
						<radioposx>450</radioposx>
						<radiowidth>40</radiowidth>
						<radioheight>40</radioheight>
					</control>
					<control type="radiobutton" id="312">
						<font>ctouch18</font>
						<width>500</width>
						<height>70</height>
						<texturenofocus/>
						<include>settings-submenu-common</include>
						<label>Ocultar menú</label>
						<textwidth>400</textwidth>
						<onclick>Skin.ToggleSetting(menuoculto)</onclick>
						<selected>Skin.HasSetting(menuoculto)</selected>
						<radioposx>450</radioposx>
						<radiowidth>40</radiowidth>
						<radioheight>40</radioheight>
					</control>
					<control type="label" id="313">
						<left>70</left>
						<height>70</height>
						<width>500</width>
						<label>Grupos de Widgets del Skin</label>
						<textcolor>$VAR[AccentColor]</textcolor>
						<font>ctouch19</font>
					</control>
					<control type="radiobutton" id="314">
						<width>500</width>
						<texturenofocus/>
						<include>DefaultSettingButton</include>
						<label>Activar Widgets de Cristal Azul</label>
						<textwidth>400</textwidth>
						<onclick>Skin.ToggleSetting(widgets-cristal)</onclick>
						<selected>Skin.HasSetting(widgets-cristal)</selected>
						<font>ctouch18</font>
						<radioposx>450</radioposx>
						<radiowidth>40</radiowidth>
						<radioheight>40</radioheight>
						<height>70</height>
					</control>
					<control type="radiobutton" id="315">
						<width>500</width>
						<texturenofocus/>
						<include>DefaultSettingButton</include>
						<label>Activar Widgets de Alfa</label>
						<textwidth>400</textwidth>
						<font>ctouch18</font>
						<onclick>Skin.ToggleSetting(widgets-alfa)</onclick>
						<selected>Skin.HasSetting(widgets-alfa)</selected>
						<radioposx>450</radioposx>
						<radiowidth>40</radiowidth>
						<radioheight>40</radioheight>
						<height>70</height>
					</control>
					<control type="radiobutton" id="316">
						<width>500</width>
						<height>70</height>
						<texturenofocus/>
						<include>DefaultSettingButton</include>
						<label>Activar Widgets de Palantir</label>
						<textwidth>400</textwidth>
						<onclick>Skin.ToggleSetting(widgets-palantir)</onclick>
						<font>ctouch18</font>
						<selected>Skin.HasSetting(widgets-palantir)</selected>
						<radioposx>450</radioposx>
						<radiowidth>40</radiowidth>
						<radioheight>40</radioheight>
					</control>
				</control>
				<control type="button" id="317">
					<centerleft>50%</centerleft>
					<top>930</top>
					<height>60</height>
					<label>Continuar</label>
					<font>font14</font>
					<textoffsetx>30</textoffsetx>
					<onclick>Close</onclick>
					<onclick>Skin.SetBool(SetupInicio)</onclick>
					<onclick>Close</onclick>
					<onclick>ReloadSkin()</onclick>
					<onclick>ReplaceWindow(Home)</onclick>
					<width>300</width>
					<onup>9000</onup>
					<texturenofocus/>
					<align>center</align>
				</control>
		</control>
	</controls>
</window>