<?xml version='1.0' encoding='UTF-8'?>
<addon id="skin.ctouch"  version="3.3" name="Cristal Touch" provider-name="STVA">
	<requires>
		<import addon="resource.language.es_es" version="0.0.0"/>		
	</requires>
	<extension debugging="false" effectslowdown="1" point="xbmc.gui.skin">
		<res aspect="16:9" default="true" folder="xml" height="1080" width="1920" />
	</extension>
	<extension point="xbmc.addon.metadata">
		<summary lang="es_ES">Skin para Kodi y Forks. Compatible con Kodi Matrix y Nexus</summary>
		<summary lang="en_GB">Skin para Kodi y Forks. Compatible con Kodi Matrix y Nexus</summary>				
		<description lang="es_ES">Cristal Touch es un mod del skin AppTV realizado por STVA.[CR]Funciona perfectamente en dispositivos táctiles, pc/portátil, SmartTV o TV Box y raspberrys o similares[CR]Fácil personalización de los items del Inicio desde el menú contextual</description>
		<description lang="en_GB">Cristal Touch es un mod del skin AppTV realizado por STVA.[CR]Funciona perfectamente en dispositivos táctiles, pc/portátil, SmartTV o TV Box y raspberrys o similares[CR]Fácil personalización de los items del Inicio desde el menú contextual</description>		
		<disclaimer lang="en_GB">Para dudas, preguntas o sugerencias [CR]Telegram: t.me/stvabuild[CR]Web y Foro: stva.es</disclaimer>
		<disclaimer lang="es_ES">Para dudas, preguntas o sugerencias [CR]Telegram: t.me/stvabuild[CR]Web y Foro: stva.es</disclaimer>		
		<platform>all</platform>
		<license></license>
		<website />
		<email />
		<news>Versión 3.3 - 02/05/23
- Nueva Vista, Slider Paisaje
- Nuevo item, Actualizar Listados de Series y Películas de Palantir
- Agregada opción en Ajustes de Skin para Actualizar los Listados de Palantir
- Eliminados items, productoras cristal y disney + star por no funcionar
- Cambiado startup de configuración del skin
- Los items en el inicio widget se ocultan automáticamente
- Reconfigurado título y sinopsis del inicio widgets
- Los widgets vacíos aparecerá el icono si no es el foco
- Los widgets personales aparecen después de los del skin
- Cambiada visibilidad del fondo por defecto
- Cambiados iconos de stop y reproductor al reproducir un video y minimizarlo
- Ajustes del addon alfa en ajustes de skin ahora lleva a configuracion dentro del addon
- Reparados buscadores personalizados, ahora sí funcionan
- Cambiado estilo de cuadros de selección
- Opción 'Imagen de Fondo estática" en ajustes de skin hace que no cambie el background
- Modificada ruta de secciones de Motogp y F1 en item Repeticiones de Alfa a Cristal Azul
- Al avanzar por pasos con el mando en un vídeo ahora se verá la cantidad de avance en la barra
- Al avanzar pulsando hacia arriba en el mando ahora aparece la barra y el indicador de 10 minutos
- Cambiada posición y aspecto de las ventanas de ajustes de audio, video y subtítulos</news>
		<assets>
			<icon>icon.png</icon>
			<fanart>fanart.jpg</fanart>
			<screenshot>resources/screenshot001.jpg</screenshot>
			<screenshot>resources/screenshot002.jpg</screenshot>
			<screenshot>resources/screenshot003.jpg</screenshot>
			<screenshot>resources/screenshot004.jpg</screenshot>
			<screenshot>resources/screenshot005.jpg</screenshot>
		</assets>
	</extension>
</addon>