{
  "id": "comamosramen",
  "name": "Comamos Ramen",
  "active": false,
  "adult": false,
  "language": ["vos", "lat"],
  "thumbnail": "https://comamosramen.com/manifest/icon-512x512.png",
  "banner": "https://comamosramen.com/banner-navidad.jpeg",
  "fanart": "https://comamosramen.com/login-bg.png",
  "categories": [
    "movie",
    "tvshow",
    "vos"
  ],
  "settings": [
    {
      "id": "include_in_global_search",
      "type": "bool",
      "label": "Incluir en búsqueda global",
      "default": false,
      "enabled": true,
      "visible": true
    },
    {
      "id": "include_in_newest_series",
      "type": "bool",
      "label": "Incluir en Novedades - Series",
      "default": false,
      "enabled": true,
      "visible": true
    },
    {
      "id": "include_in_newest_peliculas",
      "type": "bool",
      "label": "Incluir en Novedades - Películas",
      "default": true,
      "enabled": true,
      "visible": true
    }
  ]
}
