{
  "id": "newpct1",
  "name": "Newpct1",
  "active": true,
  "adult": false,
  "language": ["cast", "lat"],
  "thumbnail": "https://i.postimg.cc/hQthW08Y/newpct1.jpg",
  "banner": "newpct1.png",
  "fanart": "",
  "categories": [
    "torrent",
    "movie",
    "tvshow",
    "vos",
    "direct"
  ],
  "settings": [
    {
      "id": "include_in_global_search",
      "type": "bool",
      "label": "Incluir en busqueda global",
      "default": true,
      "enabled": true,
      "visible": true
    },
    {
      "id": "modo_grafico",
      "type": "bool",
      "label": "Buscar informacion extra (TMDB)",
      "default": true,
      "enabled": true,
      "visible": true
    }, 
    {
      "id": "modo_grafico_lang",
      "type": "list",
      "label": "Idioma para buscar informacion extra (TMDB)",
      "default": 0,
      "enabled": true,
      "visible": true,
      "lvalues": [
        "Español",
        "Inglés",
        "Español+Inglés"
      ]
    },
    {
      "id": "pseudo_titulos",
      "type": "bool",
      "label": "Desea ver Pseudo titulos de ayuda?",
      "default": true,
      "enabled": true,
      "visible": true
    },
    {
      "id": "find_alt_link_option",
      "type": "bool",
      "label": "Desea buscar enlaces alternativos si están bloqueados?",
      "default": true,
      "enabled": true,
      "visible": true
    },
    {
      "id": "auto_download_new",
      "type": "bool",
      "label": "Desea que se descarguen automaticamente los nuevos episodios de la Videoteca?",
      "default": false,
      "enabled": true,
      "visible": true
    },
    {
      "id": "auto_download_new_all",
      "type": "bool",
      "label": "Incluso si es una Temporada NUEVA?",
      "default": false,
      "enabled": true,
      "visible": true
    },
    {
      "id": "filter_languages",
      "type": "list",
      "label": "Mostrar enlaces en idioma...",
      "default": 0,
      "enabled": true,
      "visible": true,
      "lvalues": [
        "No filtrar",
        "CAST",
        "LAT",
        "VO",
        "VOS",
        "VOSE"
      ]
    },
    {
      "id": "emergency_urls",
      "type": "list",
      "label": "Se quieren guardar Enlaces de Emergencia por si se cae la Web?",
      "default": 1,
      "enabled": true,
      "visible": true,
      "lvalues": [
        "No",
        "Guardar",
        "Borrar",
        "Actualizar"
      ]
    },
    {
      "id": "emergency_urls_torrents",
      "type": "bool",
      "label": "Se quieren guardar Torrents de Emergencia por si se cae la Web?",
      "default": true,
      "enabled": true,
      "visible": "!eq(-1,'No')"
    },
    {
      "id": "clonenewpct1_channel_default",
      "type": "list",
      "label": "Clone de NewPct1 por defecto",
      "default": 0,
      "enabled": true,
      "visible": true,
      "lvalues": [
        "Aleatorio",
        "Atomohd"
      ]
    },
    {
      "id": "clonenewpct1_channels_list",
      "type": "text",
      "label": "Lista de clones de NewPct1 y orden de uso",
      "default": "('1', 'atomohd', 'https://atomohd.app/', 'movie, tvshow, season, episode', ''), ('0', 'atomixhq', 'https://atomixhq.xyz/', 'movie, tvshow, season, episode', ''), ('0', 'nucleohd', 'https://nucleohd.com/', 'movie, tvshow, season, episode', ''), ('0', 'pctmix1', 'https://pctmix1.com/', 'movie, tvshow, season, episode', ''), ('0', 'pctreload1', 'https://pctreload1.com/', 'movie, tvshow, season, episode', ''), ('0', 'maxitorrent', 'https://maxitorrent.com/', 'movie, tvshow, season, episode', ''), ('0', 'pctmix', 'https://pctmix.com/', 'movie, tvshow, season, episode', ''), ('0', 'pctreload', 'https://pctreload.com/', 'movie, tvshow, season, episode', ''), ('0', 'descargas2020', 'https://descargas2020.net/', 'movie, tvshow, season, episode', ''), ('0', 'tumejortorrent', 'https://tumejortorrent.org/', 'movie, tvshow, season, episode', ''), ('0', 'torrentrapid', 'https://torrentrapid.org/', 'movie, tvshow, season, episode', 'serie_episodios'), ('0', 'planetatorrent', 'http://planetatorrent.com/', 'movie, tvshow, season, episode', ''), ('0', 'tvsinpagar', 'http://www.tvsinpagar.com/', 'tvshow, season, episode', ''), ('0', 'torrentlocura', 'https://torrentlocura.click/', 'movie, tvshow, season, episode', ''), ('0', 'mispelisyseries', 'http://mispelisyseries.com/', 'movie', 'search, listado_busqueda'), ('0', 'pctnew', 'https://pctnew.org/', 'movie, tvshow, season, episode', '')",
      "enabled": true,
      "visible": false
    },
    {
      "id": "intervenidos_channels_list",
      "type": "text",
      "label": "Lista de canales y clones de NewPct1 intervenidos y orden de sustitucion de URLs",
      "default": "('0', 'canal_org', 'canal_des', 'url_org', 'url_des', 'patron1', 'patron2', 'patron3', 'patron4', 'patron5', 'content_inc', 'content_exc', 'ow_force'), ('1', 'atomohd', 'atomohd', 'atomohd.pm', 'https://atomohd.app/', '\u0028http\\S+\u0029\\/\\w+-\u0028?:org|com\u0029', '', '', '', '', '*', '', 'no'), ('1', 'atomohd', 'atomohd', 'atomohd.wf', 'https://atomohd.app/', '\u0028http\\S+\u0029\\/\\w+-\u0028?:org|com\u0029', '', '', '', '', '*', '', 'no'), ('1', 'atomohd', 'atomohd', 'atomohd.click', 'https://atomohd.app/', '\u0028http\\S+\u0029\\/\\w+-\u0028?:org|com\u0029', '', '', '', '', '*', '', 'no'), ('1', 'atomohd', 'atomohd', 'atomohd.cc', 'https://atomohd.app/', '\u0028http\\S+\u0029\\/\\w+-\u0028?:org|com\u0029', '', '', '', '', '*', '', 'no'), ('1', 'atomohd', 'atomohd', 'atomohd.re', 'https://atomohd.app/', '\u0028http\\S+\u0029\\/\\w+-\u0028?:org|com\u0029', '', '', '', '', '*', '', 'no'), ('1', 'atomohd', 'atomohd', 'atomohd.in', 'https://atomohd.app/', '\u0028http\\S+\u0029\\/\\w+-\u0028?:org|com\u0029', '', '', '', '', '*', '', 'no'), ('1', 'atomohd', 'atomohd', 'atomohd.ue', 'https://atomohd.app/', '\u0028http\\S+\u0029\\/\\w+-\u0028?:org|com\u0029', '', '', '', '', '*', '', 'no'), ('1', 'atomohd', 'atomohd', 'atomohd.link', 'https://atomohd.app/', '\u0028http\\S+\u0029\\/\\w+-\u0028?:org|com\u0029', '', '', '', '', '*', '', 'no'), ('1', 'atomohd', 'atomohd', 'atomohd.pl', 'https://atomohd.app/', '\u0028http\\S+\u0029\\/\\w+-\u0028?:org|com\u0029', '', '', '', '', '*', '', 'no'), ('1', 'atomohd', 'atomohd', 'atomohd.tel', 'https://atomohd.app/', '\u0028http\\S+\u0029\\/\\w+-\u0028?:org|com\u0029', '', '', '', '', '*', '', 'no'), ('1', 'atomohd', 'atomohd', 'atomohd.one', 'https://atomohd.app/', '\u0028http\\S+\u0029\\/\\w+-\u0028?:org|com\u0029', '', '', '', '', '*', '', 'no'), ('1', 'atomohd', 'atomohd', 'atomohd.top', 'https://atomohd.app/', '\u0028http\\S+\u0029\\/\\w+-\u0028?:org|com\u0029', '', '', '', '', '*', '', 'no'), ('1', 'atomohd', 'atomohd', 'atomohd.art', 'https://atomohd.app/', '\u0028http\\S+\u0029\\/\\w+-\u0028?:org|com\u0029', '', '', '', '', '*', '', 'no'), ('1', 'atomohd', 'atomohd', 'atomohd.life', 'https://atomohd.app/', '\u0028http\\S+\u0029\\/\\w+-\u0028?:org|com\u0029', '', '', '', '', '*', '', 'no'), ('1', 'atomohd', 'atomohd', 'atomohd.xyz', 'https://atomohd.app/', '\u0028http\\S+\u0029\\/\\w+-\u0028?:org|com\u0029', '', '', '', '', '*', '', 'no'), ('1', 'atomohd', 'atomohd', 'atomohd.org', 'https://atomohd.app/', '\u0028http\\S+\u0029\\/\\w+-\u0028?:org|com\u0029', '', '', '', '', '*', '', 'no'), ('1', 'atomohd', 'atomohd', 'atomohd.net', 'https://atomohd.app/', '\u0028http\\S+\u0029\\/\\w+-\u0028?:org|com\u0029', '', '', '', '', '*', '', 'no'), ('1', 'atomohd', 'atomohd', 'atomohd.com', 'https://atomohd.app/', '\u0028http\\S+\u0029\\/\\w+-\u0028?:org|com\u0029', '', '', '', '', '*', '', 'no'), ('1', 'atomixhq', 'atomohd', 'atomixhq.xyz', 'https://atomohd.app/', '\u0028http\\S+\u0029\\/\\w+-\u0028?:org|com\u0029', '', '', '', '', '*', '', 'no'), ('1', 'atomixhq', 'atomohd', 'atomixhq.in', 'https://atomohd.app/', '\u0028http\\S+\u0029\\/\\w+-\u0028?:org|com\u0029', '', '', '', '', '*', '', 'no'), ('1', 'nucleohd', 'atomohd', 'nucleohd.com', 'https://atomohd.app/', '\u0028http\\S+\u0029\\/\\w+-\u0028?:org|com\u0029', '', '', '', '', '*', '', 'no'), ('1', 'atomixhq', 'atomohd', 'atomixhq.in', 'https://atomohd.app/', '\u0028http\\S+\u0029\\/\\w+-\u0028?:org|com\u0029', '', '', '', '', '*', '', 'no'), ('1', 'atomixhq', 'atomohd', 'atomixhq.in', 'https://atomohd.app/', '\u0028http\\S+\u0029\\/\\w+-\u0028?:org|com\u0029', '', '', '', '', '*', '', 'no'), ('1', 'atomixhq', 'atomohd', 'atomixhq.in', 'https://atomohd.app/', '\u0028http\\S+\u0029\\/\\w+-\u0028?:org|com\u0029', '', '', '', '', '*', '', 'no'), ('1', 'atomixhq', 'atomohd', 'atomixhq.net', 'https://atomohd.app/', '\u0028http\\S+\u0029\\/\\w+-\u0028?:org|com\u0029', '', '', '', '', '*', '', 'no'), ('1', 'atomixhq', 'atomohd', 'atomixhq.in', 'https://atomohd.app/', '\u0028http\\S+\u0029\\/\\w+-\u0028?:org|com\u0029', '', '', '', '', '*', '', 'no'), ('1', 'atomixhq', 'atomohd', 'atomixhq.com', 'https://atomohd.app/', '\u0028http\\S+\u0029\\/\\w+-\u0028?:org|com\u0029', '', '', '', '', '*', '', 'no'), ('1', 'maxitorrent', 'atomohd', 'maxitorrent.com', 'https://atomohd.app/', '\u0028http\\S+\u0029\\/\\w+-\u0028?:org|com\u0029', '', '', '', '', '*', '', 'no'), ('1', 'pctmix1', 'atomohd', 'pctmix1.com', 'https://atomohd.app/', '\u0028http\\S+\u0029\\/\\w+-\u0028?:org|com\u0029', '', '', '', '', '*', '', 'no'), ('1', 'pctreload1', 'atomohd', 'pctreload1.com', 'https://atomohd.app/', '\u0028http\\S+\u0029\\/\\w+-\u0028?:org|com\u0029', '', '', '', '', '*', '', 'no'), ('1', 'pctreload', 'atomohd', 'pctreload.com', 'https://atomohd.app/', '\u0028http\\S+\u0029\\/\\w+-\u0028?:org|com\u0029', '', '', '', '', '*', '', 'no'), ('1', 'pctmix', 'atomohd', 'pctmix.com', 'https://atomohd.app/', '\u0028http\\S+\u0029\\/\\w+-\u0028?:org|com\u0029', '', '', '', '', '*', '', 'no'), ('1', 'descargas2020', 'atomohd', 'descargas2020.com', 'https://atomohd.app/', '\u0028http\\S+\u0029\\/\\w+-\u0028?:org|com\u0029', '', '', '', '', '*', '', 'no'), ('1', 'descargas2020', 'atomohd', 'descargas2020.org', 'https://atomohd.app/', '\u0028http\\S+\u0029\\/\\w+-\u0028?:org|com\u0029', '', '', '', '', '*', '', 'no'), ('1', 'pctnew', 'atomohd', 'pctnew.com', 'https://atomohd.app/', '\u0028http\\S+\u0029\\/\\w+-\u0028?:org|com\u0029', '', '', '', '', '*', '', 'no'), ('1', 'pctnew', 'atomohd', 'pctnew.org', 'https://atomohd.app/', '\u0028http\\S+\u0029\\/\\w+-\u0028?:org|com\u0029', '', '', '', '', '*', '', 'no'), ('1', 'tumejortorrent', 'atomohd', 'tumejortorrent.com', 'https://atomohd.app/', '\u0028http\\S+\u0029\\/\\w+-\u0028?:org|com\u0029', '', '', '', '', '*', '', 'no'), ('1', 'torrentrapid', 'atomohd', 'torrentrapid.com', 'https://atomohd.app/', '\u0028http\\S+\u0029\\/\\w+-\u0028?:org|com\u0029', '', '', '', '', '*', '', 'no'), ('1', 'torrentlocura', 'atomohd', 'torrentlocura.com', 'https://atomohd.app/', '\u0028http\\S+\u0029\\/\\w+-\u0028?:org|com\u0029', '', '', '', '', '*', '', 'no'), ('1', 'tvsinpagar', 'atomohd', 'www.tvsinpagar.com', 'https://atomohd.app/', '\u0028http\\S+\u0029\\/\\w+-\u0028?:org|com\u0029', '', '', '', '', '*', '', 'no'), ('1', 'mispelisyseries', 'atomohd', 'mispelisyseries.com', 'https://atomohd.app/', '\u0028http\\S+\u0029\\/\\w+-\u0028?:org|com\u0029', '', '', '', '', '*', '', 'no'), ('1', 'planetatorrent', 'atomohd', 'planetatorrent.com', 'https://atomohd.app/', '\u0028http\\S+\u0029\\/\\w+-\u0028?:org|com\u0029', '', '', '', '', '*', '', 'no')",
      "enabled": true,
      "visible": false
    },
    {
      "id": "seleccionar_ult_temporadda_activa",
      "type": "bool",
      "label": "Seleccionar para Videoteca si estara activa solo la última Temporada",
      "default": true,
      "enabled": true,
      "visible": true
    },
    {
      "id": "clonenewpct1_ver_enlaces_veronline",
      "type": "list",
      "label": "Mostrar enlaces Ver Online",
      "default": 1,
      "enabled": true,
      "visible": true,
      "lvalues": [
        "No",
        "Todos",
        "1",
        "5",
        "10",
        "20"
      ]
    },
    {
      "id": "clonenewpct1_verificar_enlaces_veronline",
      "type": "list",
      "label": "Verificar enlaces Ver Online",
      "default": 0,
      "enabled": true,
      "visible": "!eq(-1,'No')",
      "lvalues": [
        "No",
        "Todos",
        "1",
        "5",
        "10",
        "20"
      ]
    },
    {
      "id": "clonenewpct1_verificar_enlaces_veronline_validos",
      "type": "bool",
      "label": "¿Contar solo enlaces 'verificados' en Ver Online?",
      "default": true,
      "enabled": true,
      "visible": "!eq(-1,'No') + !eq(-2,'No')"
    },
    {
      "id": "clonenewpct1_excluir1_enlaces_veronline",
      "type": "list",
      "label": "Excluir Servidores para Ver Online",
      "default": 22,
      "max_excl": 5,
      "enabled": true,
      "visible": "!eq(-3,'No')",
      "lvalues": [
        "No",
        "Bankupload",
        "Clipwatching",
        "Flashx",
        "Katfile",
        "Mega",
        "Mexashare",
        "Movshare",
        "Mowvideo",
        "Openload",
        "Powvideo",
        "Rapidgator",
        "Streamango",
        "Streamcloud",
        "Streame",
        "Streaminto",
        "Streamplay",
        "Thevideo",
        "Turbobit",
        "Uploadedto",
        "Uptobox",
        "Userscloud",
        "Vidabc",
        "Vidspot"
      ]
    },
    {
      "id": "clonenewpct1_excluir2_enlaces_veronline",
      "type": "list",
      "label": "Excluir Servidores para Ver Online",
      "default": 12,
      "enabled": true,
      "visible": "!eq(-1,'No')",
      "lvalues": [
        "No",
        "Bankupload",
        "Clipwatching",
        "Flashx",
        "Katfile",
        "Mega",
        "Mexashare",
        "Movshare",
        "Mowvideo",
        "Openload",
        "Powvideo",
        "Rapidgator",
        "Streamango",
        "Streamcloud",
        "Streame",
        "Streaminto",
        "Streamplay",
        "Thevideo",
        "Turbobit",
        "Uploadedto",
        "Uptobox",
        "Userscloud",
        "Vidabc",
        "Vidspot"
      ]
    },
    {
      "id": "clonenewpct1_excluir3_enlaces_veronline",
      "type": "list",
      "label": "Excluir Servidores para Ver Online",
      "default": 20,
      "enabled": true,
      "visible": "!eq(-1,'No')",
      "lvalues": [
        "No",
        "Bankupload",
        "Clipwatching",
        "Flashx",
        "Katfile",
        "Mega",
        "Mexashare",
        "Movshare",
        "Mowvideo",
        "Openload",
        "Powvideo",
        "Rapidgator",
        "Streamango",
        "Streamcloud",
        "Streame",
        "Streaminto",
        "Streamplay",
        "Thevideo",
        "Turbobit",
        "Uploadedto",
        "Uptobox",
        "Userscloud",
        "Vidabc",
        "Vidspot"
      ]
    },
    {
      "id": "clonenewpct1_excluir4_enlaces_veronline",
      "type": "list",
      "label": "Excluir Servidores para Ver Online",
      "default": 0,
      "enabled": true,
      "visible": "!eq(-1,'No')",
      "lvalues": [
        "No",
        "Bankupload",
        "Clipwatching",
        "Flashx",
        "Katfile",
        "Mega",
        "Mexashare",
        "Movshare",
        "Mowvideo",
        "Openload",
        "Powvideo",
        "Rapidgator",
        "Streamango",
        "Streamcloud",
        "Streame",
        "Streaminto",
        "Streamplay",
        "Thevideo",
        "Turbobit",
        "Uploadedto",
        "Uptobox",
        "Userscloud",
        "Vidabc",
        "Vidspot"
      ]
    },
    {
      "id": "clonenewpct1_excluir5_enlaces_veronline",
      "type": "list",
      "label": "Excluir Servidores para Ver Online",
      "default": 0,
      "enabled": true,
      "visible": "!eq(-1,'No')",
      "lvalues": [
        "No",
        "Bankupload",
        "Clipwatching",
        "Flashx",
        "Katfile",
        "Mega",
        "Mexashare",
        "Movshare",
        "Mowvideo",
        "Openload",
        "Powvideo",
        "Rapidgator",
        "Streamango",
        "Streamcloud",
        "Streame",
        "Streaminto",
        "Streamplay",
        "Thevideo",
        "Turbobit",
        "Uploadedto",
        "Uptobox",
        "Userscloud",
        "Vidabc",
        "Vidspot"
      ]
    },
    {
      "id": "clonenewpct1_ver_enlaces_descargas",
      "type": "list",
      "label": "Mostrar enlaces Descargas",
      "default": 0,
      "enabled": true,
      "visible": true,
      "lvalues": [
        "No",
        "Todos",
        "1",
        "5",
        "10",
        "20",
        "30",
        "50",
        "100"
      ]
    },
    {
      "id": "clonenewpct1_verificar_enlaces_descargas",
      "type": "list",
      "label": "Verificar enlaces Descargas",
      "default": 0,
      "enabled": true,
      "visible": "!eq(-1,'No')",
      "lvalues": [
        "No",
        "Todos",
        "1",
        "5",
        "10",
        "20",
        "30",
        "50",
        "100"
      ]
    },
        {
      "id": "clonenewpct1_verificar_enlaces_descargas_validos",
      "type": "bool",
      "label": "¿Contar solo enlaces 'verificados' en Descargar?",
      "default": true,
      "enabled": true,
      "visible": "!eq(-1,'No') + !eq(-2,'No')"
    },
    {
      "id": "clonenewpct1_excluir1_enlaces_descargas",
      "type": "list",
      "label": "Excluir Servidores para Ver Descargas",
      "default": 0,
      "enabled": true,
      "visible": "!eq(-3,'No')",
      "lvalues": [
        "No",
        "Bankupload",
        "Clipwatching",
        "Flashx",
        "Katfile",
        "Mega",
        "Mexashare",
        "Movshare",
        "Mowvideo",
        "Openload",
        "Powvideo",
        "Rapidgator",
        "Streamango",
        "Streamcloud",
        "Streame",
        "Streaminto",
        "Streamplay",
        "Thevideo",
        "Turbobit",
        "Uploadedto",
        "Uptobox",
        "Userscloud",
        "Vidabc",
        "Vidspot"
      ]
    },
    {
      "id": "clonenewpct1_excluir2_enlaces_descargas",
      "type": "list",
      "label": "Excluir Servidores para Ver Descargas",
      "default": 0,
      "enabled": true,
      "visible": "!eq(-1,'No')",
      "lvalues": [
        "No",
        "Bankupload",
        "Clipwatching",
        "Flashx",
        "Katfile",
        "Mega",
        "Mexashare",
        "Movshare",
        "Mowvideo",
        "Openload",
        "Powvideo",
        "Rapidgator",
        "Streamango",
        "Streamcloud",
        "Streame",
        "Streaminto",
        "Streamplay",
        "Thevideo",
        "Turbobit",
        "Uploadedto",
        "Uptobox",
        "Userscloud",
        "Vidabc",
        "Vidspot"
      ]
    },
    {
      "id": "clonenewpct1_excluir3_enlaces_descargas",
      "type": "list",
      "label": "Excluir Servidores para Descargas",
      "default": 0,
      "enabled": true,
      "visible": "!eq(-1,'No')",
      "lvalues": [
        "No",
        "Bankupload",
        "Clipwatching",
        "Flashx",
        "Katfile",
        "Mega",
        "Mexashare",
        "Movshare",
        "Mowvideo",
        "Openload",
        "Powvideo",
        "Rapidgator",
        "Streamango",
        "Streamcloud",
        "Streame",
        "Streaminto",
        "Streamplay",
        "Thevideo",
        "Turbobit",
        "Uploadedto",
        "Uptobox",
        "Userscloud",
        "Vidabc",
        "Vidspot"
      ]
    },
    {
      "id": "clonenewpct1_excluir4_enlaces_descargas",
      "type": "list",
      "label": "Excluir Servidores para Descargas",
      "default": 0,
      "enabled": true,
      "visible": "!eq(-1,'No')",
      "lvalues": [
        "No",
        "Bankupload",
        "Clipwatching",
        "Flashx",
        "Katfile",
        "Mega",
        "Mexashare",
        "Movshare",
        "Mowvideo",
        "Openload",
        "Powvideo",
        "Rapidgator",
        "Streamango",
        "Streamcloud",
        "Streame",
        "Streaminto",
        "Streamplay",
        "Thevideo",
        "Turbobit",
        "Uploadedto",
        "Uptobox",
        "Userscloud",
        "Vidabc",
        "Vidspot"
      ]
    },
    {
      "id": "clonenewpct1_excluir5_enlaces_descargas",
      "type": "list",
      "label": "Excluir Servidores para Descargas",
      "default": 0,
      "enabled": true,
      "visible": "!eq(-1,'No')",
      "lvalues": [
        "No",
        "Bankupload",
        "Clipwatching",
        "Flashx",
        "Katfile",
        "Mega",
        "Mexashare",
        "Movshare",
        "Mowvideo",
        "Openload",
        "Powvideo",
        "Rapidgator",
        "Streamango",
        "Streamcloud",
        "Streame",
        "Streaminto",
        "Streamplay",
        "Thevideo",
        "Turbobit",
        "Uploadedto",
        "Uptobox",
        "Userscloud",
        "Vidabc",
        "Vidspot"
      ]
    },
    {
      "id": "include_in_newest_peliculas",
      "type": "bool",
      "label": "Incluir en Novedades - Peliculas",
      "default": true,
      "enabled": true,
      "visible": false
    },
    {
      "id": "include_in_newest_latino",
      "type": "bool",
      "label": "Incluir en Novedades - Latino",
      "default": true,
      "enabled": true,
      "visible": false
    },
    {
      "id": "include_in_newest_4k",
      "type": "bool",
      "label": "Incluir en Novedades - 4K",
      "default": true,
      "enabled": true,
      "visible": false
    },
    {
      "id": "include_in_newest_torrent",
      "type": "bool",
      "label": "Incluir en Novedades - Torrent",
      "default": true,
      "enabled": true,
      "visible": false
    },
    {
      "id": "clonenewpct1_timeout_downloadpage",
      "type": "list",
      "label": "Timeout (segs.) en descarga de paginas o verificación de servidores",
      "default": 5,
      "enabled": true,
      "visible": true,
      "lvalues": [
        "None",
        "1",
        "2",
        "3",
        "4",
        "5",
        "6",
        "7",
        "8",
        "9",
        "10"
      ]
    },
    {
      "id": "season_colapse",
      "type": "bool",
      "label": "Seleccionar si quiere colapsar las Temporadas de Series",
      "default": true,
      "enabled": true,
      "visible": true
    },
    {
      "id": "clonenewpct1_rango_fechas_novedades",
      "type": "list",
      "label": "Rango de fechas para busquedas en Novedades",
      "default": 2,
      "enabled": true,
      "visible": true,
      "lvalues": [
        "Hoy",
        "Ayer",
        "Semana",
        "Mes",
        "Siempre"
      ]
    },
    {
      "id": "clonenewpct1_serie_episodio_novedades",
      "type": "list",
      "label": "Ver en Novedades las series como episodios sueltos o serie completa",
      "default": 1,
      "enabled": true,
      "visible": true,
      "lvalues": [
        "Episodios sueltos",
        "Serie completa"
      ]
    }
  ]
}