{
  "id": "salynpm",
  "name": "SalynPM",
  "active": false,
  "adult": false,
  "language": ["VOSE","LAT"],
  "thumbnail": "https://i.postimg.cc/jCyhs6VF/SalynPM.png",
  "banner": "",
  "fanart": "",
  "categories": [
    "movie",
    "vos"
  ],
  "force_unify": true,
  "settings": [
    {
      "id": "modo_grafico",
      "type": "bool",
      "label": "Buscar información extra",
      "default": false,
      "enabled": true,
      "visible": true
    },
    {
      "id": "include_in_global_search",
      "type": "bool",
      "label": "Incluir en busqueda global",
      "default": false,
      "enabled": true,
      "visible": true
    },
    {
      "id": "comprueba_enlaces",
      "type": "bool",
      "label": "Verificar si los enlaces existen",
      "default": false,
      "enabled": true,
      "visible": true
    },
    {
      "id": "comprueba_enlaces_num",
      "type": "list",
      "label": "Número de enlaces a verificar",
      "default": 1,
      "enabled": true,
      "visible": "eq(-1,true)",
      "lvalues": [ "5", "10", "15", "20" ]
    } 
  ]
}
