<?xml version="1.0" encoding="utf-8"?>
<window id="1152">
	<defaultcontrol>9000</defaultcontrol>
	<controls>
		<include>background</include>
		<control type="label">
			<!-- Settings label line 1 -->
			<left>190</left>
			<top>75</top>
			<width>464</width>
			<height>75</height>
			<label>Personalizar Inicio</label>
			<font>ctouch25</font>
		</control>
		<control type="button" id="403">
			<left>1520</left>
			<top>75</top>
			<width>205</width>
			<height>75</height>
			<texturefocus border="9" colordiffuse="$VAR[AccentColor]">button-default.png</texturefocus>
			<texturenofocus border="9" colordiffuse="midgrey">button-default.png</texturenofocus>
			<textwidth>205</textwidth>
			<align>center</align>
			<label>Volver</label>
			<font>ctouch20</font>
			<onclick>Back</onclick>
			<ondown>9000</ondown>
			<onleft>9000</onleft>
			<onright>9000</onright>
			<animation effect="fade" start="100" end="60" condition="!Control.HasFocus(403)">Conditional</animation>
		</control>
		<control type="image">
			<left>110</left>
			<top>170</top>
			<width>1700</width>
			<height>14</height>
			<texture>divider.png</texture>
		</control>				
		<!-- Show apropriate home menu -->
		<control type="group" id="9000">
			<onup>403</onup>
			<control type="group" id="9020">
				<!-- Icon Home Menu -->
				<!-- Markers for off screen menu items -->
				<include content="page-offscreen-vertical">
					<param name="indicator1left" value="925"/>
					<param name="indicator1top" value="195"/>
					<param name="indicator2left" value="925"/>
					<param name="indicator2top" value="975"/>
					<param name="indicatorsize" value="48"/>
					<param name="indicatorcontainer" value="9021"/>
				</include>
				<control type="panel" id="9021">
					<!-- Home menu icon panel -->
					<animation condition="true" effect="zoom" start="100" end="80" center="auto">Conditional</animation>
					<width>1890</width>
					<height>970</height>
					<top>140</top>
					<left>15</left>
					<onleft>noop</onleft>
					<onright>noop</onright>
					<onup>403</onup>
					<ondown>noop</ondown>
					<visible>!Skin.HasSetting(homemenu-custom)</visible>
					<itemlayout height="240" width="378">
						<control type="image">
							<!-- Icon image -->
							<left>39</left>
							<top>15</top>
							<width>300</width>
							<height>180</height>
							<aspectratio>keep</aspectratio>
							<texture fallback="special://skin/extras/homeicons/fallback.png">$INFO[ListItem.Art(thumb)]</texture>
							<bordersize>3</bordersize>
							<visible>ListItem.Property(isActive) + !Control.HasFocus(402) + !Control.HasFocus(403)</visible>
						</control>
						<control type="image">
							<!-- Icon image -->
							<left>39</left>
							<top>15</top>
							<width>300</width>
							<height>180</height>
							<aspectratio>keep</aspectratio>
							<texture fallback="special://skin/extras/homeicons/fallback.png">$INFO[ListItem.Art(thumb)]</texture>
							<bordersize>3</bordersize>
							<animation effect="fade" start="100" end="35" condition="!ListItem.Property(isActive) | Control.HasFocus(402) | Control.HasFocus(403)">Conditional</animation>
							<visible>!ListItem.Property(isActive) | Control.HasFocus(402) | Control.HasFocus(403)</visible>
						</control>						
					</itemlayout>
					<focusedlayout height="240" width="378">
						<control type="group">
							<control type="image">
								<!-- Focused non settings icon image -->
								<top>15</top>
								<left>39</left>
								<width>300</width>
								<height>180</height>
								<aspectratio>keep</aspectratio>
								<bordertexture border="3" colordiffuse="$VAR[AccentColor]">homeiconlite.png</bordertexture>								
								<texture fallback="special://skin/extras/homeicons/fallback.png">$INFO[ListItem.Art(thumb)]</texture>
								<bordersize>6</bordersize>
							</control>
							<control type="label">
								<left>0</left>
								<top>205</top>
								<width>375</width>
								<height>34</height>
								<align>center</align>
								<label fallback="Agregar Favorito">$INFO[ListItem.Label]</label>
								<font>ctouch22</font>
							</control>															
						</control>
					</focusedlayout>
					<content>
						<include content="listpanelitems">
							<param name="itemthumb" value="special://skin/extras/homeicons/tags.png" />
							<param name="itemlabel" value="Pelis en Tendencia" />
							<param name="itemcondition" value="Skin.HasSetting(ptendencia)" />
							<param name="itemmenuid" value="9021" />
							<param name="itemtoggle" value="ptendencia" />
						</include>
						<include content="listpanelitems">
							<param name="itemthumb" value="special://skin/extras/homeicons/cinema.png" />
							<param name="itemlabel" value="Películas Populares" />
							<param name="itemcondition" value="Skin.HasSetting(ppopulares)" />
							<param name="itemmenuid" value="9021" />
							<param name="itemtoggle" value="ppopulares" />
						</include>
						<include content="listpanelitems">
							<param name="itemthumb" value="special://skin/extras/homeicons/genre.png" />
							<param name="itemlabel" value="Géneros de Películas" />
							<param name="itemcondition" value="Skin.HasSetting(pgenre)" />
							<param name="itemmenuid" value="9021" />
							<param name="itemtoggle" value="pgenre" />
						</include>
						<include content="listpanelitems">
							<param name="itemthumb" value="special://skin/extras/homeicons/filemanager.png" />
							<param name="itemlabel" value="Canales" />
							<param name="itemcondition" value="Skin.HasSetting(canales)" />
							<param name="itemmenuid" value="9021" />
							<param name="itemtoggle" value="canales" />
						</include>
						<include content="listpanelitems">
							<param name="itemthumb" value="special://skin/extras/homeicons/fecha.png" />
							<param name="itemlabel" value="Películas por Año" />
							<param name="itemcondition" value="Skin.HasSetting(pfecha)" />
							<param name="itemmenuid" value="9021" />
							<param name="itemtoggle" value="pfecha" />
						</include>
						<include content="listpanelitems">
							<param name="itemthumb" value="special://skin/extras/homeicons/hot.png" />
							<param name="itemlabel" value="Series en Tendencia" />
							<param name="itemcondition" value="Skin.HasSetting(stendencia)" />
							<param name="itemmenuid" value="9021" />
							<param name="itemtoggle" value="stendencia" />
						</include>
						<include content="listpanelitems">
							<param name="itemthumb" value="special://skin/extras/homeicons/emision.png" />
							<param name="itemlabel" value="Series Populares" />
							<param name="itemcondition" value="Skin.HasSetting(spopulares)" />
							<param name="itemmenuid" value="9021" />
							<param name="itemtoggle" value="spopulares" />
						</include>
						<include content="listpanelitems">
							<param name="itemthumb" value="special://skin/extras/homeicons/genres.png" />
							<param name="itemlabel" value="Géneros de Series" />
							<param name="itemcondition" value="Skin.HasSetting(sgeneros)" />
							<param name="itemmenuid" value="9021" />
							<param name="itemtoggle" value="sgeneros" />
						</include>
						<include content="listpanelitems">
							<param name="itemthumb" value="special://skin/extras/homeicons/productorasstva.png" />
							<param name="itemlabel" value="Productoras de Series" />
							<param name="itemcondition" value="Skin.HasSetting(proseries)" />
							<param name="itemmenuid" value="9021" />
							<param name="itemtoggle" value="proseries" />
						</include>
						<include content="listpanelitems">
							<param name="itemthumb" value="special://skin/extras/homeicons/fechaseries.png" />
							<param name="itemlabel" value="Series por Año" />
							<param name="itemcondition" value="Skin.HasSetting(sfecha)" />
							<param name="itemmenuid" value="9021" />
							<param name="itemtoggle" value="sfecha" />
						</include>
						<include content="listpanelitems">
							<param name="itemthumb" value="special://skin/extras/homeicons/cristalazul.png" />
							<param name="itemlabel" value="Televisión Cristal" />
							<param name="itemcondition" value="Skin.HasSetting(tvcristal)" />
							<param name="itemmenuid" value="9021" />
							<param name="itemtoggle" value="tvcristal" />
						</include>
						<include content="listpanelitems">
							<param name="itemthumb" value="special://skin/extras/homeicons/tvpremium.png" />
							<param name="itemlabel" value="TV Premium" />
							<param name="itemcondition" value="Skin.HasSetting(tvpremium)" />
							<param name="itemmenuid" value="9021" />
							<param name="itemtoggle" value="tvpremium" />
						</include>
						<include content="listpanelitems">
							<param name="itemthumb" value="special://skin/extras/homeicons/iptv.png" />
							<param name="itemlabel" value="TDT" />
							<param name="itemcondition" value="Skin.HasSetting(tdt)" />
							<param name="itemmenuid" value="9021" />
							<param name="itemtoggle" value="tdt" />
						</include>
						<include content="listpanelitems">
							<param name="itemthumb" value="special://skin/extras/homeicons/tvalacarta.png" />
							<param name="itemlabel" value="TV a la Carta" />
							<param name="itemcondition" value="Skin.HasSetting(alacarta)" />
							<param name="itemmenuid" value="9021" />
							<param name="itemtoggle" value="alacarta" />
						</include>
						<include content="listpanelitems">
							<param name="itemthumb" value="special://skin/extras/homeicons/mseries.png" />
							<param name="itemlabel" value="Videoteca" />
							<param name="itemcondition" value="Skin.HasSetting(videoteca)" />
							<param name="itemmenuid" value="9021" />
							<param name="itemtoggle" value="videoteca" />
						</include>
						<include content="listpanelitems">
							<param name="itemthumb" value="special://skin/extras/homeicons/winner.png" />
							<param name="itemlabel" value="Winner" />
							<param name="itemcondition" value="Skin.HasSetting(winner)" />
							<param name="itemmenuid" value="9021" />
							<param name="itemtoggle" value="winner" />
						</include>
						<include content="listpanelitems">
							<param name="itemthumb" value="special://skin/extras/homeicons/directosstva.png" />
							<param name="itemlabel" value="En Vivo" />
							<param name="itemcondition" value="Skin.HasSetting(envivo)" />
							<param name="itemmenuid" value="9021" />
							<param name="itemtoggle" value="envivo" />
						</include>
						<include content="listpanelitems">
							<param name="itemthumb" value="special://skin/extras/homeicons/futbol.png" />
							<param name="itemlabel" value="Deportes Cristal" />
							<param name="itemcondition" value="Skin.HasSetting(deportescristal)" />
							<param name="itemmenuid" value="9021" />
							<param name="itemtoggle" value="deportescristal" />
						</include>
						<include content="listpanelitems">
							<param name="itemthumb" value="special://skin/extras/homeicons/repeticiones.png" />
							<param name="itemlabel" value="Repeticiones" />
							<param name="itemcondition" value="Skin.HasSetting(repes)" />
							<param name="itemmenuid" value="9021" />
							<param name="itemtoggle" value="repes" />
						</include>
						<include content="listpanelitems">
							<param name="itemthumb" value="special://skin/extras/homeicons/mpelis.png" />
							<param name="itemlabel" value="Colección" />
							<param name="itemcondition" value="Skin.HasSetting(coleccion)" />
							<param name="itemmenuid" value="9021" />
							<param name="itemtoggle" value="coleccion" />
						</include>
						<include content="listpanelitems">
							<param name="itemthumb" value="special://skin/extras/homeicons/liptv.png" />
							<param name="itemlabel" value="IPTV" />
							<param name="itemcondition" value="Skin.HasSetting(iptv-v)" />
							<param name="itemmenuid" value="9021" />
							<param name="itemtoggle" value="iptv-v" />
						</include>
						<include content="listpanelitems">
							<param name="itemthumb" value="special://skin/extras/homeicons/coleccion.png" />
							<param name="itemlabel" value="Colección" />
							<param name="itemcondition" value="!Skin.HasSetting(coleccion-v) + Library.HasContent(tvshows) + Skin.HasSetting(homemenu-icon" />
							<param name="itemmenuid" value="9021" />
							<param name="itemtoggle" value="coleccion-v" />
						</include>
						<include content="listpanelitems">
							<param name="itemcustombase" value="CustomMovies.1" />
							<param name="itemthumb" value="$INFO[Skin.String(CustomMovies.1.Icon)]" />
							<param name="itemlabel" value="$INFO[Skin.String(CustomMovies.1.Label)]" />
							<param name="itemcondition" value="!String.IsEmpty(Skin.String(CustomMovies.1.Path))" />
							<param name="itemmenuid" value="9021" />
						</include>
						<include content="listpanelitems">
							<param name="itemcustombase" value="CustomMovies.2" />
							<param name="itemthumb" value="$INFO[Skin.String(CustomMovies.2.Icon)]" />
							<param name="itemlabel" value="$INFO[Skin.String(CustomMovies.2.Label)]" />
							<param name="itemcondition" value="!String.IsEmpty(Skin.String(CustomMovies.2.Path))" />
							<param name="itemmenuid" value="9021" />
						</include>
						<include content="listpanelitems">
							<param name="itemcustombase" value="CustomMovies.3" />
							<param name="itemthumb" value="$INFO[Skin.String(CustomMovies.3.Icon)]" />
							<param name="itemlabel" value="$INFO[Skin.String(CustomMovies.3.Label)]" />
							<param name="itemcondition" value="!String.IsEmpty(Skin.String(CustomMovies.3.Path))" />
							<param name="itemmenuid" value="9021" />
						</include>
						<include content="listpanelitems">
							<param name="itemcustombase" value="CustomMovies.4" />
							<param name="itemthumb" value="$INFO[Skin.String(CustomMovies.4.Icon)]" />
							<param name="itemlabel" value="$INFO[Skin.String(CustomMovies.4.Label)]" />
							<param name="itemcondition" value="!String.IsEmpty(Skin.String(CustomMovies.4.Path))" />
							<param name="itemmenuid" value="9021" />
						</include>
						<include content="listpanelitems">
							<param name="itemcustombase" value="CustomMovies.5" />
							<param name="itemthumb" value="$INFO[Skin.String(CustomMovies.5.Icon)]" />
							<param name="itemlabel" value="$INFO[Skin.String(CustomMovies.5.Label)]" />
							<param name="itemcondition" value="!String.IsEmpty(Skin.String(CustomMovies.5.Path))" />
							<param name="itemmenuid" value="9021" />
						</include>
						<include content="listpanelitems">
							<param name="itemcustombase" value="CustomTVShow.1" />
							<param name="itemthumb" value="$INFO[Skin.String(CustomTVShow.1.Icon)]" />
							<param name="itemlabel" value="$INFO[Skin.String(CustomTVShow.1.Label)]" />
							<param name="itemcondition" value="!String.IsEmpty(Skin.String(CustomTVShow.1.Path))" />
							<param name="itemmenuid" value="9021" />
						</include>
						<include content="listpanelitems">
							<param name="itemcustombase" value="CustomTVShow.2" />
							<param name="itemthumb" value="$INFO[Skin.String(CustomTVShow.2.Icon)]" />
							<param name="itemlabel" value="$INFO[Skin.String(CustomTVShow.2.Label)]" />
							<param name="itemcondition" value="!String.IsEmpty(Skin.String(CustomTVShow.2.Path))" />
							<param name="itemmenuid" value="9021" />
						</include>
						<include content="listpanelitems">
							<param name="itemcustombase" value="CustomTVShow.3" />
							<param name="itemthumb" value="$INFO[Skin.String(CustomTVShow.3.Icon)]" />
							<param name="itemlabel" value="$INFO[Skin.String(CustomTVShow.3.Label)]" />
							<param name="itemcondition" value="!String.IsEmpty(Skin.String(CustomTVShow.3.Path))" />
							<param name="itemmenuid" value="9021" />
						</include>
						<include content="listpanelitems">
							<param name="itemcustombase" value="CustomTVShow.4" />
							<param name="itemthumb" value="$INFO[Skin.String(CustomTVShow.4.Icon)]" />
							<param name="itemlabel" value="$INFO[Skin.String(CustomTVShow.4.Label)]" />
							<param name="itemcondition" value="!String.IsEmpty(Skin.String(CustomTVShow.4.Path))" />
							<param name="itemmenuid" value="9021" />
						</include>
						<include content="listpanelitems">
							<param name="itemcustombase" value="CustomTVShow.5" />
							<param name="itemthumb" value="$INFO[Skin.String(CustomTVShow.5.Icon)]" />
							<param name="itemlabel" value="$INFO[Skin.String(CustomTVShow.5.Label)]" />
							<param name="itemcondition" value="!String.IsEmpty(Skin.String(CustomTVShow.5.Path))" />
							<param name="itemmenuid" value="9021" />
						</include>
						<include content="listpanelitems">
							<param name="itemcustombase" value="CustomTV.1" />
							<param name="itemthumb" value="$INFO[Skin.String(CustomTV.1.Icon)]" />
							<param name="itemlabel" value="$INFO[Skin.String(CustomTV.1.Label)]" />
							<param name="itemcondition" value="!String.IsEmpty(Skin.String(CustomTV.1.Path))" />
							<param name="itemmenuid" value="9021" />
						</include>
						<include content="listpanelitems">
							<param name="itemcustombase" value="CustomTV.2" />
							<param name="itemthumb" value="$INFO[Skin.String(CustomTV.2.Icon)]" />
							<param name="itemlabel" value="$INFO[Skin.String(CustomTV.2.Label)]" />
							<param name="itemcondition" value="!String.IsEmpty(Skin.String(CustomTV.2.Path))" />
							<param name="itemmenuid" value="9021" />
						</include>
						<include content="listpanelitems">
							<param name="itemcustombase" value="CustomTV.3" />
							<param name="itemthumb" value="$INFO[Skin.String(CustomTV.3.Icon)]" />
							<param name="itemlabel" value="$INFO[Skin.String(CustomTV.3.Label)]" />
							<param name="itemcondition" value="!String.IsEmpty(Skin.String(CustomTV.3.Path))" />
							<param name="itemmenuid" value="9021" />
						</include>
						<include content="listpanelitems">
							<param name="itemcustombase" value="CustomTV.4" />
							<param name="itemthumb" value="$INFO[Skin.String(CustomTV.4.Icon)]" />
							<param name="itemlabel" value="$INFO[Skin.String(CustomTV.4.Label)]" />
							<param name="itemcondition" value="!String.IsEmpty(Skin.String(CustomTV.4.Path))" />
							<param name="itemmenuid" value="9021" />
						</include>
						<include content="listpanelitems">
							<param name="itemcustombase" value="CustomTV.5" />
							<param name="itemthumb" value="$INFO[Skin.String(CustomTV.5.Icon)]" />
							<param name="itemlabel" value="$INFO[Skin.String(CustomTV.5.Label)]" />
							<param name="itemcondition" value="!String.IsEmpty(Skin.String(CustomTV.5.Path))" />
							<param name="itemmenuid" value="9021" />
						</include>
						<include content="listpanelitems">
							<param name="itemcustombase" value="CustomRadio.1" />
							<param name="itemthumb" value="$INFO[Skin.String(CustomRadio.1.Icon)]" />
							<param name="itemlabel" value="$INFO[Skin.String(CustomRadio.1.Label)]" />
							<param name="itemcondition" value="!String.IsEmpty(Skin.String(CustomRadio.1.Path))" />
							<param name="itemmenuid" value="9021" />
						</include>
						<include content="listpanelitems">
							<param name="itemcustombase" value="CustomRadio.2" />
							<param name="itemthumb" value="$INFO[Skin.String(CustomRadio.2.Icon)]" />
							<param name="itemlabel" value="$INFO[Skin.String(CustomRadio.2.Label)]" />
							<param name="itemcondition" value="!String.IsEmpty(Skin.String(CustomRadio.2.Path))" />
							<param name="itemmenuid" value="9021" />
						</include>
						<include content="listpanelitems">
							<param name="itemcustombase" value="CustomRadio.3" />
							<param name="itemthumb" value="$INFO[Skin.String(CustomRadio.3.Icon)]" />
							<param name="itemlabel" value="$INFO[Skin.String(CustomRadio.3.Label)]" />
							<param name="itemcondition" value="!String.IsEmpty(Skin.String(CustomRadio.3.Path))" />
							<param name="itemmenuid" value="9021" />
						</include>
						<include content="listpanelitems">
							<param name="itemcustombase" value="CustomRadio.4" />
							<param name="itemthumb" value="$INFO[Skin.String(CustomRadio.4.Icon)]" />
							<param name="itemlabel" value="$INFO[Skin.String(CustomRadio.4.Label)]" />
							<param name="itemcondition" value="!String.IsEmpty(Skin.String(CustomRadio.4.Path))" />
							<param name="itemmenuid" value="9021" />
						</include>
						<include content="listpanelitems">
							<param name="itemcustombase" value="CustomRadio.5" />
							<param name="itemthumb" value="$INFO[Skin.String(CustomRadio.5.Icon)]" />
							<param name="itemlabel" value="$INFO[Skin.String(CustomRadio.5.Label)]" />
							<param name="itemcondition" value="!String.IsEmpty(Skin.String(CustomRadio.5.Path))" />
							<param name="itemmenuid" value="9021" />
						</include>
						<include content="listpanelitems">
							<param name="itemcustombase" value="CustomFav.1" />
							<param name="itemthumb" value="$INFO[Skin.String(CustomFav.1.Icon)]" />
							<param name="itemlabel" value="$INFO[Skin.String(CustomFav.1.Label)]" />
							<param name="itemcondition" value="!String.IsEmpty(Skin.String(CustomFav.1.Path))" />
							<param name="itemmenuid" value="9021" />
						</include>
						<include content="listpanelitems">
							<param name="itemcustombase" value="CustomFav.2" />
							<param name="itemthumb" value="$INFO[Skin.String(CustomFav.2.Icon)]" />
							<param name="itemlabel" value="$INFO[Skin.String(CustomFav.2.Label)]" />
							<param name="itemcondition" value="!String.IsEmpty(Skin.String(CustomFav.2.Path))" />
							<param name="itemmenuid" value="9021" />
						</include>
						<include content="listpanelitems">
							<param name="itemcustombase" value="CustomFav.3" />
							<param name="itemthumb" value="$INFO[Skin.String(CustomFav.3.Icon)]" />
							<param name="itemlabel" value="$INFO[Skin.String(CustomFav.3.Label)]" />
							<param name="itemcondition" value="!String.IsEmpty(Skin.String(CustomFav.3.Path))" />
							<param name="itemmenuid" value="9021" />
						</include>
						<include content="listpanelitems">
							<param name="itemcustombase" value="CustomFav.4" />
							<param name="itemthumb" value="$INFO[Skin.String(CustomFav.4.Icon)]" />
							<param name="itemlabel" value="$INFO[Skin.String(CustomFav.4.Label)]" />
							<param name="itemcondition" value="!String.IsEmpty(Skin.String(CustomFav.4.Path))" />
							<param name="itemmenuid" value="9021" />
						</include>
						<include content="listpanelitems">
							<param name="itemcustombase" value="CustomFav.5" />
							<param name="itemthumb" value="$INFO[Skin.String(CustomFav.5.Icon)]" />
							<param name="itemlabel" value="$INFO[Skin.String(CustomFav.5.Label)]" />
							<param name="itemcondition" value="!String.IsEmpty(Skin.String(CustomFav.5.Path))" />
							<param name="itemmenuid" value="9021" />
						</include>
						<include content="listpanelitems">
							<param name="itemcustombase" value="CustomMusic.1" />
							<param name="itemthumb" value="$INFO[Skin.String(CustomMusic.1.Icon)]" />
							<param name="itemlabel" value="$INFO[Skin.String(CustomMusic.1.Label)]" />
							<param name="itemcondition" value="!String.IsEmpty(Skin.String(CustomMusic.1.Path))" />
							<param name="itemmenuid" value="9021" />
						</include>
						<include content="listpanelitems">
							<param name="itemcustombase" value="CustomMusic.2" />
							<param name="itemthumb" value="$INFO[Skin.String(CustomMusic.2.Icon)]" />
							<param name="itemlabel" value="$INFO[Skin.String(CustomMusic.2.Label)]" />
							<param name="itemcondition" value="!String.IsEmpty(Skin.String(CustomMusic.2.Path))" />
							<param name="itemmenuid" value="9021" />
						</include>
						<include content="listpanelitems">
							<param name="itemcustombase" value="CustomMusic.3" />
							<param name="itemthumb" value="$INFO[Skin.String(CustomMusic.3.Icon)]" />
							<param name="itemlabel" value="$INFO[Skin.String(CustomMusic.3.Label)]" />
							<param name="itemcondition" value="!String.IsEmpty(Skin.String(CustomMusic.3.Path))" />
							<param name="itemmenuid" value="9021" />
						</include>
						<include content="listpanelitems">
							<param name="itemcustombase" value="CustomMusic.4" />
							<param name="itemthumb" value="$INFO[Skin.String(CustomMusic.4.Icon)]" />
							<param name="itemlabel" value="$INFO[Skin.String(CustomMusic.4.Label)]" />
							<param name="itemcondition" value="!String.IsEmpty(Skin.String(CustomMusic.4.Path))" />
							<param name="itemmenuid" value="9021" />
						</include>
						<include content="listpanelitems">
							<param name="itemcustombase" value="CustomMusic.5" />
							<param name="itemthumb" value="$INFO[Skin.String(CustomMusic.5.Icon)]" />
							<param name="itemlabel" value="$INFO[Skin.String(CustomMusic.5.Label)]" />
							<param name="itemcondition" value="!String.IsEmpty(Skin.String(CustomMusic.5.Path))" />
							<param name="itemmenuid" value="9021" />
						</include>
						<include content="listpanelitems">
							<param name="itemcustombase" value="CustomAddon.1" />
							<param name="itemthumb" value="$INFO[Skin.String(CustomAddon.1.Icon)]" />
							<param name="itemlabel" value="$INFO[Skin.String(CustomAddon.1.Label)]" />
							<param name="itemcondition" value="!String.IsEmpty(Skin.String(CustomAddon.1.Path))" />
							<param name="itemmenuid" value="9021" />
						</include>
						<include content="listpanelitems">
							<param name="itemcustombase" value="CustomAddon.2" />
							<param name="itemthumb" value="$INFO[Skin.String(CustomAddon.2.Icon)]" />
							<param name="itemlabel" value="$INFO[Skin.String(CustomAddon.2.Label)]" />
							<param name="itemcondition" value="!String.IsEmpty(Skin.String(CustomAddon.2.Path))" />
							<param name="itemmenuid" value="9021" />
						</include>
						<include content="listpanelitems">
							<param name="itemcustombase" value="CustomAddon.3" />
							<param name="itemthumb" value="$INFO[Skin.String(CustomAddon.3.Icon)]" />
							<param name="itemlabel" value="$INFO[Skin.String(CustomAddon.3.Label)]" />
							<param name="itemcondition" value="!String.IsEmpty(Skin.String(CustomAddon.3.Path))" />
							<param name="itemmenuid" value="9021" />
						</include>
						<include content="listpanelitems">
							<param name="itemcustombase" value="CustomAddon.4" />
							<param name="itemthumb" value="$INFO[Skin.String(CustomAddon.4.Icon)]" />
							<param name="itemlabel" value="$INFO[Skin.String(CustomAddon.4.Label)]" />
							<param name="itemcondition" value="!String.IsEmpty(Skin.String(CustomAddon.4.Path))" />
							<param name="itemmenuid" value="9021" />
						</include>
						<include content="listpanelitems">
							<param name="itemcustombase" value="CustomAddon.5" />
							<param name="itemthumb" value="$INFO[Skin.String(CustomAddon.5.Icon)]" />
							<param name="itemlabel" value="$INFO[Skin.String(CustomAddon.5.Label)]" />
							<param name="itemcondition" value="!String.IsEmpty(Skin.String(CustomAddon.5.Path))" />
							<param name="itemmenuid" value="9021" />
						</include>
						<include content="listpanelitems">
							<param name="itemcustombase" value="CustomGame.1" />
							<param name="itemthumb" value="$INFO[Skin.String(CustomGame.1.Icon)]" />
							<param name="itemlabel" value="$INFO[Skin.String(CustomGame.1.Label)]" />
							<param name="itemcondition" value="!String.IsEmpty(Skin.String(CustomGame.1.Path))" />
							<param name="itemmenuid" value="9021" />
						</include>
						<include content="listpanelitems">
							<param name="itemcustombase" value="CustomGame.2" />
							<param name="itemthumb" value="$INFO[Skin.String(CustomGame.2.Icon)]" />
							<param name="itemlabel" value="$INFO[Skin.String(CustomGame.2.Label)]" />
							<param name="itemcondition" value="!String.IsEmpty(Skin.String(CustomGame.2.Path))" />
							<param name="itemmenuid" value="9021" />
						</include>
						<include content="listpanelitems">
							<param name="itemcustombase" value="CustomGame.3" />
							<param name="itemthumb" value="$INFO[Skin.String(CustomGame.3.Icon)]" />
							<param name="itemlabel" value="$INFO[Skin.String(CustomGame.3.Label)]" />
							<param name="itemcondition" value="!String.IsEmpty(Skin.String(CustomGame.3.Path))" />
							<param name="itemmenuid" value="9021" />
						</include>
						<include content="listpanelitems">
							<param name="itemcustombase" value="CustomGame.4" />
							<param name="itemthumb" value="$INFO[Skin.String(CustomGame.4.Icon)]" />
							<param name="itemlabel" value="$INFO[Skin.String(CustomGame.4.Label)]" />
							<param name="itemcondition" value="!String.IsEmpty(Skin.String(CustomGame.4.Path))" />
							<param name="itemmenuid" value="9021" />
						</include>
						<include content="listpanelitems">
							<param name="itemcustombase" value="CustomGame.5" />
							<param name="itemthumb" value="$INFO[Skin.String(CustomGame.5.Icon)]" />
							<param name="itemlabel" value="$INFO[Skin.String(CustomGame.5.Label)]" />
							<param name="itemcondition" value="!String.IsEmpty(Skin.String(CustomGame.5.Path))" />
							<param name="itemmenuid" value="9021" />
						</include>
					</content>
				</control>
				<control type="panel" id="9021">
					<!-- Home menu icon panel -->
					<width>1690</width>
					<height>800</height>
					<top>210</top>
					<left>190</left>
					<onleft>noop</onleft>
					<onright>noop</onright>
					<onup>403</onup>
					<ondown>noop</ondown>
					<visible>Skin.HasSetting(homemenu-custom)</visible>
					<itemlayout height="270" width="250">
						<control type="image">
							<!-- Icon image -->
							<left>39</left>
							<top>15</top>
							<width>200</width>
							<height>200</height>
							<aspectratio>scale</aspectratio>
							<texture fallback="special://skin/extras/homeicons/fallbackwide.png">$INFO[ListItem.Art(thumb)]</texture>
							<bordersize>3</bordersize>
							<animation effect="fade" start="100" end="35" condition="!ListItem.Property(isActive) | Control.HasFocus(402) | Control.HasFocus(403)">Conditional</animation>
						</control>						
					</itemlayout>
					<focusedlayout height="270" width="250">
						<control type="group">
							<control type="image">
								<!-- Focused non settings icon image -->
								<top>15</top>
								<left>39</left>
								<width>200</width>
								<height>200</height>
								<aspectratio>scale</aspectratio>
								<bordertexture border="3" colordiffuse="$VAR[AccentColor]">homeiconlite.png</bordertexture>								
								<texture fallback="special://skin/extras/homeicons/fallbackwide.png">$INFO[ListItem.Art(thumb)]</texture>
								<bordersize>6</bordersize>
							</control>
							<control type="label">
								<left>39</left>
								<top>225</top>
								<width>200</width>
								<height>33</height>
								<align>center</align>
								<label fallback="Agregar Favorito">$INFO[ListItem.Label]</label>
								<font>ctouch20</font>
								<include>scrolltext</include>
							</control>															
						</control>
					</focusedlayout>
					<content>
						<include content="listpanelitems">
							<param name="itemthumb" value="special://skin/extras/homeicons/coleccion.png" />
							<param name="itemlabel" value="Colección" />
							<param name="itemcondition" value="!Skin.HasSetting(coleccion-v) + Library.HasContent(tvshows)" />
							<param name="itemmenuid" value="9021" />
							<param name="itemtoggle" value="coleccion-v" />
						</include>
						<include content="listpanelitems">
							<param name="itemthumb" value="special://skin/extras/homeicons/liptv.png" />
							<param name="itemlabel" value="IPTV" />
							<param name="itemcondition" value="!Skin.HasSetting(iptv-v) + System.HasPVRAddon" />
							<param name="itemmenuid" value="9021" />
							<param name="itemtoggle" value="iptv-v" />
						</include>
						<include content="listpanelitems">
							<param name="itemcustombase" value="CustomMovies.1" />
							<param name="itemthumb" value="$INFO[Skin.String(CustomMovies.1.Icon)]" />
							<param name="itemlabel" value="$INFO[Skin.String(CustomMovies.1.Label)]" />
							<param name="itemcondition" value="!String.IsEmpty(Skin.String(CustomMovies.1.Path))" />
							<param name="itemmenuid" value="9021" />
						</include>
						<include content="listpanelitems">
							<param name="itemcustombase" value="CustomMovies.2" />
							<param name="itemthumb" value="$INFO[Skin.String(CustomMovies.2.Icon)]" />
							<param name="itemlabel" value="$INFO[Skin.String(CustomMovies.2.Label)]" />
							<param name="itemcondition" value="!String.IsEmpty(Skin.String(CustomMovies.2.Path))" />
							<param name="itemmenuid" value="9021" />
						</include>
						<include content="listpanelitems">
							<param name="itemcustombase" value="CustomMovies.3" />
							<param name="itemthumb" value="$INFO[Skin.String(CustomMovies.3.Icon)]" />
							<param name="itemlabel" value="$INFO[Skin.String(CustomMovies.3.Label)]" />
							<param name="itemcondition" value="!String.IsEmpty(Skin.String(CustomMovies.3.Path))" />
							<param name="itemmenuid" value="9021" />
						</include>
						<include content="listpanelitems">
							<param name="itemcustombase" value="CustomMovies.4" />
							<param name="itemthumb" value="$INFO[Skin.String(CustomMovies.4.Icon)]" />
							<param name="itemlabel" value="$INFO[Skin.String(CustomMovies.4.Label)]" />
							<param name="itemcondition" value="!String.IsEmpty(Skin.String(CustomMovies.4.Path))" />
							<param name="itemmenuid" value="9021" />
						</include>
						<include content="listpanelitems">
							<param name="itemcustombase" value="CustomMovies.5" />
							<param name="itemthumb" value="$INFO[Skin.String(CustomMovies.5.Icon)]" />
							<param name="itemlabel" value="$INFO[Skin.String(CustomMovies.5.Label)]" />
							<param name="itemcondition" value="!String.IsEmpty(Skin.String(CustomMovies.5.Path))" />
							<param name="itemmenuid" value="9021" />
						</include>
						<include content="listpanelitems">
							<param name="itemcustombase" value="CustomTVShow.1" />
							<param name="itemthumb" value="$INFO[Skin.String(CustomTVShow.1.Icon)]" />
							<param name="itemlabel" value="$INFO[Skin.String(CustomTVShow.1.Label)]" />
							<param name="itemcondition" value="!String.IsEmpty(Skin.String(CustomTVShow.1.Path))" />
							<param name="itemmenuid" value="9021" />
						</include>
						<include content="listpanelitems">
							<param name="itemcustombase" value="CustomTVShow.2" />
							<param name="itemthumb" value="$INFO[Skin.String(CustomTVShow.2.Icon)]" />
							<param name="itemlabel" value="$INFO[Skin.String(CustomTVShow.2.Label)]" />
							<param name="itemcondition" value="!String.IsEmpty(Skin.String(CustomTVShow.2.Path))" />
							<param name="itemmenuid" value="9021" />
						</include>
						<include content="listpanelitems">
							<param name="itemcustombase" value="CustomTVShow.3" />
							<param name="itemthumb" value="$INFO[Skin.String(CustomTVShow.3.Icon)]" />
							<param name="itemlabel" value="$INFO[Skin.String(CustomTVShow.3.Label)]" />
							<param name="itemcondition" value="!String.IsEmpty(Skin.String(CustomTVShow.3.Path))" />
							<param name="itemmenuid" value="9021" />
						</include>
						<include content="listpanelitems">
							<param name="itemcustombase" value="CustomTVShow.4" />
							<param name="itemthumb" value="$INFO[Skin.String(CustomTVShow.4.Icon)]" />
							<param name="itemlabel" value="$INFO[Skin.String(CustomTVShow.4.Label)]" />
							<param name="itemcondition" value="!String.IsEmpty(Skin.String(CustomTVShow.4.Path))" />
							<param name="itemmenuid" value="9021" />
						</include>
						<include content="listpanelitems">
							<param name="itemcustombase" value="CustomTVShow.5" />
							<param name="itemthumb" value="$INFO[Skin.String(CustomTVShow.5.Icon)]" />
							<param name="itemlabel" value="$INFO[Skin.String(CustomTVShow.5.Label)]" />
							<param name="itemcondition" value="!String.IsEmpty(Skin.String(CustomTVShow.5.Path))" />
							<param name="itemmenuid" value="9021" />
						</include>
						<include content="listpanelitems">
							<param name="itemcustombase" value="CustomTV.1" />
							<param name="itemthumb" value="$INFO[Skin.String(CustomTV.1.Icon)]" />
							<param name="itemlabel" value="$INFO[Skin.String(CustomTV.1.Label)]" />
							<param name="itemcondition" value="!String.IsEmpty(Skin.String(CustomTV.1.Path))" />
							<param name="itemmenuid" value="9021" />
						</include>
						<include content="listpanelitems">
							<param name="itemcustombase" value="CustomTV.2" />
							<param name="itemthumb" value="$INFO[Skin.String(CustomTV.2.Icon)]" />
							<param name="itemlabel" value="$INFO[Skin.String(CustomTV.2.Label)]" />
							<param name="itemcondition" value="!String.IsEmpty(Skin.String(CustomTV.2.Path))" />
							<param name="itemmenuid" value="9021" />
						</include>
						<include content="listpanelitems">
							<param name="itemcustombase" value="CustomTV.3" />
							<param name="itemthumb" value="$INFO[Skin.String(CustomTV.3.Icon)]" />
							<param name="itemlabel" value="$INFO[Skin.String(CustomTV.3.Label)]" />
							<param name="itemcondition" value="!String.IsEmpty(Skin.String(CustomTV.3.Path))" />
							<param name="itemmenuid" value="9021" />
						</include>
						<include content="listpanelitems">
							<param name="itemcustombase" value="CustomTV.4" />
							<param name="itemthumb" value="$INFO[Skin.String(CustomTV.4.Icon)]" />
							<param name="itemlabel" value="$INFO[Skin.String(CustomTV.4.Label)]" />
							<param name="itemcondition" value="!String.IsEmpty(Skin.String(CustomTV.4.Path))" />
							<param name="itemmenuid" value="9021" />
						</include>
						<include content="listpanelitems">
							<param name="itemcustombase" value="CustomTV.5" />
							<param name="itemthumb" value="$INFO[Skin.String(CustomTV.5.Icon)]" />
							<param name="itemlabel" value="$INFO[Skin.String(CustomTV.5.Label)]" />
							<param name="itemcondition" value="!String.IsEmpty(Skin.String(CustomTV.5.Path))" />
							<param name="itemmenuid" value="9021" />
						</include>
						<include content="listpanelitems">
							<param name="itemcustombase" value="CustomRadio.1" />
							<param name="itemthumb" value="$INFO[Skin.String(CustomRadio.1.Icon)]" />
							<param name="itemlabel" value="$INFO[Skin.String(CustomRadio.1.Label)]" />
							<param name="itemcondition" value="!String.IsEmpty(Skin.String(CustomRadio.1.Path))" />
							<param name="itemmenuid" value="9021" />
						</include>
						<include content="listpanelitems">
							<param name="itemcustombase" value="CustomRadio.2" />
							<param name="itemthumb" value="$INFO[Skin.String(CustomRadio.2.Icon)]" />
							<param name="itemlabel" value="$INFO[Skin.String(CustomRadio.2.Label)]" />
							<param name="itemcondition" value="!String.IsEmpty(Skin.String(CustomRadio.2.Path))" />
							<param name="itemmenuid" value="9021" />
						</include>
						<include content="listpanelitems">
							<param name="itemcustombase" value="CustomRadio.3" />
							<param name="itemthumb" value="$INFO[Skin.String(CustomRadio.3.Icon)]" />
							<param name="itemlabel" value="$INFO[Skin.String(CustomRadio.3.Label)]" />
							<param name="itemcondition" value="!String.IsEmpty(Skin.String(CustomRadio.3.Path))" />
							<param name="itemmenuid" value="9021" />
						</include>
						<include content="listpanelitems">
							<param name="itemcustombase" value="CustomRadio.4" />
							<param name="itemthumb" value="$INFO[Skin.String(CustomRadio.4.Icon)]" />
							<param name="itemlabel" value="$INFO[Skin.String(CustomRadio.4.Label)]" />
							<param name="itemcondition" value="!String.IsEmpty(Skin.String(CustomRadio.4.Path))" />
							<param name="itemmenuid" value="9021" />
						</include>
						<include content="listpanelitems">
							<param name="itemcustombase" value="CustomRadio.5" />
							<param name="itemthumb" value="$INFO[Skin.String(CustomRadio.5.Icon)]" />
							<param name="itemlabel" value="$INFO[Skin.String(CustomRadio.5.Label)]" />
							<param name="itemcondition" value="!String.IsEmpty(Skin.String(CustomRadio.5.Path))" />
							<param name="itemmenuid" value="9021" />
						</include>
						<include content="listpanelitems">
							<param name="itemcustombase" value="CustomFav.1" />
							<param name="itemthumb" value="$INFO[Skin.String(CustomFav.1.Icon)]" />
							<param name="itemlabel" value="$INFO[Skin.String(CustomFav.1.Label)]" />
							<param name="itemcondition" value="!String.IsEmpty(Skin.String(CustomFav.1.Path))" />
							<param name="itemmenuid" value="9021" />
						</include>
						<include content="listpanelitems">
							<param name="itemcustombase" value="CustomFav.2" />
							<param name="itemthumb" value="$INFO[Skin.String(CustomFav.2.Icon)]" />
							<param name="itemlabel" value="$INFO[Skin.String(CustomFav.2.Label)]" />
							<param name="itemcondition" value="!String.IsEmpty(Skin.String(CustomFav.2.Path))" />
							<param name="itemmenuid" value="9021" />
						</include>
						<include content="listpanelitems">
							<param name="itemcustombase" value="CustomFav.3" />
							<param name="itemthumb" value="$INFO[Skin.String(CustomFav.3.Icon)]" />
							<param name="itemlabel" value="$INFO[Skin.String(CustomFav.3.Label)]" />
							<param name="itemcondition" value="!String.IsEmpty(Skin.String(CustomFav.3.Path))" />
							<param name="itemmenuid" value="9021" />
						</include>
						<include content="listpanelitems">
							<param name="itemcustombase" value="CustomFav.4" />
							<param name="itemthumb" value="$INFO[Skin.String(CustomFav.4.Icon)]" />
							<param name="itemlabel" value="$INFO[Skin.String(CustomFav.4.Label)]" />
							<param name="itemcondition" value="!String.IsEmpty(Skin.String(CustomFav.4.Path))" />
							<param name="itemmenuid" value="9021" />
						</include>
						<include content="listpanelitems">
							<param name="itemcustombase" value="CustomFav.5" />
							<param name="itemthumb" value="$INFO[Skin.String(CustomFav.5.Icon)]" />
							<param name="itemlabel" value="$INFO[Skin.String(CustomFav.5.Label)]" />
							<param name="itemcondition" value="!String.IsEmpty(Skin.String(CustomFav.5.Path))" />
							<param name="itemmenuid" value="9021" />
						</include>
						<include content="listpanelitems">
							<param name="itemcustombase" value="CustomMusic.1" />
							<param name="itemthumb" value="$INFO[Skin.String(CustomMusic.1.Icon)]" />
							<param name="itemlabel" value="$INFO[Skin.String(CustomMusic.1.Label)]" />
							<param name="itemcondition" value="!String.IsEmpty(Skin.String(CustomMusic.1.Path))" />
							<param name="itemmenuid" value="9021" />
						</include>
						<include content="listpanelitems">
							<param name="itemcustombase" value="CustomMusic.2" />
							<param name="itemthumb" value="$INFO[Skin.String(CustomMusic.2.Icon)]" />
							<param name="itemlabel" value="$INFO[Skin.String(CustomMusic.2.Label)]" />
							<param name="itemcondition" value="!String.IsEmpty(Skin.String(CustomMusic.2.Path))" />
							<param name="itemmenuid" value="9021" />
						</include>
						<include content="listpanelitems">
							<param name="itemcustombase" value="CustomMusic.3" />
							<param name="itemthumb" value="$INFO[Skin.String(CustomMusic.3.Icon)]" />
							<param name="itemlabel" value="$INFO[Skin.String(CustomMusic.3.Label)]" />
							<param name="itemcondition" value="!String.IsEmpty(Skin.String(CustomMusic.3.Path))" />
							<param name="itemmenuid" value="9021" />
						</include>
						<include content="listpanelitems">
							<param name="itemcustombase" value="CustomMusic.4" />
							<param name="itemthumb" value="$INFO[Skin.String(CustomMusic.4.Icon)]" />
							<param name="itemlabel" value="$INFO[Skin.String(CustomMusic.4.Label)]" />
							<param name="itemcondition" value="!String.IsEmpty(Skin.String(CustomMusic.4.Path))" />
							<param name="itemmenuid" value="9021" />
						</include>
						<include content="listpanelitems">
							<param name="itemcustombase" value="CustomMusic.5" />
							<param name="itemthumb" value="$INFO[Skin.String(CustomMusic.5.Icon)]" />
							<param name="itemlabel" value="$INFO[Skin.String(CustomMusic.5.Label)]" />
							<param name="itemcondition" value="!String.IsEmpty(Skin.String(CustomMusic.5.Path))" />
							<param name="itemmenuid" value="9021" />
						</include>
						<include content="listpanelitems">
							<param name="itemcustombase" value="CustomAddon.1" />
							<param name="itemthumb" value="$INFO[Skin.String(CustomAddon.1.Icon)]" />
							<param name="itemlabel" value="$INFO[Skin.String(CustomAddon.1.Label)]" />
							<param name="itemcondition" value="!String.IsEmpty(Skin.String(CustomAddon.1.Path))" />
							<param name="itemmenuid" value="9021" />
						</include>
						<include content="listpanelitems">
							<param name="itemcustombase" value="CustomAddon.2" />
							<param name="itemthumb" value="$INFO[Skin.String(CustomAddon.2.Icon)]" />
							<param name="itemlabel" value="$INFO[Skin.String(CustomAddon.2.Label)]" />
							<param name="itemcondition" value="!String.IsEmpty(Skin.String(CustomAddon.2.Path))" />
							<param name="itemmenuid" value="9021" />
						</include>
						<include content="listpanelitems">
							<param name="itemcustombase" value="CustomAddon.3" />
							<param name="itemthumb" value="$INFO[Skin.String(CustomAddon.3.Icon)]" />
							<param name="itemlabel" value="$INFO[Skin.String(CustomAddon.3.Label)]" />
							<param name="itemcondition" value="!String.IsEmpty(Skin.String(CustomAddon.3.Path))" />
							<param name="itemmenuid" value="9021" />
						</include>
						<include content="listpanelitems">
							<param name="itemcustombase" value="CustomAddon.4" />
							<param name="itemthumb" value="$INFO[Skin.String(CustomAddon.4.Icon)]" />
							<param name="itemlabel" value="$INFO[Skin.String(CustomAddon.4.Label)]" />
							<param name="itemcondition" value="!String.IsEmpty(Skin.String(CustomAddon.4.Path))" />
							<param name="itemmenuid" value="9021" />
						</include>
						<include content="listpanelitems">
							<param name="itemcustombase" value="CustomAddon.5" />
							<param name="itemthumb" value="$INFO[Skin.String(CustomAddon.5.Icon)]" />
							<param name="itemlabel" value="$INFO[Skin.String(CustomAddon.5.Label)]" />
							<param name="itemcondition" value="!String.IsEmpty(Skin.String(CustomAddon.5.Path))" />
							<param name="itemmenuid" value="9021" />
						</include>
						<include content="listpanelitems">
							<param name="itemcustombase" value="CustomGame.1" />
							<param name="itemthumb" value="$INFO[Skin.String(CustomGame.1.Icon)]" />
							<param name="itemlabel" value="$INFO[Skin.String(CustomGame.1.Label)]" />
							<param name="itemcondition" value="!String.IsEmpty(Skin.String(CustomGame.1.Path))" />
							<param name="itemmenuid" value="9021" />
						</include>
						<include content="listpanelitems">
							<param name="itemcustombase" value="CustomGame.2" />
							<param name="itemthumb" value="$INFO[Skin.String(CustomGame.2.Icon)]" />
							<param name="itemlabel" value="$INFO[Skin.String(CustomGame.2.Label)]" />
							<param name="itemcondition" value="!String.IsEmpty(Skin.String(CustomGame.2.Path))" />
							<param name="itemmenuid" value="9021" />
						</include>
						<include content="listpanelitems">
							<param name="itemcustombase" value="CustomGame.3" />
							<param name="itemthumb" value="$INFO[Skin.String(CustomGame.3.Icon)]" />
							<param name="itemlabel" value="$INFO[Skin.String(CustomGame.3.Label)]" />
							<param name="itemcondition" value="!String.IsEmpty(Skin.String(CustomGame.3.Path))" />
							<param name="itemmenuid" value="9021" />
						</include>
						<include content="listpanelitems">
							<param name="itemcustombase" value="CustomGame.4" />
							<param name="itemthumb" value="$INFO[Skin.String(CustomGame.4.Icon)]" />
							<param name="itemlabel" value="$INFO[Skin.String(CustomGame.4.Label)]" />
							<param name="itemcondition" value="!String.IsEmpty(Skin.String(CustomGame.4.Path))" />
							<param name="itemmenuid" value="9021" />
						</include>
						<include content="listpanelitems">
							<param name="itemcustombase" value="CustomGame.5" />
							<param name="itemthumb" value="$INFO[Skin.String(CustomGame.5.Icon)]" />
							<param name="itemlabel" value="$INFO[Skin.String(CustomGame.5.Label)]" />
							<param name="itemcondition" value="!String.IsEmpty(Skin.String(CustomGame.5.Path))" />
							<param name="itemmenuid" value="9021" />
						</include>
					</content>
				</control>
			</control>
		</control>	
		<control type="textbox">
			<!-- Settings description area -->
			<left>15</left>
			<top>1010</top>
			<width>1890</width>
			<height>60</height>
			<font>ctouch20</font>
			<align>center</align>
			<label>$VAR[SkinSettingHelp]</label>
		</control>			
	</controls>
</window>