<?xml version="1.0" encoding="utf-8"?>
<window>
	<coordinates>
		<left>10</left>
		<top>10</top>
	</coordinates>
	<controls>
		<control type="group">
			<visible>![Window.IsVisible(startup) | Window.IsVisible(notification) | Window.IsVisible(busydialog) | Window.IsVisible(sliderdialog) | Window.IsVisible(volumebar) | Window.IsVisible(seekbar) | Window.IsVisible(fullscreenvideo) | Window.IsVisible(selectdialog)]</visible>
			<control type="label" id="30">
				<!-- Dialog heading -->
				<left>10</left>
				<top>5</top>
				<width>600</width>
				<height>30</height>
				<font>ctouch18</font>
				<align>left</align>
				<include>scrolltext</include>
			</control>
			<control type="label" id="31">
				<!-- Dialog line 1 -->
				<left>10</left>
				<top>45</top>
				<width>600</width>
				<height>30</height>
				<haspath>yes</haspath>
				<font>ctouch16</font>
				<align>left</align>
				<include>scrolltext</include>
			</control>
			<control type="progress" id="32">
				<left>7</left>
				<top>90</top>
				<width>603</width>
				<height>14</height>
				<align>left</align>
			</control>
		</control>
	</controls>
</window>