<?xml version="1.0" encoding="UTF-8"?>
<includes>

	<include name="SettingsGrouplist">
		<height>100%</height>
		<onup>6666</onup>
		<onleft>100</onleft>
		<onright>noop</onright>
		<ondown>noop</ondown>
		<pagecontrol>60</pagecontrol>
		<scrolltime>200</scrolltime>
		<itemgap>0</itemgap>
	</include>

	<!-- menu / widgets -->
	<include name="SkinSettingsMenuWidgets">
		<!-- main menu -->
		<include content="SkinSettingsHeadlineLabel">
			<param name="id" value="$PARAM[id]01"/>
			<param name="label" value="$LOCALIZE[31101]"/>
		</include>
		<control type="button" id="$PARAM[id]02">
			<include>SettingsButton</include>
			<onclick>SetProperty(Context.1.Label,$LOCALIZE[571])</onclick>
			<onclick>SetProperty(Context.1.BuiltIn,Skin.Reset(StartUpWindow))</onclick>
			<onclick>SetProperty(Context.2.Label,$LOCALIZE[31173])</onclick>
			<onclick>SetProperty(Context.2.BuiltIn,Skin.SetString(StartUpWindow,1120))</onclick>
			<onclick>SetProperty(Context.3.Label,$LOCALIZE[31172])</onclick>
			<onclick>SetProperty(Context.3.BuiltIn,Skin.SetString(StartUpWindow,1121))</onclick>
			<onclick>SetProperty(Context.4.Label,$LOCALIZE[31174])</onclick>
			<onclick>SetProperty(Context.4.BuiltIn,Skin.SetString(StartUpWindow,1122))</onclick>
			<onclick>SetProperty(Context.5.Label,$LOCALIZE[31431])</onclick>
			<onclick>SetProperty(Context.5.BuiltIn,Skin.SetString(StartUpWindow,1127))</onclick>
			<onclick>SetProperty(Context.6.Label,$LOCALIZE[31232])</onclick>
			<onclick>SetProperty(Context.6.BuiltIn,Skin.SetString(StartUpWindow,1125))</onclick>
			<onclick>RunScript(script.embuary.helper,action=createcontext)</onclick>
			<label>$LOCALIZE[512]</label>
			<label2>[COLOR $VAR[AccentColor]]$VAR[StartUpWindow][/COLOR]</label2>
		</control>
		<control type="button" id="$PARAM[id]03">
			<include>SettingsButton</include>
			<onclick>SetProperty(PositionCount,29,home)</onclick>
			<onclick>SetProperty(SelectorContent,HomeWidgets,home)</onclick>
			<onclick>ActivateWindow(1110)</onclick>
			<enable>!Skin.HasSetting(HomePanelLayout)</enable>
			<label>$LOCALIZE[31445]</label>
		</control>
		<control type="radiobutton" id="$PARAM[id]04">
			<include>SettingsButton</include>
			<onclick>Skin.ToggleSetting(HomePlotLayout)</onclick>
			<onclick>Skin.Reset(autotrailer)</onclick>
			<onclick>SetProperty(HomeWidgetReset,1,home)</onclick>
			<selected>Skin.HasSetting(HomePlotLayout)</selected>
			<label>$LOCALIZE[31153]</label>
		</control>
		<control type="radiobutton" id="$PARAM[id]05">
			<include>SettingsButton</include>
			<onclick>Skin.ToggleSetting(autotrailer)</onclick>
			<selected>Skin.HasSetting(autotrailer)</selected>
			<label>$LOCALIZE[31443]</label>
			<enable>Skin.HasSetting(HomePlotLayout)</enable>
		</control>
         <control type="button" id="$PARAM[id]06">
  			<include>SettingsButton</include>
            <enable>Skin.HasSetting(autotrailer)</enable>
			<label>$LOCALIZE[31444]</label>
			<label2>$VAR[Label_SkinSetting_AutoTrailerTime]s</label2>
			<onclick>Skin.SetNumeric(autotrailertime)</onclick>
          </control>
		<!-- widget limits -->
		<include content="SkinSettingsHeadlineLabel">
			<param name="id" value="$PARAM[id]10"/>
			<param name="label" value="$LOCALIZE[31286] (1-50)"/>
		</include>
		<control type="button" id="$PARAM[id]11">
			<include>SettingsButton</include>
			<onclick>Skin.SetNumeric(poster_widget_limit)</onclick>
			<label>$LOCALIZE[31099] '$LOCALIZE[20021]'</label>
			<label2>$VAR[PosterWidgetLimit]</label2>
		</control>
		<control type="button" id="$PARAM[id]12">
			<include>SettingsButton</include>
			<onclick>Skin.SetNumeric(wide_widget_limit)</onclick>
			<label>$LOCALIZE[31099] '$LOCALIZE[31004]'</label>
			<label2>$VAR[WideWidgetLimit]</label2>
		</control>
		<control type="button" id="$PARAM[id]13">
			<include>SettingsButton</include>
			<onclick>Skin.SetNumeric(square_widget_limit)</onclick>
			<label>$LOCALIZE[31099] '$LOCALIZE[31005]'</label>
			<label2>$VAR[SquareWidgetLimit]</label2>
		</control>
		<!-- Rerun init -->
		<include content="SkinSettingsHeadlineLabel">
			<param name="id" value="$PARAM[id]16"/>
			<param name="label" value="$LOCALIZE[31391]"/>
		</include>
		<control type="button" id="$PARAM[id]17">
			<include>SettingsButton</include>
			<onclick condition="Skin.HasSetting(EmbuaryInitMessage)">Skin.ToggleSetting(EmbuaryInitMessage)</onclick>
			<onclick>ActivateWindow(1119)</onclick>
			<label>$LOCALIZE[31392]</label>
		</control>
	</include>

	<!-- hubs -->
	<include name="SkinSettingsSidePanel">
		<!-- main menu -->
		<include content="SkinSettingsHeadlineLabel">
			<param name="id" value="$PARAM[id]01"/>
			<param name="label" value="$LOCALIZE[31446]"/>
		</include>
		<control type="radiobutton" id="$PARAM[id]25">
			<include>SettingsButton</include>
			<label>$LOCALIZE[31174]</label>
			<selected>Skin.HasSetting(ShowSportsHub)</selected>
			<onclick>Skin.ToggleSetting(ShowSportsHub)</onclick>
		</control>
		<control type="radiobutton" id="$PARAM[id]26">
			<include>SettingsButton</include>
			<label>$LOCALIZE[31431]</label>
			<selected>Skin.HasSetting(ShowTVLiveHub)</selected>
			<onclick>Skin.ToggleSetting(ShowTVLiveHub)</onclick>
		</control>
		<control type="radiobutton" id="$PARAM[id]27">
			<include>SettingsButton</include>
			<label>$LOCALIZE[31232]</label>
			<selected>Skin.HasSetting(ShowCustomHub)</selected>
			<onclick>Skin.ToggleSetting(ShowCustomHub)</onclick>
		</control>
		<control type="radiobutton" id="$PARAM[id]28">
			<include>SettingsButton</include>
			<label>$LOCALIZE[31447]</label>
			<selected>Skin.HasSetting(ShowFavoritosHub)</selected>
			<onclick>Skin.ToggleSetting(ShowFavoritosHub)</onclick>
		</control>
		<!-- tvshows -->
		<include content="SkinSettingsHeadlineLabel">
			<param name="id" value="$PARAM[id]09"/>
			<param name="label" value="$LOCALIZE[31172]"/>
		</include>
		<control type="button" id="$PARAM[id]10">
			<include>SettingsButton</include>
			<label>$LOCALIZE[31244]</label>
			<onclick>RunScript(script.skinshortcuts,type=manage&amp;group=tvshowhub)</onclick>
		</control>
		<control type="button" id="$PARAM[id]11">
			<include>SettingsButton</include>
			<onclick>SetProperty(PositionCount,30,home)</onclick>
			<onclick>SetProperty(SelectorContent,TVShowHubWidgets,home)</onclick>
			<onclick>ActivateWindow(1110)</onclick>
			<label>$LOCALIZE[31245]</label>
		</control>
		<!-- movie -->
		<include content="SkinSettingsHeadlineLabel">
			<param name="id" value="$PARAM[id]06"/>
			<param name="label" value="$LOCALIZE[31173]"/>
		</include>
		<control type="button" id="$PARAM[id]07">
			<include>SettingsButton</include>
			<label>$LOCALIZE[31244]</label>
			<onclick>RunScript(script.skinshortcuts,type=manage&amp;group=moviehub)</onclick>
		</control>
		<control type="button" id="$PARAM[id]08">
			<include>SettingsButton</include>
			<onclick>SetProperty(PositionCount,30,home)</onclick>
			<onclick>SetProperty(SelectorContent,MovieHubWidgets,home)</onclick>
			<onclick>ActivateWindow(1110)</onclick>
			<label>$LOCALIZE[31245]</label>
		</control>
		<!-- sports -->
		<include content="SkinSettingsHeadlineLabel">
			<param name="id" value="$PARAM[id]16"/>
			<param name="label" value="$LOCALIZE[31174]"/>
			<param name="visible" value="Skin.HasSetting(ShowSportsHub)" />
		</include>
		<control type="button" id="$PARAM[id]17">
			<include>SettingsButton</include>
			<label>$LOCALIZE[31244]</label>
			<onclick>RunScript(script.skinshortcuts,type=manage&amp;group=sportshub)</onclick>
			<visible>Skin.HasSetting(ShowSportsHub)</visible>
		</control>
		<control type="button" id="$PARAM[id]18">
			<include>SettingsButton</include>
			<onclick>SetProperty(PositionCount,30,home)</onclick>
			<onclick>SetProperty(SelectorContent,sportshubWidgets,home)</onclick>
			<onclick>ActivateWindow(1110)</onclick>
			<label>$LOCALIZE[31245]</label>
			<visible>Skin.HasSetting(ShowSportsHub)</visible>
		</control>
		<!-- tv -->
		<include content="SkinSettingsHeadlineLabel">
			<param name="id" value="$PARAM[id]19"/>
			<param name="label" value="$LOCALIZE[31431]"/>
			<param name="visible" value="Skin.HasSetting(ShowTVLiveHub)" />
		</include>
		<control type="button" id="$PARAM[id]20">
			<include>SettingsButton</include>
			<label>$LOCALIZE[31244]</label>
			<onclick>RunScript(script.skinshortcuts,type=manage&amp;group=tvlivehub)</onclick>
			<visible>Skin.HasSetting(ShowTVLiveHub)</visible>
		</control>
		<control type="button" id="$PARAM[id]21">
			<include>SettingsButton</include>
			<onclick>SetProperty(PositionCount,30,home)</onclick>
			<onclick>SetProperty(SelectorContent,tvlivehubWidgets,home)</onclick>
			<onclick>ActivateWindow(1110)</onclick>
			<label>$LOCALIZE[31245]</label>
			<visible>Skin.HasSetting(ShowTVLiveHub)</visible>
		</control>
		<!-- custom hub -->
		<include content="SkinSettingsHeadlineLabel">
			<param name="id" value="$PARAM[id]22"/>
			<param name="label" value="$LOCALIZE[31232]"/>
			<param name="visible" value="Skin.HasSetting(ShowCustomHub)" />
		</include>
		<control type="button" id="$PARAM[id]23">
			<include>SettingsButton</include>
			<label>$LOCALIZE[31244]</label>
			<onclick>RunScript(script.skinshortcuts,type=manage&amp;group=customhub)</onclick>
			<visible>Skin.HasSetting(ShowCustomHub)</visible>
		</control>
		<control type="button" id="$PARAM[id]24">
			<include>SettingsButton</include>
			<onclick>SetProperty(PositionCount,30,home)</onclick>
			<onclick>SetProperty(SelectorContent,CustomHubWidgets,home)</onclick>
			<onclick>ActivateWindow(1110)</onclick>
			<label>$LOCALIZE[31245]</label>
			<visible>Skin.HasSetting(ShowCustomHub)</visible>
		</control>
		<!-- embycon hubs -->
	</include>

	<!-- custom widgets -->
	<include name="SkinSettingsCustomWidgets">
		<include content="CustomWidgetTemplate">
			<param name="id" value="$PARAM[id]01"/>
			<param name="nr" value="1"/>
		</include>
		<include content="CustomWidgetTemplate">
			<param name="id" value="$PARAM[id]02"/>
			<param name="nr" value="2"/>
		</include>
		<include content="CustomWidgetTemplate">
			<param name="id" value="$PARAM[id]03"/>
			<param name="nr" value="3"/>
		</include>
		<include content="CustomWidgetTemplate">
			<param name="id" value="$PARAM[id]04"/>
			<param name="nr" value="4"/>
		</include>
		<include content="CustomWidgetTemplate">
			<param name="id" value="$PARAM[id]05"/>
			<param name="nr" value="5"/>
		</include>
		<include content="CustomWidgetTemplate">
			<param name="id" value="$PARAM[id]06"/>
			<param name="nr" value="6"/>
		</include>
		<include content="CustomWidgetTemplate">
			<param name="id" value="$PARAM[id]07"/>
			<param name="nr" value="7"/>
		</include>
		<include content="CustomWidgetTemplate">
			<param name="id" value="$PARAM[id]08"/>
			<param name="nr" value="8"/>
		</include>
		<include content="CustomWidgetTemplate">
			<param name="id" value="$PARAM[id]09"/>
			<param name="nr" value="9"/>
		</include>
		<include content="CustomWidgetTemplate">
			<param name="id" value="$PARAM[id]10"/>
			<param name="nr" value="10"/>
		</include>
		<include content="CustomWidgetTemplate">
			<param name="id" value="$PARAM[id]11"/>
			<param name="nr" value="11"/>
		</include>
		<include content="CustomWidgetTemplate">
			<param name="id" value="$PARAM[id]12"/>
			<param name="nr" value="12"/>
		</include>
		<include content="CustomWidgetTemplate">
			<param name="id" value="$PARAM[id]13"/>
			<param name="nr" value="13"/>
		</include>
		<include content="CustomWidgetTemplate">
			<param name="id" value="$PARAM[id]14"/>
			<param name="nr" value="14"/>
		</include>
		<include content="CustomWidgetTemplate">
			<param name="id" value="$PARAM[id]15"/>
			<param name="nr" value="15"/>
		</include>
		<include content="CustomWidgetTemplate">
			<param name="id" value="$PARAM[id]16"/>
			<param name="nr" value="16"/>
		</include>
		<include content="CustomWidgetTemplate">
			<param name="id" value="$PARAM[id]17"/>
			<param name="nr" value="17"/>
		</include>
		<include content="CustomWidgetTemplate">
			<param name="id" value="$PARAM[id]18"/>
			<param name="nr" value="18"/>
		</include>
		<include content="CustomWidgetTemplate">
			<param name="id" value="$PARAM[id]19"/>
			<param name="nr" value="19"/>
		</include>
		<include content="CustomWidgetTemplate">
			<param name="id" value="$PARAM[id]20"/>
			<param name="nr" value="20"/>
		</include>
		<include content="CustomWidgetTemplate">
			<param name="id" value="$PARAM[id]21"/>
			<param name="nr" value="21"/>
		</include>
		<include content="CustomWidgetTemplate">
			<param name="id" value="$PARAM[id]22"/>
			<param name="nr" value="22"/>
		</include>
		<include content="CustomWidgetTemplate">
			<param name="id" value="$PARAM[id]23"/>
			<param name="nr" value="23"/>
		</include>
		<include content="CustomWidgetTemplate">
			<param name="id" value="$PARAM[id]24"/>
			<param name="nr" value="24"/>
		</include>
		<include content="CustomWidgetTemplate">
			<param name="id" value="$PARAM[id]25"/>
			<param name="nr" value="25"/>
		</include>
		<include content="CustomWidgetTemplate">
			<param name="id" value="$PARAM[id]26"/>
			<param name="nr" value="26"/>
		</include>
		<include content="CustomWidgetTemplate">
			<param name="id" value="$PARAM[id]27"/>
			<param name="nr" value="27"/>
		</include>
		<include content="CustomWidgetTemplate">
			<param name="id" value="$PARAM[id]28"/>
			<param name="nr" value="28"/>
		</include>
		<include content="CustomWidgetTemplate">
			<param name="id" value="$PARAM[id]29"/>
			<param name="nr" value="29"/>
		</include>
		<include content="CustomWidgetTemplate">
			<param name="id" value="$PARAM[id]30"/>
			<param name="nr" value="30"/>
		</include>
	</include>

	<!-- appearance -->
	<include name="SkinSettingsAppearance">
		<!-- colors -->
		<include content="SkinSettingsHeadlineLabel">
			<param name="id" value="$PARAM[id]01"/>
			<param name="label" value="$LOCALIZE[480]"/>
		</include>
		<control type="radiobutton" id="$PARAM[id]02">
			<textureradioonfocus colordiffuse="$VAR[AccentColor]">icons/misc/radio20_on_fo.png</textureradioonfocus>
			<textureradioonnofocus colordiffuse="$VAR[AccentColor]">icons/misc/radio20_on.png</textureradioonnofocus>
			<textureradioofffocus colordiffuse="$VAR[AccentColor]">icons/misc/radio20_on_fo.png</textureradioofffocus>
			<textureradiooffnofocus colordiffuse="$VAR[AccentColor]">icons/misc/radio20_on.png</textureradiooffnofocus>
			<textureradioondisabled colordiffuse="$VAR[AccentColor]">icons/misc/radio20_on_fo.png</textureradioondisabled>
			<textureradiooffdisabled colordiffuse="$VAR[AccentColor]">icons/misc/radio20_on.png</textureradiooffdisabled>
			<include>SettingsButton</include>
			<onclick condition="!System.HasAddon(script.skin.helper.colorpicker)">InstallAddon(script.skin.helper.colorpicker)</onclick>
			<onclick condition="System.HasAddon(script.skin.helper.colorpicker)">RunScript(script.skin.helper.colorpicker,skinstring=color_accent,palette=rainbow)</onclick>
			<label>$LOCALIZE[31267]</label>
			<label2>$VAR[AccentColorLabel]</label2>
		</control>
		<control type="radiobutton" id="$PARAM[id]03">
			<textureradioonfocus colordiffuse="$VAR[PlayerAccentColor]">icons/misc/radio20_on_fo.png</textureradioonfocus>
			<textureradioonnofocus colordiffuse="$VAR[PlayerAccentColor]">icons/misc/radio20_on.png</textureradioonnofocus>
			<textureradioofffocus colordiffuse="$VAR[PlayerAccentColor]">icons/misc/radio20_on_fo.png</textureradioofffocus>
			<textureradiooffnofocus colordiffuse="$VAR[PlayerAccentColor]">icons/misc/radio20_on.png</textureradiooffnofocus>
			<textureradioondisabled colordiffuse="$VAR[PlayerAccentColor]">icons/misc/radio20_on_fo.png</textureradioondisabled>
			<textureradiooffdisabled colordiffuse="$VAR[PlayerAccentColor]">icons/misc/radio20_on.png</textureradiooffdisabled>
			<include>SettingsButton</include>
			<onclick condition="!System.HasAddon(script.skin.helper.colorpicker)">InstallAddon(script.skin.helper.colorpicker)</onclick>
			<onclick condition="System.HasAddon(script.skin.helper.colorpicker)">RunScript(script.skin.helper.colorpicker,skinstring=color_player_accent,palette=rainbow)</onclick>
			<label>$LOCALIZE[31268]</label>
			<label2>$VAR[PlayerAccentColorLabel]</label2>
		</control>
		<control type="radiobutton" id="$PARAM[id]04">
			<textureradioonfocus colordiffuse="$VAR[ThumbFallbackColor]">icons/misc/radio20_on_fo.png</textureradioonfocus>
			<textureradioonnofocus colordiffuse="$VAR[ThumbFallbackColor]">icons/misc/radio20_on.png</textureradioonnofocus>
			<textureradioofffocus colordiffuse="$VAR[ThumbFallbackColor]">icons/misc/radio20_on_fo.png</textureradioofffocus>
			<textureradiooffnofocus colordiffuse="$VAR[ThumbFallbackColor]">icons/misc/radio20_on.png</textureradiooffnofocus>
			<textureradioondisabled colordiffuse="$VAR[ThumbFallbackColor]">icons/misc/radio20_on_fo.png</textureradioondisabled>
			<textureradiooffdisabled colordiffuse="$VAR[ThumbFallbackColor]">icons/misc/radio20_on.png</textureradiooffdisabled>
			<include>SettingsButton</include>
			<onclick condition="!System.HasAddon(script.skin.helper.colorpicker)">InstallAddon(script.skin.helper.colorpicker)</onclick>
			<onclick condition="System.HasAddon(script.skin.helper.colorpicker)">RunScript(script.skin.helper.colorpicker,skinstring=color_thumb_fallback,palette=rainbow)</onclick>
			<label>$LOCALIZE[31269]</label>
			<label2>$VAR[ThumbFallbackColorLabel]</label2>
		</control>
		<control type="radiobutton" id="$PARAM[id]05">
			<textureradioonfocus colordiffuse="$VAR[ButtonAccentColor]">icons/misc/radio20_on_fo.png</textureradioonfocus>
			<textureradioonnofocus colordiffuse="$VAR[ButtonAccentColor]">icons/misc/radio20_on.png</textureradioonnofocus>
			<textureradioofffocus colordiffuse="$VAR[ButtonAccentColor]">icons/misc/radio20_on_fo.png</textureradioofffocus>
			<textureradiooffnofocus colordiffuse="$VAR[ButtonAccentColor]">icons/misc/radio20_on.png</textureradiooffnofocus>
			<textureradioondisabled colordiffuse="$VAR[ButtonAccentColor]">icons/misc/radio20_on_fo.png</textureradioondisabled>
			<textureradiooffdisabled colordiffuse="$VAR[ButtonAccentColor]">icons/misc/radio20_on.png</textureradiooffdisabled>
			<include>SettingsButton</include>
			<onclick condition="!System.HasAddon(script.skin.helper.colorpicker)">InstallAddon(script.skin.helper.colorpicker)</onclick>
			<onclick condition="System.HasAddon(script.skin.helper.colorpicker)">RunScript(script.skin.helper.colorpicker,skinstring=button_focus_accent,palette=rainbow)</onclick>
			<label>$LOCALIZE[31270]</label>
			<label2>$VAR[ButtonAccentColorLabel]</label2>
		</control>
		<!-- background -->
		<include content="SkinSettingsHeadlineLabel">
			<param name="id" value="$PARAM[id]10"/>
			<param name="label" value="$LOCALIZE[33068]"/>
		</include>
		<control type="radiobutton" id="$PARAM[id]11">
			<include>SettingsButton</include>
			<onclick>Skin.ToggleSetting(HideBackgroundPlayback)</onclick>
			<selected>!Skin.HasSetting(HideBackgroundPlayback)</selected>
			<label>$LOCALIZE[31088]</label>
		</control>
		<control type="radiobutton" id="$PARAM[id]12">
			<include>SettingsButton</include>
			<onclick>Skin.ToggleSetting(HideBackground)</onclick>
			<selected>!Skin.HasSetting(HideBackground)</selected>
			<label>$LOCALIZE[31087]</label>
		</control>
		<control type="radiobutton" id="$PARAM[id]13">
			<include>SettingsButton</include>
			<onclick>Skin.ToggleSetting(ShowStaticBackgroundImage)</onclick>
			<selected>Skin.HasSetting(ShowStaticBackgroundImage)</selected>
			<onclick condition="Skin.HasSetting(ShowRandomBackgroundImage)">Skin.ToggleSetting(ShowRandomBackgroundImage)</onclick>
			<label>$LOCALIZE[31104]</label>
		</control>
		<control type="button" id="$PARAM[id]14">
			<textcolor>$VAR[AccentColor]</textcolor>
			<texturenofocus colordiffuse="panel_subitem">common/white.jpg</texturenofocus>
			<include>SettingsButton</include>
			<onclick>Skin.SetImage(StaticBackgroundImage)</onclick>
			<label>• $LOCALIZE[573]</label>
			<label2>$INFO[Skin.String(StaticBackgroundImage)]</label2>
			<enable>Skin.HasSetting(ShowStaticBackgroundImage)</enable>
			<visible>Skin.HasSetting(ShowStaticBackgroundImage)</visible>
		</control>
		<control type="radiobutton" id="$PARAM[id]15">
			<include>SettingsButton</include>
			<onclick>Skin.ToggleSetting(ShowRandomBackgroundImage)</onclick>
			<onclick condition="Skin.HasSetting(ShowStaticBackgroundImage)">Skin.ToggleSetting(ShowStaticBackgroundImage)</onclick>
			<selected>Skin.HasSetting(ShowRandomBackgroundImage)</selected>
			<label>$LOCALIZE[31195]</label>
		</control>
		<control type="button" id="$PARAM[id]16">
			<textcolor>$VAR[AccentColor]</textcolor>
			<texturenofocus colordiffuse="panel_subitem">common/white.jpg</texturenofocus>
			<include>SettingsButton</include>
			<onclick>Skin.SetPath(RandomBackgroundImage)</onclick>
			<label>• $LOCALIZE[573]</label>
			<label2>$INFO[Skin.String(RandomBackgroundImage)]</label2>
			<enable>Skin.HasSetting(ShowRandomBackgroundImage)</enable>
			<visible>Skin.HasSetting(ShowRandomBackgroundImage)</visible>
		</control>
		<control type="button" id="$PARAM[id]17">
			<include>SettingsButton</include>
			<onclick>SetProperty(Context.1.Label,$LOCALIZE[31348])</onclick>
			<onclick>SetProperty(Context.1.BuiltIn,Skin.SetString(BackgroundOpacity,darkest))</onclick>
			<onclick>SetProperty(Context.2.Label,$LOCALIZE[31349])</onclick>
			<onclick>SetProperty(Context.2.BuiltIn,Skin.SetString(BackgroundOpacity,darker))</onclick>
			<onclick>SetProperty(Context.3.Label,$LOCALIZE[31350])</onclick>
			<onclick>SetProperty(Context.3.BuiltIn,Skin.SetString(BackgroundOpacity,dark))</onclick>
			<onclick>SetProperty(Context.4.Label,$LOCALIZE[31351])</onclick>
			<onclick>SetProperty(Context.4.BuiltIn,Skin.SetString(BackgroundOpacity,bright))</onclick>
			<onclick>SetProperty(Context.5.Label,$LOCALIZE[31352])</onclick>
			<onclick>SetProperty(Context.5.BuiltIn,Skin.SetString(BackgroundOpacity,brighter))</onclick>
			<onclick>SetProperty(Context.6.Label,$LOCALIZE[31353])</onclick>
			<onclick>SetProperty(Context.6.BuiltIn,Skin.SetString(BackgroundOpacity,brightest))</onclick>
			<onclick>RunScript(script.embuary.helper,action=createcontext)</onclick>
			<label>$LOCALIZE[31271]</label>
			<label2>[COLOR $VAR[AccentColor]]$VAR[BackgroundOpacity][/COLOR]</label2>
			<enable>!Skin.HasSetting(HideBackground) | !Skin.HasSetting(HideBackgroundPlayback) | [Skin.HasSetting(ShowStaticBackgroundImage) + !String.IsEmpty(Skin.String(StaticBackgroundImage))] | [Skin.HasSetting(ShowRandomBackgroundImage) + !String.IsEmpty(Skin.String(RandomBackgroundImage))]</enable>
		</control>
		<control type="radiobutton" id="$PARAM[id]18">
			<include>SettingsButton</include>
			<onclick>Skin.ToggleSetting(BlurEnabled)</onclick>
			<onclick condition="!Skin.HasSetting(BlurEnabled)">RunScript(script.embuary.helper,action=dialogok,header=$LOCALIZE[31131],message='"$LOCALIZE[31355]"')</onclick>
			<onclick>RunScript(script.embuary.helper,action=restartservice)</onclick>
			<selected>Skin.HasSetting(BlurEnabled)</selected>
			<enable>!Skin.HasSetting(HideBackground) | [Skin.HasSetting(ShowStaticBackgroundImage) + !String.IsEmpty(Skin.String(StaticBackgroundImage))] | [Skin.HasSetting(ShowRandomBackgroundImage) + !String.IsEmpty(Skin.String(RandomBackgroundImage))]</enable>
			<label>$LOCALIZE[31354]</label>
		</control>
		<control type="button" id="$PARAM[id]19">
			<include>SettingsButton</include>
			<onclick>SetProperty(Context.1.Label,1 &#x00D8;)</onclick>
			<onclick>SetProperty(Context.1.BuiltIn,Skin.SetString(BlurRadius,1)||RunScript(script.embuary.helper,action=restartservice))</onclick>
			<onclick>SetProperty(Context.2.Label,2 &#x00D8; ($LOCALIZE[571]))</onclick>
			<onclick>SetProperty(Context.2.BuiltIn,Skin.SetString(BlurRadius,2)||RunScript(script.embuary.helper,action=restartservice))</onclick>
			<onclick>SetProperty(Context.3.Label,3 &#x00D8;)</onclick>
			<onclick>SetProperty(Context.3.BuiltIn,Skin.SetString(BlurRadius,3)||RunScript(script.embuary.helper,action=restartservice))</onclick>
			<onclick>SetProperty(Context.4.Label,4 &#x00D8;)</onclick>
			<onclick>SetProperty(Context.4.BuiltIn,Skin.SetString(BlurRadius,4)||RunScript(script.embuary.helper,action=restartservice))</onclick>
			<onclick>SetProperty(Context.5.Label,5 &#x00D8;)</onclick>
			<onclick>SetProperty(Context.5.BuiltIn,Skin.SetString(BlurRadius,5)||RunScript(script.embuary.helper,action=restartservice))</onclick>
			<onclick>SetProperty(Context.6.Label,6 &#x00D8;)</onclick>
			<onclick>SetProperty(Context.6.BuiltIn,Skin.SetString(BlurRadius,6)||RunScript(script.embuary.helper,action=restartservice))</onclick>
			<onclick>SetProperty(Context.7.Label,7 &#x00D8;)</onclick>
			<onclick>SetProperty(Context.7.BuiltIn,Skin.SetString(BlurRadius,7)||RunScript(script.embuary.helper,action=restartservice))</onclick>
			<onclick>SetProperty(Context.8.Label,8 &#x00D8;)</onclick>
			<onclick>SetProperty(Context.8.BuiltIn,Skin.SetString(BlurRadius,8)||RunScript(script.embuary.helper,action=restartservice))</onclick>
			<onclick>SetProperty(Context.9.Label,9 &#x00D8;)</onclick>
			<onclick>SetProperty(Context.9.BuiltIn,Skin.SetString(BlurRadius,9)||RunScript(script.embuary.helper,action=restartservice))</onclick>
			<onclick>SetProperty(Context.10.Label,10 &#x00D8;)</onclick>
			<onclick>SetProperty(Context.10.BuiltIn,Skin.SetString(BlurRadius,10)||RunScript(script.embuary.helper,action=restartservice))</onclick>
			<onclick>RunScript(script.embuary.helper,action=createcontext)</onclick>
			<enable>Skin.HasSetting(BlurEnabled)</enable>
			<label>$LOCALIZE[31368]</label>
			<label2>[COLOR $VAR[AccentColor]]$VAR[BackgroundBlurRadius][/COLOR]</label2>
		</control>

		<!-- header -->
		<include content="SkinSettingsHeadlineLabel">
			<param name="id" value="$PARAM[id]30"/>
			<param name="label" value="$LOCALIZE[31109]"/>
		</include>
		<control type="radiobutton" id="$PARAM[id]33">
			<include>SettingsButton</include>
			<onclick>Skin.ToggleSetting(HideHeaderWeather)</onclick>
			<selected>!Skin.HasSetting(HideHeaderWeather)</selected>
			<label>$LOCALIZE[31110]</label>
		</control>
		<!-- misc -->
		<include content="SkinSettingsHeadlineLabel">
			<param name="id" value="$PARAM[id]50"/>
			<param name="label" value="$LOCALIZE[31001]"/>
		</include>
		<control type="radiobutton" id="$PARAM[id]51">
			<include>SettingsButton</include>
			<onclick>Skin.ToggleSetting(KioskMode)</onclick>
			<selected>Skin.HasSetting(KioskMode)</selected>
			<label>$LOCALIZE[31112]</label>
		</control>
	</include>

	<!-- playback / media -->
	<include name="SkinSettingsPlaybackMedia">
		<!-- playback -->
		<include content="SkinSettingsHeadlineLabel">
			<param name="id" value="$PARAM[id]10"/>
			<param name="label" value="$LOCALIZE[14086]"/>
		</include>
		<control type="radiobutton" id="$PARAM[id]11">
			<include>SettingsButton</include>
			<onclick>Skin.ToggleSetting(StartPlayerFullscreen)</onclick>
			<selected>Skin.HasSetting(StartPlayerFullscreen)</selected>
			<label>$LOCALIZE[31250]</label>
		</control>
		<control type="radiobutton" id="$PARAM[id]12">
			<include>SettingsButton</include>
			<label>$LOCALIZE[31231]</label>
			<selected>!Skin.HasSetting(DoNotPauseOnInfo)</selected>
			<onclick>Skin.ToggleSetting(DoNotPauseOnInfo)</onclick>
		</control>
		<control type="radiobutton" id="$PARAM[id]13">
			<include>SettingsButton</include>
			<label>$LOCALIZE[31277]</label>
			<selected>Skin.HasSetting(HidePauseOSD)</selected>
			<onclick>Skin.ToggleSetting(HidePauseOSD)</onclick>
		</control>
		<!-- library and media -->
		<include content="SkinSettingsHeadlineLabel">
			<param name="id" value="$PARAM[id]20"/>
			<param name="label" value="$LOCALIZE[14211]"/>
		</include>
		<control type="radiobutton" id="$PARAM[id]21">
			<include>SettingsButton</include>
			<onclick>Skin.ToggleSetting(HideLibraryEditButtons)</onclick>
			<selected>!Skin.HasSetting(HideLibraryEditButtons)</selected>
			<label>$LOCALIZE[31155]</label>
		</control>
		<!-- PVR -->
		<include content="SkinSettingsHeadlineLabel">
			<param name="id" value="$PARAM[id]30"/>
			<param name="label" value="$LOCALIZE[14204]"/>
		</include>
		<control type="radiobutton" id="$PARAM[id]31">
			<include>SettingsButton</include>
			<label>$LOCALIZE[31336]</label>
			<selected>Skin.HasSetting(ShowEPGThumbVideoOSD)</selected>
			<onclick>Skin.ToggleSetting(ShowEPGThumbVideoOSD)</onclick>
			<enable>Pvr.HasTVChannels</enable>
		</control>
		<control type="radiobutton" id="$PARAM[id]32">
			<include>SettingsButton</include>
			<onclick>Skin.ToggleSetting(UseChannelLogo)</onclick>
			<selected>!Skin.HasSetting(UseChannelLogo)</selected>
			<label>$LOCALIZE[31221]</label>
			<enable>Pvr.HasTVChannels</enable>
		</control>
		<control type="radiobutton" id="$PARAM[id]33">
			<include>SettingsButton</include>
			<onclick>Skin.ToggleSetting(HideEPGThumbOverlay)</onclick>
			<selected>!Skin.HasSetting(HideEPGThumbOverlay)</selected>
			<label>$LOCALIZE[31317]</label>
			<enable>!Skin.HasSetting(UseChannelLogo) + Pvr.HasTVChannels</enable>
		</control>
		<control type="button" id="$PARAM[id]34">
			<include>SettingsButton</include>
			<onclick condition="String.IsEmpty(Skin.String(EPGar))">Skin.SetString(EPGar,4to3)</onclick>
			<onclick condition="String.IsEqual(Skin.String(EPGar),4to3)">Skin.SetString(EPGar,2to3)</onclick>
			<onclick condition="String.IsEqual(Skin.String(EPGar),2to3)">Skin.Reset(EPGar)</onclick>
			<label2>[COLOR $VAR[AccentColor]]$VAR[EPGThumbAR][/COLOR]</label2>
			<label>$LOCALIZE[31341]</label>
			<enable>Pvr.HasTVChannels</enable>
		</control>
		<control type="radiobutton" id="$PARAM[id]35">
			<include>SettingsButton</include>
			<onclick>Skin.ToggleSetting(NoMiniEPG)</onclick>
			<selected>!Skin.HasSetting(NoMiniEPG)</selected>
			<label>$LOCALIZE[31347]</label>
			<enable>Pvr.HasTVChannels</enable>
		</control>
		<control type="radiobutton" id="$PARAM[id]36">
			<include>SettingsButton</include>
			<onclick>Skin.ToggleSetting(HidePVRHubGroups)</onclick>
			<selected>!Skin.HasSetting(HidePVRHubGroups)</selected>
			<label>$LOCALIZE[31367]</label>
			<enable>Pvr.HasTVChannels</enable>
		</control>
	</include>

	<!-- power menu -->
	<include name="SkinSettingsPowerMenu">
		<!-- shortcuts -->
		<include content="SkinSettingsHeadlineLabel">
			<param name="id" value="$PARAM[id]01"/>
			<param name="label" value="$LOCALIZE[111]"/>
		</include>
		<control type="radiobutton" id="$PARAM[id]02">
			<include>SettingsButton</include>
			<onclick>Skin.ToggleSetting(HidePowerExit)</onclick>
			<selected>!Skin.HasSetting(HidePowerExit)</selected>
			<visible>!System.Platform.Android</visible>
			<label>$LOCALIZE[13012]</label>
		</control>
		<control type="radiobutton" id="$PARAM[id]04">
			<include>SettingsButton</include>
			<onclick>Skin.ToggleSetting(HidePowerOff)</onclick>
			<selected>!Skin.HasSetting(HidePowerOff)</selected>
			<label>$LOCALIZE[13016]</label>
			<visible>System.CanPowerDown</visible>
		</control>
		<control type="radiobutton" id="$PARAM[id]05">
			<include>SettingsButton</include>
			<onclick>Skin.ToggleSetting(HidePowerTimer)</onclick>
			<selected>!Skin.HasSetting(HidePowerTimer)</selected>
			<label>$LOCALIZE[20150] / $LOCALIZE[20151]</label>
			<visible>System.CanPowerDown | System.CanSuspend | System.CanHibernate</visible>
		</control>
		<control type="radiobutton" id="$PARAM[id]06">
			<include>SettingsButton</include>
			<onclick>Skin.ToggleSetting(HidePowerSuspend)</onclick>
			<selected>!Skin.HasSetting(HidePowerSuspend)</selected>
			<label>$LOCALIZE[13011]</label>
			<visible>System.CanSuspend</visible>
		</control>
		<control type="radiobutton" id="$PARAM[id]07">
			<include>SettingsButton</include>
			<onclick>Skin.ToggleSetting(HidePowerHibernate)</onclick>
			<selected>!Skin.HasSetting(HidePowerHibernate)</selected>
			<label>$LOCALIZE[13010]</label>
			<visible>System.CanHibernate</visible>
		</control>
		<control type="radiobutton" id="$PARAM[id]08">
			<include>SettingsButton</include>
			<onclick>Skin.ToggleSetting(HidePowerReboot)</onclick>
			<selected>!Skin.HasSetting(HidePowerReboot)</selected>
			<label>$LOCALIZE[13013]</label>
			<visible>System.CanReboot</visible>
		</control>
		<control type="radiobutton" id="$PARAM[id]09">
			<include>SettingsButton</include>
			<onclick>Skin.ToggleSetting(HideKodiReset)</onclick>
			<selected>!Skin.HasSetting(HideKodiReset)</selected>
			<label>$LOCALIZE[31412]</label>
			<visible>System.CanReboot + [System.HasAddon(service.libreelec.settings) | System.HasAddon(service.coreelec.settings)]</visible>
		</control>
		<control type="radiobutton" id="$PARAM[id]10">
			<include>SettingsButton</include>
			<onclick>Skin.ToggleSetting(HidePowerRebootNAND)</onclick>
			<selected>!Skin.HasSetting(HidePowerRebootNAND)</selected>
			<label>$LOCALIZE[13013] (NAND)</label>
			<visible>System.CanReboot + [System.HasAddon(service.libreelec.settings) | System.HasAddon(service.coreelec.settings)]</visible>
		</control>
		<control type="radiobutton" id="$PARAM[id]11">
			<include>SettingsButton</include>
			<onclick>Skin.ToggleSetting(HidePowerIdleShutdown)</onclick>
			<selected>!Skin.HasSetting(HidePowerIdleShutdown)</selected>
			<label>$LOCALIZE[13017] / $LOCALIZE[13018]</label>
			<visible>System.HasShutdown</visible>
		</control>
		<control type="radiobutton" id="$PARAM[id]12">
			<include>SettingsButton</include>
			<onclick>Skin.ToggleSetting(HideReloadSkin)</onclick>
			<selected>!Skin.HasSetting(HideReloadSkin)</selected>
			<label>$LOCALIZE[20183]</label>
		</control>
	</include>

	<!-- dependencies -->
	<include name="SkinSettingsDependencies">
		<include content="SkinSettingsHeadlineLabel">
			<param name="id" value="$PARAM[id]10"/>
			<param name="label" value="$LOCALIZE[31273]"/>
		</include>
		<control type="radiobutton" id="$PARAM[id]07">
			<include>SettingsButton</include>
			<onclick condition="!System.HasAddon(repository.repostva.matrix)">InstallAddon(repository.repostva.matrix)</onclick>
			<selected>System.HasAddon(repository.repostva.matrix)</selected>
			<label>Repositorio STVA Matrix $INFO[System.AddonVersion(repository.repostva.matrix),(,)] [COLOR grey]- Repositorio de addons[/COLOR]</label>
		</control>
		<control type="radiobutton" id="$PARAM[id]11">
			<include>SettingsButton</include>
			<onclick condition="!System.HasAddon(script.embuary.helper)">InstallAddon(script.embuary.helper)</onclick>
			<selected>System.HasAddon(script.embuary.helper)</selected>
			<label>Embuary Helper $INFO[System.AddonVersion(script.embuary.helper),(,)] [COLOR grey]- Ayuda para la interfaz[/COLOR]</label>
		</control>
		<control type="radiobutton" id="$PARAM[id]14">
			<include>SettingsButton</include>
			<onclick condition="!System.HasAddon(script.embuary.info)">InstallAddon(script.embuary.info)</onclick>
			<selected>System.HasAddon(script.embuary.info)</selected>
			<label>Embuary Info Script $INFO[System.AddonVersion(script.embuary.info),(,)] [COLOR grey]- Datos de Películas y Series[/COLOR]</label>
		</control>
		<control type="radiobutton" id="$PARAM[id]12">
			<include>SettingsButton</include>
			<onclick condition="!System.HasAddon(script.skinshortcuts)">InstallAddon(script.skinshortcuts)</onclick>
			<selected>System.HasAddon(script.skinshortcuts)</selected>
			<label>Skin Shortcuts $INFO[System.AddonVersion(script.skinshortcuts),(,)] [COLOR grey]- Para crear widgets y categorías[/COLOR]</label>
		</control>
		<control type="radiobutton" id="$PARAM[id]13">
			<include>SettingsButton</include>
			<onclick condition="!System.HasAddon(plugin.program.autocompletion)">InstallAddon(plugin.program.autocompletion)</onclick>
			<selected>System.HasAddon(plugin.program.autocompletion)</selected>
			<label>AutoCompletion for virtual keyboard $INFO[System.AddonVersion(plugin.program.autocompletion),(,)] [COLOR grey]- Autocompletar textos[/COLOR]</label>
		</control>
		<include content="SkinSettingsHeadlineLabel">
			<param name="id" value="$PARAM[id]50"/>
			<param name="label" value="$LOCALIZE[31441]"/>
		</include>
		<control type="radiobutton" id="$PARAM[id]51">
			<include>SettingsButton</include>
			<onclick condition="!System.HasAddon(repository.alfa-addon)">InstallAddon(repository.alfa-addon)</onclick>
			<onclick condition="!System.HasAddon(plugin.video.alfa)">InstallAddon(plugin.video.alfa)</onclick>
			<selected>System.HasAddon(plugin.video.alfa)</selected>
			<label>Alfa $INFO[System.AddonVersion(plugin.video.alfa),(,)] [COLOR grey]- Películas, series y documentales[/COLOR]</label>
		</control>
		<control type="radiobutton" id="$PARAM[id]52">
			<include>SettingsButton</include>
			<onclick condition="!System.HasAddon(plugin.video.cristalazul)">InstallAddon(plugin.video.winner)</onclick>
			<selected>System.HasAddon(plugin.video.cristalazul)</selected>
			<label>Cristal Azul $INFO[System.AddonVersion(plugin.video.cristalazul,(,)] [COLOR grey]- Películas, series, documentales, televisión y deportes[/COLOR]</label>
			<visible>Skin.HasSetting(ShowTVLiveHub)</visible>
		</control>
		<control type="radiobutton" id="$PARAM[id]53">
			<include>SettingsButton</include>
			<onclick condition="!System.HasAddon(script.module.resolveurl)">InstallAddon(script.module.resolveurl)</onclick>
			<selected>System.HasAddon(script.module.resolveurl)</selected>
			<label>[COLOR lightgrey] - Resolveurl $INFO[System.AddonVersion(script.module.resolveurl),(,)][/COLOR] [COLOR grey]- Requerido por Cristal Azul[/COLOR]</label>
			<visible>Skin.HasSetting(ShowTVLiveHub) + System.HasAddon(plugin.video.cristalazul)</visible>
		</control>
		<control type="radiobutton" id="$PARAM[id]54">
			<include>SettingsButton</include>
			<onclick condition="!System.HasAddon(repository.camaradas.repo)">InstallAddon(repository.camaradas.repo)</onclick>
			<onclick condition="!System.HasAddon(plugin.video.winner)">InstallAddon(plugin.video.winner)</onclick>
			<selected>System.HasAddon(plugin.video.winner)</selected>
			<label>Winner $INFO[System.AddonVersion(plugin.video.winner),(,)] [COLOR grey]- Complemento para ver deportes[/COLOR]</label>
			<visible>Skin.HasSetting(ShowSportsHub)</visible>
		</control>
		<control type="radiobutton" id="$PARAM[id]55">
			<include>SettingsButton</include>
			<onclick condition="!System.HasAddon(script.module.horus)">InstallAddon(script.module.horus)</onclick>
			<selected>System.HasAddon(script.module.horus)</selected>
			<label>[COLOR lightgrey] - Horus $INFO[System.AddonVersion(script.module.horus),(,)][/COLOR] [COLOR grey]- Requerido por Winner[/COLOR]</label>
			<visible>Skin.HasSetting(ShowSportsHub) + System.HasAddon(plugin.video.winner)</visible>
		</control>
		<control type="radiobutton" id="$PARAM[id]56">
			<include>SettingsButton</include>
			<onclick condition="!System.HasAddon(plugin.video.moestv)">InstallAddon(plugin.video.moestv)</onclick>
			<selected>System.HasAddon(plugin.video.moestv)</selected>
			<label>Moe's TV $INFO[System.AddonVersion(plugin.video.moestv),(,)] [COLOR grey]- Plataformas streaming TV[/COLOR]</label>
			<visible>Skin.HasSetting(ShowTVLiveHub)</visible>
		</control>
		<control type="radiobutton" id="$PARAM[id]57">
			<include>SettingsButton</include>
			<onclick condition="!System.HasAddon(plugin.video.duffyou)">InstallAddon(plugin.video.duffyou)</onclick>
			<selected>System.HasAddon(plugin.video.duffyou)</selected>
			<label>[COLOR lightgrey] - Duff You $INFO[System.AddonVersion(plugin.video.duffyou),(,)][/COLOR] [COLOR grey]- Youtube sin API requerido por Moe's TV[/COLOR]</label>
			<visible>System.HasAddon(plugin.video.moestv)</visible>
		</control>
		<control type="radiobutton" id="$PARAM[id]58">
			<include>SettingsButton</include>
			<onclick condition="!System.HasAddon(plugin.video.youtube)">InstallAddon(plugin.video.youtube)</onclick>
			<selected>System.HasAddon(plugin.video.youtube)</selected>
			<label>YouTube $INFO[System.AddonVersion(plugin.video.youtube),(,)]</label>
		</control>
		<include content="SkinSettingsHeadlineLabel">
			<param name="id" value="$PARAM[id]01"/>
			<param name="label" value="$LOCALIZE[31274]"/>
		</include>
		<control type="radiobutton" id="$PARAM[id]39">
			<include>SettingsButton</include>
			<onclick condition="!System.HasAddon(plugin.video.torrest)">InstallAddon(plugin.video.torrest)</onclick>
			<selected>System.HasAddon(plugin.video.torrest)</selected>
			<label>Torrest $INFO[System.AddonVersion(plugin.video.torrest),(,)] [COLOR lightgrey]- Gestor de enlaces Torrent[/COLOR]</label>
		</control>
		<control type="radiobutton" id="$PARAM[id]43">
			<include>SettingsButton</include>
			<onclick condition="!System.HasAddon(repository.a4ksubtitles)">InstallAddon(repository.a4ksubtitles)</onclick>
			<onclick condition="!System.HasAddon(service.subtitles.a4ksubtitles)">InstallAddon(service.subtitles.a4ksubtitles)</onclick>
			<selected>System.HasAddon(service.subtitles.a4ksubtitles)</selected>
			<label>a4ksubtitles $INFO[System.AddonVersion(service.subtitles.a4ksubtitles),(,)] [COLOR lightgrey]- Subtítulos externos[/COLOR]</label>
		</control>
		<control type="radiobutton" id="$PARAM[id]02">
			<include>SettingsButton</include>
			<onclick condition="!System.HasAddon(service.upnext)">InstallAddon(service.upnext)</onclick>
			<selected>System.HasAddon(service.upnext)</selected>
			<label>Up Next $INFO[System.AddonVersion(service.upnext),(,)] [COLOR lightgrey]- Ventana siguiente capítulo[/COLOR]</label>
		</control>
		<control type="radiobutton" id="$PARAM[id]05">
			<include>SettingsButton</include>
			<onclick condition="!System.HasAddon(script.skin.helper.skinbackup)">InstallAddon(script.skin.helper.skinbackup)</onclick>
			<selected>System.HasAddon(script.skin.helper.skinbackup)</selected>
			<label>Skin Helper Service Skin Backup $INFO[System.AddonVersion(script.skin.helper.skinbackup),(,)] [COLOR lightgrey]- Copia de Seguridad del Skin[/COLOR]</label>
		</control>
		<control type="radiobutton" id="$PARAM[id]06">
			<include>SettingsButton</include>
			<onclick condition="!System.HasAddon(script.skin.helper.colorpicker)">InstallAddon(script.skin.helper.colorpicker)</onclick>
			<selected>System.HasAddon(script.skin.helper.colorpicker)</selected>
			<label>Skin Helper Service ColorPicker $INFO[System.AddonVersion(script.skin.helper.colorpicker),(,)] [COLOR lightgrey]- Complemento para elegir colores[/COLOR]</label>
		</control>
		<control type="radiobutton" id="$PARAM[id]42">
			<include>SettingsButton</include>
			<onclick condition="!System.HasAddon(script.embuary.stva)">InstallAddon(script.embuary.stva)</onclick>
			<selected>System.HasAddon(script.embuary.stva)</selected>
			<label>Complemento Embuary STVA $INFO[System.AddonVersion(script.embuary.stva),(,)] [COLOR lightgrey]- Ajustes de la aplicación y addons para Embuary STVA[/COLOR]</label>
		</control>
		<include content="SkinSettingsHeadlineLabel">
			<param name="id" value="$PARAM[id]20"/>
			<param name="label" value="$LOCALIZE[31001]"/>
		</include>
		<control type="radiobutton" id="$PARAM[id]21">
			<include>SettingsButton</include>
			<onclick condition="![!System.HasAddon(script.module.metadatautils) + !System.HasAddon(script.skin.helper.service) + !System.HasAddon(script.skin.helper.widgets) + !System.HasAddon(script.skin.helper.backgrounds)]">RunScript(script.embuary.helper,action=dialogyesno,header=$LOCALIZE[31312],message=$LOCALIZE[31314][CR][CR]$LOCALIZE[31316],yesaction=RunScript(script.embuary.helper,action=toggleaddons,addonid=script.module.metadatautils+script.skin.helper.service+script.skin.helper.widgets+script.skin.helper.backgrounds,enable=false))</onclick>
			<onclick condition="[!System.HasAddon(script.module.metadatautils) + !System.HasAddon(script.skin.helper.service) + !System.HasAddon(script.skin.helper.widgets) + !System.HasAddon(script.skin.helper.backgrounds)]">RunScript(script.embuary.helper,action=dialogyesno,header=$LOCALIZE[31313],message=$LOCALIZE[31314][CR][CR]$LOCALIZE[31315],yesaction=RunScript(script.embuary.helper,action=toggleaddons,addonid=script.module.metadatautils+script.skin.helper.service+script.skin.helper.widgets+script.skin.helper.backgrounds,enable=true))</onclick>
			<label>$LOCALIZE[31312]</label>
			<selected>!System.HasAddon(script.module.metadatautils) + !System.HasAddon(script.skin.helper.service) + !System.HasAddon(script.skin.helper.widgets) + !System.HasAddon(script.skin.helper.backgrounds)</selected>
		</control>
	</include>

</includes>