<?xml version='1.0' encoding='UTF-8'?>
<shortcuts>
    <shortcut>
        <label>31190</label>
        <label2>Common Shortcut</label2>
        <icon>special://skin/extras/icons/wifi.png</icon>
		<action>ActivateWindow(Videos,"plugin://plugin.video.winner/?c1JaZUhKRDl2Tzkw",return)</action>
	</shortcut>	
    <shortcut>
        <label>31189</label>
        <label2>Common Shortcut</label2>
        <icon>special://skin/extras/icons/filebox.png</icon>
		<action>ActivateWindow(Videos,"plugin://plugin.video.winner/",return)</action>
	</shortcut>
    <shortcut>
        <label>31195</label>
        <label2>Common Shortcut</label2>
        <icon>special://skin/extras/icons/play.png</icon>
		<action>ActivateWindow(Videos,"plugin://plugin.video.cristalazul/?fanart=https%3a%2f%2fi.imgur.com%2f932XIJt.jpg&amp;mode=1&amp;name=%5bCOLOR%20gold%5d%2a%20%5bCOLOR%20lightgreen%5dRepeticiones%20%5bCOLOR%20white%5dDeportivas%5b%2fCOLOR%5d%20&amp;url=https%3a%2f%2fpastebin.com%2fraw%2fdNkEPZ4J",return)</action>
	</shortcut>
    <shortcut>
        <label>Canales Deportivos</label>
        <label2>Common Shortcut</label2>
        <icon>special://skin/extras/icons/tv.png</icon>
		<action>ActivateWindow(Videos,"plugin://plugin.video.cristalazul/?fanart=https%3a%2f%2fi.imgur.com%2fbg6n3AV.png&amp;mode=1&amp;name=%5bCOLOR%20white%5dDEPORTES%5b%2fCOLOR%5d&amp;regexs=%7b%27distancia%27%3a%20%7b%27name%27%3a%20%27distancia%27%2c%20%27expres%27%3a%20%27%23%24pyFunction%5cnimport%20re%2crequests%2cbase64%2cshutil%2crandom%5cnfrom%20kodi_six%20import%20xbmc%2cxbmcgui%2cxbmcaddon%2cxbmcvfs%5cnfrom%20six.moves%20import%20urllib_request%5cnimport%20six%5cnTRANSLATEPATH%20%3d%20xbmc.translatePath%20if%20six.PY2%20else%20xbmcvfs.translatePath%5cndef%20GetLSProData(page_data%2cCookie_Jar%2cm)%3a%5cn%20%20%20%20%20%20pasta%20%3d%20requests.get(%5c%27http%3a%2f%2fbit.ly%2fcristal_menus_distancia%5c%27%2c%20headers%3d%7b%5c%27User-Agent%5c%27%3a%20%5c%27Mozilla%2f5.0%5c%27%7d).text%5cn%20%20%20%20%20%20pasta%20%3d%20six.ensure_str(pasta)%5cn%20%20%20%20%20%20return%20re.findall(%5c%27%3d%22(.%2a%3f)%22%5c%27%2c%20pasta)%5b2%5d%5cn%27%2c%20%27page%27%3a%20None%2c%20%27cookiejar%27%3a%20%27%27%7d%7d&amp;url=%24doregex%5bdistancia%5d&quot;,return)</action>
	</shortcut>
</shortcuts>
