<?xml version="1.0" encoding="utf-8"?>
<window id="1154">
	<defaultcontrol>320</defaultcontrol>
	<include>Animation_DialogPopupOpenClose</include>
	<backgroundcolor>background</backgroundcolor>
	<controls>
		<control type="image">
			<centerleft>50%</centerleft>
			<top>-170</top>
			<width>50%</width>
			<height>50%</height>
			<texture background="true">special://skin/extras/backgrounds/splash.png</texture>
		</control>	
		<control type="group">
			<centerleft>50%</centerleft>
			<top>50</top>
			<height>1000</height>
			<width>1200</width>
			<control type="textbox">
				<left>30</left>
				<top>220</top>
				<width>1200</width>
				<height>500</height>
				<shadowcolor>black</shadowcolor>
				<pagecontrol>3000</pagecontrol>
				<font>font13</font>
				<label>$LOCALIZE[31227]</label>
			</control>
			<control type="grouplist" id="9000">
				<orientation>vertical</orientation>
				<left>0</left>
				<top>375</top>
				<height>600</height>
				<width>1200</width>
				<align>center</align>
				<control type="radiobutton" id="320">
					<label>Alfa $INFO[System.AddonVersion(plugin.video.alfa),(,)] - Películas, Series y Documentales</label>
					<textureradioonfocus colordiffuse="ffffffff">buttons/status-on.png</textureradioonfocus>
					<textureradioonnofocus colordiffuse="ffffffff">buttons/status-on.png</textureradioonnofocus>
					<textureradioofffocus colordiffuse="fff02222">buttons/status-off.png</textureradioofffocus>
					<textureradiooffnofocus colordiffuse="fff02222">buttons/status-off.png</textureradiooffnofocus>
					<onclick condition="!System.HasAddon(plugin.video.alfa)">InstallAddon(plugin.video.alfa)</onclick>
					<selected>System.HasAddon(plugin.video.alfa)</selected>
					<include>DefaultSettingButton</include>
				</control>
				<control type="radiobutton" id="323">
					<label>Winner $INFO[System.AddonVersion(plugin.video.winner),(,)] - Deportes</label>
					<textureradioonfocus colordiffuse="ffffffff">buttons/status-on.png</textureradioonfocus>
					<textureradioonnofocus colordiffuse="ffffffff">buttons/status-on.png</textureradioonnofocus>
					<textureradioofffocus colordiffuse="fff02222">buttons/status-off.png</textureradioofffocus>
					<textureradiooffnofocus colordiffuse="fff02222">buttons/status-off.png</textureradiooffnofocus>
					<onclick condition="!System.HasAddon(plugin.video.winner)">InstallAddon(plugin.video.winner)</onclick>
					<selected>System.HasAddon(plugin.video.winner)</selected>
					<include>DefaultSettingButton</include>
				</control>
				<control type="radiobutton" id="324">
					<label>PVR IPTV Simple Client $INFO[System.AddonVersion(pvr.iptvsimple),(,)] - Ver Listas IPTV</label>
					<textureradioonfocus colordiffuse="ffffffff">buttons/status-on.png</textureradioonfocus>
					<textureradioonnofocus colordiffuse="ffffffff">buttons/status-on.png</textureradioonnofocus>
					<textureradioofffocus colordiffuse="fff02222">buttons/status-off.png</textureradioofffocus>
					<textureradiooffnofocus colordiffuse="fff02222">buttons/status-off.png</textureradiooffnofocus>
					<onclick condition="!System.HasAddon(pvr.iptvsimple)">InstallAddon(pvr.iptvsimple)</onclick>																		
					<selected>System.HasAddon(pvr.iptvsimple)</selected>
					<include>DefaultSettingButton</include>
				</control>
				<control type="radiobutton" id="325">
					<label>Cristal Azul $INFO[System.AddonVersion(plugin.video.cristalazul),(,)] - Televisión Premium y sección Repeticiones Deportivas</label>
					<textureradioonfocus colordiffuse="ffffffff">buttons/status-on.png</textureradioonfocus>
					<textureradioonnofocus colordiffuse="ffffffff">buttons/status-on.png</textureradioonnofocus>
					<textureradioofffocus colordiffuse="fff02222">buttons/status-off.png</textureradioofffocus>
					<textureradiooffnofocus colordiffuse="fff02222">buttons/status-off.png</textureradiooffnofocus>
					<onclick condition="!System.HasAddon(plugin.video.cristalazul)">InstallAddon(plugin.video.cristalazul)</onclick>
					<selected>System.HasAddon(plugin.video.cristalazul)</selected>
					<include>DefaultSettingButton</include>
				</control>
				<control type="radiobutton" id="326">
					<label>MoesTV $INFO[System.AddonVersion(plugin.video.moestv),(,)] - Plataformas TV</label>
					<textureradioonfocus colordiffuse="ffffffff">buttons/status-on.png</textureradioonfocus>
					<textureradioonnofocus colordiffuse="ffffffff">buttons/status-on.png</textureradioonnofocus>
					<textureradioofffocus colordiffuse="fff02222">buttons/status-off.png</textureradioofffocus>
					<textureradiooffnofocus colordiffuse="fff02222">buttons/status-off.png</textureradiooffnofocus>
					<onclick condition="!System.HasAddon(plugin.video.moestv)">InstallAddon(plugin.video.moestv)</onclick>
					<selected>System.HasAddon(plugin.video.moestv)</selected>
					<include>DefaultSettingButton</include>
				</control>
				<control type="radiobutton" id="315">
					<label>YouTube $INFO[System.AddonVersion(plugin.video.youtube),(,)]</label>
					<textureradioonfocus colordiffuse="ffffffff">buttons/status-on.png</textureradioonfocus>
					<textureradioonnofocus colordiffuse="ffffffff">buttons/status-on.png</textureradioonnofocus>
					<textureradioofffocus colordiffuse="fff02222">buttons/status-off.png</textureradioofffocus>
					<textureradiooffnofocus colordiffuse="fff02222">buttons/status-off.png</textureradiooffnofocus>
					<onclick condition="!System.HasAddon(plugin.video.youtube)">InstallAddon(plugin.video.youtube)</onclick>
					<selected>System.HasAddon(plugin.video.youtube)</selected>
					<include>DefaultSettingButton</include>
				</control>
				<control type="radiobutton" id="327">
					<label>Gismeteo $INFO[System.AddonVersion(weather.gismeteo),(,)] - Addon del Tiempo</label>
					<textureradioonfocus colordiffuse="ffffffff">buttons/status-on.png</textureradioonfocus>
					<textureradioonnofocus colordiffuse="ffffffff">buttons/status-on.png</textureradioonnofocus>
					<textureradioofffocus colordiffuse="fff02222">buttons/status-off.png</textureradioofffocus>
					<textureradiooffnofocus colordiffuse="fff02222">buttons/status-off.png</textureradiooffnofocus>
					<onclick condition="!System.HasAddon(weather.gismeteo)">InstallAddon(weather.gismeteo)</onclick>
					<selected>System.HasAddon(weather.gismeteo)</selected>
					<include>DefaultSettingButton</include>
				</control>
				<control type="button" id="308">
					<height>100</height>
					<label>$LOCALIZE[31201]</label>
					<font>font25_title</font>
					<textoffsetx>30</textoffsetx>
					<onclick>Dialog.Close(1154)</onclick>
					<onclick>ActivateWindow(1155)</onclick>
					<align>center</align>
					<texturefocus border="40" colordiffuse="$VAR[SkinColorVar]">buttons/dialogbutton-fo.png</texturefocus>
					<texturenofocus border="40">buttons/dialogbutton-nofo.png</texturenofocus>
				</control>
			</control>
		</control>
	</controls>
</window>