<?xml version="1.0" encoding="utf-8"?>
<window type="dialog" id="1153">
	<defaultcontrol always="true">11000</defaultcontrol>
	<include>Animation_DialogPopupOpenClose</include>
	<controls>
		<control type="group">
			<centerleft>50%</centerleft>
			<height>660</height>
			<centertop>50%</centertop>
			<width>1000</width>
			<include content="DialogBackgroundCommons">
				<param name="width" value="1000" />
				<param name="height" value="710" />
				<param name="header_label" value="$LOCALIZE[31225]" />
				<param name="header_id" value="1" />
			</include>
			<control type="group" id="11000">
				<left>0</left>
				<top>80</top>
				<control type="grouplist" id="11100">
					<width>1000</width>
					<height>560</height>
					<itemgap>0</itemgap>
					<orientation>vertical</orientation>
					<control type="radiobutton" id="11111">
						<label>$LOCALIZE[40097] : $LOCALIZE[31148]</label>
						<include>DefaultSettingButton</include>
						<selected>Skin.HasSetting(hide_librarycategory)</selected>
						<onclick>Skin.ToggleSetting(hide_librarycategory)</onclick>
					</control>
					<control type="radiobutton" id="11114">
						<label>$LOCALIZE[40097] : $LOCALIZE[40012]</label>
						<include>DefaultSettingButton</include>
						<selected>Skin.HasSetting(hide_nextepisodes)</selected>
						<onclick>Skin.ToggleSetting(hide_nextepisodes)</onclick>
					</control>
					<control type="radiobutton" id="11115">
						<label>$LOCALIZE[40097] : $LOCALIZE[40107]</label>
						<include>DefaultSettingButton</include>
						<selected>Skin.HasSetting(hide_nextairingepisodes)</selected>
						<onclick>Skin.ToggleSetting(hide_nextairingepisodes)</onclick>
					</control>
					<control type="radiobutton" id="11116">
						<label>$LOCALIZE[40097] : $LOCALIZE[31122]</label>
						<include>DefaultSettingButton</include>
						<selected>Skin.HasSetting(hide_unwatchedtvshows)</selected>
						<onclick>Skin.ToggleSetting(hide_unwatchedtvshows)</onclick>
					</control>
					<control type="radiobutton" id="11117">
						<label>$LOCALIZE[40097] : $LOCALIZE[626]</label>
						<include>DefaultSettingButton</include>
						<selected>Skin.HasSetting(hide_inprogresstvshows)</selected>
						<onclick>Skin.ToggleSetting(hide_inprogresstvshows)</onclick>
					</control>
					<control type="radiobutton" id="11118">
						<label>$LOCALIZE[40097] : $LOCALIZE[20387]</label>
						<include>DefaultSettingButton</include>
						<selected>Skin.HasSetting(hide_recentlytvshows)</selected>
						<onclick>Skin.ToggleSetting(hide_recentlytvshows)</onclick>
					</control>
					<control type="radiobutton" id="11119">
						<label> ∟$LOCALIZE[40018]</label>
						<include>DefaultSettingButton</include>
						<selected>Skin.HasSetting(HideWatchedEpisodesFromRecently)</selected>
						<onclick>Skin.ToggleSetting(HideWatchedEpisodesFromRecently)</onclick>
						<enable>!Skin.HasSetting(hide_recentlytvshows)</enable>
					</control>
					<control type="radiobutton" id="11120">
						<label>$LOCALIZE[40097] : $LOCALIZE[31010]</label>
						<include>DefaultSettingButton</include>
						<selected>Skin.HasSetting(hide_inprogressmovies)</selected>
						<onclick>Skin.ToggleSetting(hide_inprogressmovies)</onclick>
					</control>
					<control type="radiobutton" id="11121">
						<label>$LOCALIZE[40097] : $LOCALIZE[31007]</label>
						<include>DefaultSettingButton</include>
						<selected>Skin.HasSetting(hide_unwatchedmovies)</selected>
						<onclick>Skin.ToggleSetting(hide_unwatchedmovies)</onclick>
					</control>
					<control type="radiobutton" id="11122">
						<label>$LOCALIZE[40097] : $LOCALIZE[31240]</label>
						<include>DefaultSettingButton</include>
						<selected>Skin.HasSetting(hide_mseriesbalandro)</selected>
						<onclick>Skin.ToggleSetting(hide_mseriesbalandro)</onclick>
						<visible>Skin.HasSetting(balandro-content)</visible>
					</control>
					<control type="radiobutton" id="11123">
						<label>$LOCALIZE[40097] : $LOCALIZE[31241]</label>
						<include>DefaultSettingButton</include>
						<selected>Skin.HasSetting(hide_mcapitulosbalandro)</selected>
						<onclick>Skin.ToggleSetting(hide_mcapitulosbalandro)</onclick>
						<visible>Skin.HasSetting(balandro-content)</visible>
					</control>
					<control type="radiobutton" id="11124">
						<label>$LOCALIZE[40097] : $LOCALIZE[31242]</label>
						<include>DefaultSettingButton</include>
						<selected>Skin.HasSetting(hide_mpelisbalandro)</selected>
						<onclick>Skin.ToggleSetting(hide_mpelisbalandro)</onclick>
						<visible>Skin.HasSetting(balandro-content)</visible>
					</control>
				</control>
			</control>
		</control>
	</controls>
</window>
