<?xml version="1.0" encoding="utf-8"?>
<window type="dialog" id="1124">
	<defaultcontrol always="true">11000</defaultcontrol>
	<include>Animation_DialogPopupOpenClose</include>
	<controls>
		<control type="group">
			<centerleft>50%</centerleft>
			<height>660</height>
			<centertop>50%</centertop>
			<width>1000</width>
			<include content="DialogBackgroundCommons">
				<param name="width" value="1000" />
				<param name="height" value="710" />
				<param name="header_label" value="$LOCALIZE[40099]" />
				<param name="header_id" value="1" />
			</include>
			<control type="group" id="11000">
				<left>0</left>
				<top>80</top>
				<control type="grouplist" id="11100">
					<width>1000</width>
					<height>560</height>
					<itemgap>0</itemgap>
					<orientation>vertical</orientation>
					<control type="radiobutton" id="11111">
						<label>$LOCALIZE[40097] : $LOCALIZE[31148]</label>
						<include>DefaultSettingButton</include>
						<selected>Skin.HasSetting(hide_tvshowscategory)</selected>
						<onclick>Skin.ToggleSetting(hide_tvshowscategory)</onclick>
					</control>
					<control type="radiobutton" id="11122">
						<label>$LOCALIZE[40097] : $LOCALIZE[31183]</label>
						<include>DefaultSettingButton</include>
						<selected>Skin.HasSetting(widget-sgeneros)</selected>
						<onclick>Skin.ToggleSetting(widget-sgeneros)</onclick>
					</control>
					<control type="radiobutton" id="11118">
						<label>$LOCALIZE[40097] : $LOCALIZE[20388]</label>
						<include>DefaultSettingButton</include>
						<selected>Skin.HasSetting(hide_widget-sstudios)</selected>
						<onclick>Skin.ToggleSetting(hide_widget-sstudios)</onclick>
					</control>			
					<control type="radiobutton" id="11123">
						<label>$LOCALIZE[40097] : $LOCALIZE[31222]</label>
						<include>DefaultSettingButton</include>
						<selected>Skin.HasSetting(hide_widget1-series)</selected>
						<onclick>Skin.ToggleSetting(hide_widget1-series)</onclick>
					</control>
					<control type="radiobutton" id="11119">
						<label>$LOCALIZE[40097] : $LOCALIZE[31175]</label>
						<include>DefaultSettingButton</include>
						<selected>Skin.HasSetting(hide_widget2-series)</selected>
						<onclick>Skin.ToggleSetting(hide_widget2-series)</onclick>
					</control>
					<control type="radiobutton" id="11120">
						<label>$LOCALIZE[40097] : $LOCALIZE[31178]</label>
						<include>DefaultSettingButton</include>
						<selected>Skin.HasSetting(hide_spopulares)</selected>
						<onclick>Skin.ToggleSetting(hide_spopulares)</onclick>
					</control>
					<control type="radiobutton" id="11121">
						<label>$LOCALIZE[40097] : $LOCALIZE[31181]</label>
						<include>DefaultSettingButton</include>
						<selected>Skin.HasSetting(hide_pyearalfa)</selected>
						<onclick>Skin.ToggleSetting(hide_pyearalfa)</onclick>
						<visible>!Skin.HasSetting(home_netflix) + Skin.HasSetting(balandro-content)</visible>
					</control>
				</control>
			</control>
		</control>
	</controls>
</window>
