<?xml version="1.0" encoding="utf-8"?>
<window id="1156">
	<defaultcontrol always="true">9002</defaultcontrol>
	<onload>Skin.Reset(MinimizeMainMenu)</onload>
	<onload>Skin.Reset(TopNameItem)</onload>
	<onload>Skin.Reset(HideMainMenuWithWidgets)</onload>
	<onload>Skin.Reset(hide_popup)</onload>
	<onload>Skin.Reset(enable_HomeDiscArt)</onload>	
	<onload>Skin.Reset(greyedout_watched_home)</onload>	
	<onload>Skin.Reset(show_weatherinfo)</onload>	
	<onload>Skin.Reset(autoscroll)</onload>	
	<onload>Skin.Reset(show_borders)</onload>	
	<onload>Skin.Reset(greyedout_watched)</onload>	
	<onload>Skin.Reset(enable_LibraryDiscArt)</onload>	
	<onload>Skin.Reset(DisableThemes)</onload>	
	<onload>Skin.Reset(circle_rating)</onload>	
	<onload>Skin.Reset(RatingStringColor)</onload>
	<onload>Skin.Reset(moviecountryicons.name)</onload>	
	<onload>Skin.Reset(moviecountryicons)</onload>	
	<onload>Skin.Reset(moviegenreicons.name)</onload>	
	<onload>Skin.Reset(moviegenreicons)</onload>	
	<onload>Skin.Reset(studiologos.name)</onload>						
	<onload>Skin.Reset(studiologos)</onload>	
	<onload>Skin.Reset(background_showvideo)</onload>
	<onload>Skin.Reset(HomeBanner)</onload>
	<onload>Skin.Reset(hide_sportscategories)</onload>
	<onunload>Skin.SetBool(MinimizeMainMenu)</onunload>
	<onunload>Skin.SetBool(TopNameItem)</onunload>
	<onunload>Skin.SetBool(HideMainMenuWithWidgets)</onunload>
	<onunload>Skin.SetBool(hide_popup)</onunload>
	<onunload>Skin.ToggleSetting(enable_HomeDiscArt)</onunload>	
	<onunload>Skin.ToggleSetting(greyedout_watched_home)</onunload>	
	<onunload>Skin.ToggleSetting(show_weatherinfo)</onunload>	
	<onunload>Skin.ToggleSetting(autoscroll)</onunload>	
	<onunload>Skin.ToggleSetting(show_borders)</onunload>	
	<onunload>Skin.ToggleSetting(greyedout_watched)</onunload>	
	<onunload>Skin.ToggleSetting(enable_LibraryDiscArt)</onunload>	
	<onunload>Skin.ToggleSetting(DisableThemes)</onunload>	
	<onunload>Skin.SetBool(circle_rating)</onunload>	
	<onunload>Skin.SetString(RatingStringColor,ff181818)</onunload>	
	<onunload>Skin.ToggleSetting(hide_categoriasdeportes)</onunload>
	<onunload>Skin.SetString(moviecountryicons.name,Movie Country Icons - Flags)</onunload>	
	<onunload>Skin.SetString(moviecountryicons.path,resource://resource.images.moviecountryicons.flags/)</onunload>	
	<onunload>Skin.SetString(moviegenreicons.name,Movie Genre Icons - Estuary STVA)</onunload>	
	<onunload>Skin.SetString(moviegenreicons.path,resource://resource.images.moviegenreicons.estuarystva/)</onunload>	
	<onunload>Skin.SetString(studiologos.name,Studio Icons - Coloured)</onunload>	
	<onunload>Skin.SetString(studiologos.path,resource://resource.images.studios.coloured/)</onunload>	
	<onunload>Skin.ToggleSetting(background_showvideo)</onunload>
	<onunload>Skin.ToggleSetting(HomeBanner)</onunload>
	<onunload>Skin.ToggleSetting((hide_sportscategories))</onunload>
	<include>Animation_DialogPopupOpenClose</include>
	<backgroundcolor>background</backgroundcolor>
	<controls>
		<control type="image">
			<centerleft>50%</centerleft>
			<top>-170</top>
			<width>60%</width>
			<height>60%</height>
			<texture background="true">special://skin/extras/backgrounds/splash.png</texture>
		</control>	
		<control type="label">
			<left>0</left>
			<top>270</top>
			<height>500</height>
			<shadowcolor>black</shadowcolor>
			<pagecontrol>3000</pagecontrol>
			<font>font13</font>
			<label>$LOCALIZE[31232]</label>
			<align>center</align>
		</control>
		<control type="group" id="3000">
			<control type="grouplist" id="3001">
				<orientation>horizontal</orientation>
				<left>60</left>
				<width>1800</width>
				<top>390</top>
				<itemgap>100</itemgap>
				<align>justify</align>
				<pagecontrol>3010</pagecontrol>
				<control type="image">
					<left>350</left>
					<top>200</top>
					<width>800</width>
					<height>450</height>
					<texture>special://skin/extras/help/homebasic.jpg</texture>
				</control>	
				<control type="image">
					<left>350</left>
					<top>200</top>
					<width>800</width>
					<height>450</height>
					<texture>special://skin/extras/help/homenetflix.jpg</texture>
				</control>	
			</control>
		</control>
		<control type="group">
			<control type="grouplist" id="9000">
				<orientation>horizontal</orientation>
				<itemgap>0</itemgap>
				<left>60</left>
				<width>1800</width>
				<height>110</height>
				<top>860</top>
				<align>justify</align>
				<ondown>8001</ondown>
				<control type="button" id="9001">
					<height>120</height>
					<label>Estilo Básico</label>
					<font>font25_title</font>
					<width>350</width>
					<align>center</align>
					<onclick>Skin.SetBool(HomeStyle,true)</onclick>
					<onclick condition="Skin.HasSetting(home_netflix)">Skin.ToggleSetting(home_netflix)</onclick>
					<onclick>Dialog.Close(1156)</onclick>
					<onclick>ActivateWindow(1149)</onclick>
					<texturefocus border="40" colordiffuse="FFFF9800">buttons/dialogbutton-fo.png</texturefocus>
					<texturenofocus border="40">buttons/dialogbutton-nofo.png</texturenofocus>
				</control>
				<control type="button" id="9002">
					<height>120</height>
					<label>Estilo Netflix</label>
					<font>font25_title</font>
					<width>300</width>
					<align>center</align>
					<onclick>Skin.SetBool(HomeStyle,true)</onclick>
					<onclick>Skin.SetBool(home_netflix,true)</onclick>
					<texturefocus border="40" colordiffuse="FFFF9800">buttons/dialogbutton-fo.png</texturefocus>
					<texturenofocus border="40">buttons/dialogbutton-nofo.png</texturenofocus>
				</control>
			</control>
			<control type="grouplist" id="8000">
				<orientation>horizontal</orientation>
				<itemgap>0</itemgap>
				<left>950</left>
				<width>970</width>
				<height>110</height>
				<top>950</top>
				<onup>9002</onup>
				<ondown>9002</ondown>
				<align>justify</align>
				<visible>Skin.HasSetting(home_netflix)</visible>
				<control type="button" id="8001">
					<height>120</height>
					<label>Activar Trailer automático</label>
					<font>font24_title</font>
					<width>400</width>
					<align>center</align>
					<onclick condition="!System.HasAddon(script.bingie.helper)">InstallAddon(script.bingie.helper)</onclick>			
					<onclick>Skin.ToggleSetting(autotrailer)</onclick>
					<onclick>Dialog.Close(1156)</onclick>
					<onclick>ActivateWindow(1149)</onclick>
					<onclick>Skin.SetBool(HomeStyle,true)</onclick>
					<texturefocus border="40" colordiffuse="FFFF9800">buttons/dialogbutton-fo.png</texturefocus>
					<texturenofocus border="40">buttons/dialogbutton-nofo.png</texturenofocus>
				</control>
				<control type="button" id="8002">
					<height>120</height>
					<label>Desactivar Trailer automático</label>
					<font>font24_title</font>
					<width>400</width>
					<align>center</align>
					<onclick>Dialog.Close(1156)</onclick>
					<onclick>ActivateWindow(1149)</onclick>
					<onclick>Skin.SetBool(HomeStyle,true)</onclick>
					<texturefocus border="40" colordiffuse="FFFF9800">buttons/dialogbutton-fo.png</texturefocus>
					<texturenofocus border="40">buttons/dialogbutton-nofo.png</texturenofocus>
				</control>
			</control>
		</control>	
	</controls>
</window>