<?xml version="1.0" encoding="utf-8"?>
<window type="dialog" id="1152">
	<defaultcontrol always="true">301</defaultcontrol>
	<include>Animation_DialogPopupOpenClose</include>
	<controls>
		<control type="group">
			<centerleft>50%</centerleft>
			<centertop>50%</centertop>
			<height>1010</height>
			<width>1780</width>
			<include content="DialogBackgroundCommons">
				<param name="width" value="1780" />
				<param name="height" value="1010" />
				<param name="header_label" value="$LOCALIZE[31218]" />
				<param name="header_id" value="1" />
			</include>
            <!-- Image -->
            <control type="group">
                <left>520</left>
                <width>1250</width>
                <top>85</top>
                <height>910</height>
                <control type="image">
                    <aspectratio scalediffuse="false">keep</aspectratio>
                    <texture background="true" fallback="special://skin/fanart.jpg">$INFO[Window.Property(Image_Preview)]</texture>
                </control>
                <control type="image">
                    <aspectratio scalediffuse="false">center</aspectratio>
                    <visible>[Control.HasFocus(8001) + !String.Contains(Control.GetLabel(9001),*)] | [Control.HasFocus(9002) + !String.Contains(Control.GetLabel(9002),*)] | [Control.HasFocus(9003) + !String.Contains(Control.GetLabel(9003),*)] | [Control.HasFocus(9004) + !String.Contains(Control.GetLabel(9004),*)] | [Control.HasFocus(9005) + !String.Contains(Control.GetLabel(9005),*)] | [Control.HasFocus(9006) + !String.Contains(Control.GetLabel(9006),*)] | [Control.HasFocus(9007) + !String.Contains(Control.GetLabel(9007),*)] | [Control.HasFocus(9008) + !String.Contains(Control.GetLabel(9008),*)] | [Control.HasFocus(9009) + !String.Contains(Control.GetLabel(9009),*)] | [Control.HasFocus(9010) + !String.Contains(Control.GetLabel(9010),*)]</visible>
                </control>
            </control>
			<control type="grouplist" id="9000">
				<orientation>vertical</orientation>
				<left>0</left>
				<top>80</top>
				<width>490</width>
				<align>justify</align>
				<control type="button" id="301">
					<label>El Inicio</label>
					<onfocus>SetProperty(Image_Preview,special://skin/extras/help/inicio.jpg)</onfocus>
					<include>DefaultSettingButton</include>
					<texturefocus border="40" colordiffuse="$VAR[SkinColorVar]">buttons/dialogbutton-fo.png</texturefocus>
					<texturenofocus border="40">buttons/dialogbutton-nofo.png</texturenofocus>
				</control>
				<control type="button" id="302">
					<label>Buscador</label>
					<onfocus>SetProperty(Image_Preview,special://skin/extras/help/buscadores.jpg)</onfocus>
					<include>DefaultSettingButton</include>
					<texturefocus border="40" colordiffuse="$VAR[SkinColorVar]">buttons/dialogbutton-fo.png</texturefocus>
					<texturenofocus border="40">buttons/dialogbutton-nofo.png</texturenofocus>
				</control>
				<control type="button" id="303">
					<label>Menú Contextual</label>
					<onfocus>SetProperty(Image_Preview,special://skin/extras/help/context.jpg)</onfocus>
					<height>100</height>
					<textoffsetx>40</textoffsetx>
					<texturefocus border="40" colordiffuse="$VAR[SkinColorVar]">buttons/dialogbutton-fo.png</texturefocus>
					<texturenofocus border="40">buttons/dialogbutton-nofo.png</texturenofocus>
					<visible>Skin.HasSetting(alfa-content)</visible>
				</control>
				<control type="button" id="3031">
					<label>Menú Contextual</label>
					<onfocus>SetProperty(Image_Preview,special://skin/extras/help/contextbalandro.jpg)</onfocus>
					<height>100</height>
					<textoffsetx>40</textoffsetx>
					<texturefocus border="40" colordiffuse="$VAR[SkinColorVar]">buttons/dialogbutton-fo.png</texturefocus>
					<texturenofocus border="40">buttons/dialogbutton-nofo.png</texturenofocus>
					<visible>Skin.HasSetting(balandro-content)</visible>
				</control>
				<control type="button" id="304">
					<label>Videoteca</label>
					<onfocus>SetProperty(Image_Preview,special://skin/extras/help/videoteca.jpg)</onfocus>
					<height>100</height>
					<textoffsetx>40</textoffsetx>
					<texturefocus border="40" colordiffuse="$VAR[SkinColorVar]">buttons/dialogbutton-fo.png</texturefocus>
					<texturenofocus border="40">buttons/dialogbutton-nofo.png</texturenofocus>
					<visible>Skin.HasSetting(alfa-content)</visible>
				</control>
				<control type="button" id="3041">
					<label>Videoteca</label>
					<onfocus>SetProperty(Image_Preview,special://skin/extras/help/videotecabalandro.jpg)</onfocus>
					<height>100</height>
					<textoffsetx>40</textoffsetx>
					<texturefocus border="40" colordiffuse="$VAR[SkinColorVar]">buttons/dialogbutton-fo.png</texturefocus>
					<texturenofocus border="40">buttons/dialogbutton-nofo.png</texturenofocus>
					<visible>Skin.HasSetting(balandro-content)</visible>
				</control>
				<control type="button" id="305">
					<label>Deportes</label>
					<onfocus>SetProperty(Image_Preview,special://skin/extras/help/deportes.jpg)</onfocus>
					<include>DefaultSettingButton</include>
					<texturefocus border="40" colordiffuse="$VAR[SkinColorVar]">buttons/dialogbutton-fo.png</texturefocus>
					<texturenofocus border="40">buttons/dialogbutton-nofo.png</texturenofocus>
				</control>
				<control type="button" id="306">
					<label>Juegos</label>
					<onfocus>SetProperty(Image_Preview,special://skin/extras/help/juegos.jpg)</onfocus>
					<include>DefaultSettingButton</include>
					<texturefocus border="40" colordiffuse="$VAR[SkinColorVar]">buttons/dialogbutton-fo.png</texturefocus>
					<texturenofocus border="40">buttons/dialogbutton-nofo.png</texturenofocus>
				</control>
				<control type="button" id="307">
					<label>Ajustes de Reproducción</label>
					<onfocus>SetProperty(Image_Preview,special://skin/extras/help/ajustes.jpg)</onfocus>
					<include>DefaultSettingButton</include>
					<texturefocus border="40" colordiffuse="$VAR[SkinColorVar]">buttons/dialogbutton-fo.png</texturefocus>
					<texturenofocus border="40">buttons/dialogbutton-nofo.png</texturenofocus>
				</control>
				<control type="button" id="308">
					<label>Personalización</label>
					<onfocus>SetProperty(Image_Preview,special://skin/extras/help/custom.jpg)</onfocus>
					<include>DefaultSettingButton</include>
					<texturefocus border="40" colordiffuse="$VAR[SkinColorVar]">buttons/dialogbutton-fo.png</texturefocus>
					<texturenofocus border="40">buttons/dialogbutton-nofo.png</texturenofocus>
				</control>
				<control type="button" id="309">
					<label>Actualizaciones</label>
					<onfocus>SetProperty(Image_Preview,special://skin/extras/help/updates.jpg)</onfocus>
					<include>DefaultSettingButton</include>
					<texturefocus border="40" colordiffuse="$VAR[SkinColorVar]">buttons/dialogbutton-fo.png</texturefocus>
					<texturenofocus border="40">buttons/dialogbutton-nofo.png</texturenofocus>
				</control>
				<control type="button" id="310">
					<height>100</height>
					<label>Cerrar</label>
					<textoffsetx>40</textoffsetx>
					<onclick>Dialog.Close(1152)</onclick>
					<texturefocus border="40" colordiffuse="$VAR[SkinColorVar]">buttons/dialogbutton-fo.png</texturefocus>
					<texturenofocus border="40">buttons/dialogbutton-nofo.png</texturenofocus>
				</control>
			</control>
		</control>
	</controls>
</window>