<?xml version="1.0" encoding="UTF-8"?>
<includes>
	<include name="View_504_ThumbsWall">
		<control type="group">
			<include>OpenClose_Right</include>
			<left>50</left>
			<top>0</top>
			<visible>Control.IsVisible(504)</visible>
			<include>Visible_Right</include>
			<control type="panel" id="504">
				<left>0</left>
				<top>0</top>
				<width>98%</width>
				<height>100%</height>
				<onleft condition="!Skin.HasSetting(KioskMode)">9000</onleft>
				<onright>531</onright>
				<oninfo condition="String.IsEqual(ListItem.DBType,set)">ActivateWindow(1132)</oninfo>
				<onup condition="Integer.IsGreater(Container.NumPages,1)">504</onup>
				<onup condition="!Integer.IsGreater(Container.NumPages,1) + !Skin.HasSetting(KioskMode)">9000</onup>
				<ondown>504</ondown>
				<viewtype label="40015">icon</viewtype>
				<preloaditems>2</preloaditems>
				<pagecontrol>531</pagecontrol>
				<scrolltime tween="cubic" easing="out">500</scrolltime>
				<animation effect="slide" end="20,0" time="0" condition="String.IsEqual(Skin.AspectRatio,21:9)">Conditional</animation>
				<itemlayout height="400" width="600">
					<control type="group">
						<top>150</top>
						<include>WallThumbsLayout</include>
					</control>
				</itemlayout>
				<focusedlayout height="400" width="600">
					<control type="group">
						<depth>DepthContentPopout</depth>
						<animation type="Focus" condition="!Skin.HasSetting(no_animations)" reversible="false">
            				<effect type="zoom" end="110" time="75" tween="sine" easing="out" center="auto" />
            				<effect type="zoom" end="91" time="225" tween="sine" delay="100" easing="out" center="auto" />
       					 </animation>
						<top>150</top>
						<include content="WallThumbsLayout">
							<param name="focused" value="true" />
						</include>
					</control>
				</focusedlayout>
			</control>
		</control>
	</include>
</includes>