<?xml version='1.0' encoding='UTF-8'?>
<addon id="skin.ctouch"  version="3.6" name="Cristal Touch" provider-name="STVA">
	<requires>
		<import addon="resource.language.es_es" version="0.0.0"/>		
	</requires>
	<extension debugging="false" effectslowdown="1" point="xbmc.gui.skin">
		<res aspect="16:9" default="true" folder="xml" height="1080" width="1920" />
	</extension>
	<extension point="xbmc.addon.metadata">
		<summary lang="es_ES">Skin para Kodi y Forks. Compatible con Kodi Matrix y Nexus</summary>
		<summary lang="en_GB">Skin para Kodi y Forks. Compatible con Kodi Matrix y Nexus</summary>				
		<description lang="es_ES">Cristal Touch es un mod del skin AppTV realizado por STVA.[CR]Funciona perfectamente en dispositivos táctiles, pc/portátil, SmartTV o TV Box y raspberrys o similares[CR]Fácil personalización de los items del Inicio desde el menú contextual</description>
		<description lang="en_GB">Cristal Touch es un mod del skin AppTV realizado por STVA.[CR]Funciona perfectamente en dispositivos táctiles, pc/portátil, SmartTV o TV Box y raspberrys o similares[CR]Fácil personalización de los items del Inicio desde el menú contextual</description>		
		<disclaimer lang="en_GB">Para dudas, preguntas o sugerencias [CR]Telegram: t.me/stvabuild[CR]Web y Foro: stva.es</disclaimer>
		<disclaimer lang="es_ES">Para dudas, preguntas o sugerencias [CR]Telegram: t.me/stvabuild[CR]Web y Foro: stva.es</disclaimer>		
		<platform>all</platform>
		<license></license>
		<website />
		<email />
		<news>Versión 3.6 - 7/1/24
- Integrados al skin, widgets, items, buscador y ajustes de Palantir3
- Eliminada opción 'desactivar items y widgets palantir2'
- Añadida opción para 'repetir la configuración inicial' a ajustes de skin/General
- Cambiado widget 'Series Cristal Torrent' de paisaje a poster para que se vean correctamente
- Sustituido widget 'Series Cristal 4k' por 'Super Peticiones'
- Eliminada opción 'Canales' del item 'Repeticiones Deportivas'
- Añadidas opciones; Agenda, Canales y Listas al item 'Deportes'</news>
		<assets>
			<icon>icon.png</icon>
			<fanart>fanart.jpg</fanart>
			<screenshot>resources/screenshot001.jpg</screenshot>
			<screenshot>resources/screenshot002.jpg</screenshot>
			<screenshot>resources/screenshot003.jpg</screenshot>
			<screenshot>resources/screenshot004.jpg</screenshot>
			<screenshot>resources/screenshot005.jpg</screenshot>
		</assets>
	</extension>
</addon>