<?xml version='1.0' encoding='UTF-8'?>
<addon id="skin.ctouch"  version="3.6.2" name="Cristal Touch" provider-name="STVA">
	<requires>
		<import addon="resource.language.es_es" version="0.0.0"/>		
	</requires>
	<extension debugging="false" effectslowdown="1" point="xbmc.gui.skin">
		<res aspect="16:9" default="true" folder="xml" height="1080" width="1920" />
	</extension>
	<extension point="xbmc.addon.metadata">
		<summary lang="es_ES">Skin para Kodi y Forks. Compatible con Kodi Matrix y Nexus</summary>
		<summary lang="en_GB">Skin para Kodi y Forks. Compatible con Kodi Matrix y Nexus</summary>				
		<description lang="es_ES">Cristal Touch es un mod del skin AppTV realizado por STVA.[CR]Funciona perfectamente en dispositivos táctiles, pc/portátil, SmartTV o TV Box y raspberrys o similares[CR]Fácil personalización de los items del Inicio desde el menú contextual</description>
		<description lang="en_GB">Cristal Touch es un mod del skin AppTV realizado por STVA.[CR]Funciona perfectamente en dispositivos táctiles, pc/portátil, SmartTV o TV Box y raspberrys o similares[CR]Fácil personalización de los items del Inicio desde el menú contextual</description>		
		<disclaimer lang="en_GB">Para dudas, preguntas o sugerencias [CR]Telegram: t.me/stvabuild[CR]Web y Foro: stva.es</disclaimer>
		<disclaimer lang="es_ES">Para dudas, preguntas o sugerencias [CR]Telegram: t.me/stvabuild[CR]Web y Foro: stva.es</disclaimer>		
		<platform>all</platform>
		<license></license>
		<website />
		<email />
		<news>Versión 3.6.2 - 20/1/24
- Agregado Inicio Deportes
- Corregido item y widget 'Series en seguimiento' de Palantir
- Cambiada descripción de Limpia tu Kodi en ajustes de Skin>Addons del skin
- Habilitada función del reproductor para avanzar de manera táctil en la barra de progreso
- Ahora en el reproductor al avanzar o retroceder se ven los botones
- Otras correcciones menores</news>
		<assets>
			<icon>icon.png</icon>
			<fanart>fanart.jpg</fanart>
			<screenshot>resources/screenshot001.jpg</screenshot>
			<screenshot>resources/screenshot002.jpg</screenshot>
			<screenshot>resources/screenshot006.jpg</screenshot>
			<screenshot>resources/screenshot003.jpg</screenshot>
			<screenshot>resources/screenshot004.jpg</screenshot>
			<screenshot>resources/screenshot005.jpg</screenshot>
		</assets>
	</extension>
</addon>