{
  "id": "mundokaos",
  "name": "mundokaos",
  "active": true,
  "adult": false,
  "language": ["lat", "cast"],
  "thumbnail": "https://mundokaos.net/wp-content/uploads/2021/06/cropped-Untitled-2.png",
  "banner": "",
  "fanart": "",
  "categories": [
    "movie",
    "vos"
  ],
  "force_unify": true,
  "settings": [
    {
      "id": "filter_languages",
      "type": "list",
      "label": "Mostrar enlaces en idioma...",
      "default": 0,
      "enabled": true,
      "visible": true,
      "lvalues": [
        "No filtrar",
        "CAST",
        "LAT",
        "VOSE"
      ]
    }
  ]
}
