<?xml version="1.0" encoding="utf-8"?>
<window>
	<defaultcontrol>11</defaultcontrol>
	<coordinates>
		<left>424</left>
		<top>938</top>
	</coordinates>
	<controls>
		<control type="group">
			<visible>![Window.IsVisible(notification) | Window.IsVisible(volumebar)]</visible>
			<control type="image">
				<!-- Dialog background -->
				<left>0</left>
				<top>0</top>
				<width>1062</width>
				<height>130</height>
				<texture border="14">button-menu-background.png</texture>
				<colordiffuse>mask-background</colordiffuse>
			</control>
			<control type="label" id="10">
				<!-- Dialog heading -->
				<left>33</left>
				<top>27</top>
				<width>477</width>
				<height>30</height>
				<aligny>center</aligny>
			</control>
			<control type="button">
				<!-- Touch Close button -->
				<left>1029</left>
				<top>-15</top>
				<width>64</width>
				<height>64</height>
				<texturefocus>touch-close.png</texturefocus>
				<texturenofocus>touch-close.png</texturenofocus>
				<onclick>Dialog.Close(sliderdialog)</onclick>
				<visible>Skin.HasSetting(homemenu-icon)</visible>								
			</control>
			<control type="label" id="12">
				<!-- Slider value -->
				<left>555</left>
				<top>27</top>
				<width>477</width>
				<height>30</height>
				<align>right</align>
				<aligny>center</aligny>
			</control>
			<control type="image">
				<!-- Seek slider background -->
				<left>27</left>
				<top>75</top>
				<width>1008</width>
				<height>24</height>
				<texture border="12,0,12,0">progress-bar-focus.png</texture>
				<colordiffuse>ProgressBarColor</colordiffuse>
			</control>
			<control type="slider" id="11">
				<left>27</left>
				<top>72</top>
				<width>1008</width>
				<height>30</height>
			</control>
		</control>
	</controls>
</window>