<?xml version="1.0" encoding="UTF-8"?>
<window type="dialog" id="1134">
	<defaultcontrol>1999</defaultcontrol>
	<include>PropertyIncludes</include>
	<onunload>Skin.SetBool(consejo)</onunload>
	<controls>
		<include content="DiffuseMaskok"/>
		<control type="group">
			<include>Dialog_PopupOpenClose</include>
			<centerleft>50%</centerleft>
			<width>800</width>
			<top>300</top>
			<height>1080</height>
			<control type="group">
				<onright>Dialog.close</onright>
				<onleft>Dialog.close</onleft>
				<onup>Dialog.close</onup>
				<ondown>Dialog.close</ondown>
				<control type="image">
					<width>152</width>
					<height>500</height>
					<texture>special://skin/extras/images/ok.png</texture>
				</control>
				<control type="textbox">
					<left>180</left>
					<width>100%</width>
					<height max="401">auto</height>
					<autoscroll>false</autoscroll>
					<align>justify</align>
					<top>250</top>
					<font>Med24</font>
					<textcolor>text_header_mainlabel</textcolor>
					<label>Deja pulsado el OK o Botón central de tu mando sobre una película o serie para acceder a más opciones</label>
				</control>
			</control>
		</control>
	</controls>
</window>