<?xml version="1.0" encoding="utf-8"?>
<window id="1136">
	<onload>ClearProperty(SplashStarted,home)</onload>
	<defaultcontrol>2</defaultcontrol>
	<include>Animation_DialogPopupOpenClose</include>
	<backgroundcolor>background</backgroundcolor>
	<controls>
		<control type="image">
			<centerleft>50%</centerleft>
			<top>-170</top>
			<width>60%</width>
			<height>60%</height>
			<texture background="true">special://skin/extras/backgrounds/splash.png</texture>
		</control>	
		<control type="group">
			<centerleft>50%</centerleft>
			<top>50</top>
			<height>1000</height>
			<width>1200</width>
			<control type="textbox">
				<left>30</left>
				<top>220</top>
				<width>1200</width>
				<height>500</height>
				<shadowcolor>black</shadowcolor>
				<pagecontrol>3000</pagecontrol>
				<font>font13</font>
				<label>$LOCALIZE[31194]</label>
			</control>
			<control type="grouplist" id="9000">
				<orientation>horizontal</orientation>
				<left>0</left>
				<top>840</top>
				<width>1200</width>
				<align>center</align>
				<control type="button" id="2">
					<width>500</width>
					<height>100</height>
					<label>$LOCALIZE[31197]</label>
					<font>font25_title</font>
					<textoffsetx>30</textoffsetx>
					<onclick condition="!System.HasAddon(script.stvasettings)">InstallAddon(script.stvasettings)</onclick>
					<onclick>Skin.ToggleSetting(FirstTimeRun2)</onclick>
					<onclick condition="System.HasAddon(script.stvasettings)">Close(1136)</onclick>
					<onclick condition="System.HasAddon(script.stvasettings)">ActivateWindow(1156)</onclick>
					<align>center</align>
					<texturefocus border="40" colordiffuse="$VAR[SkinColorVar]">buttons/dialogbutton-fo.png</texturefocus>
					<texturenofocus border="40" colordiffuse="FF000000">buttons/dialogbutton-nofo.png</texturenofocus>
				</control>
				<control type="button" id="3">
					<width>500</width>
					<height>100</height>
					<label>$LOCALIZE[31234]</label>
					<font>font25_title</font>
					<textoffsetx>30</textoffsetx>
					<onclick>Close(1136)</onclick>
					<onclick>ActivateWindow(1156)</onclick>
					<onclick condition="!Skin.HasSetting(BasicGuide)">Skin.ToggleSetting(FirstTimeRun2)</onclick>
					<align>center</align>
					<texturefocus border="40" colordiffuse="$VAR[SkinColorVar]">buttons/dialogbutton-fo.png</texturefocus>
					<texturenofocus border="40" colordiffuse="FF000000">buttons/dialogbutton-nofo.png</texturenofocus>
					<visible>System.HasAddon(script.stvasettings)</visible>
				</control>
			</control>
		</control>
		<control type="group">
			<centerleft>50%</centerleft>
			<top>0</top>
			<height>1000</height>
			<width>250</width>
			<control type="textbox">
				<left>30</left>
				<top>990</top>
				<width>1200</width>
				<height>100</height>
				<textcolor>grey</textcolor>
				<shadowcolor>black</shadowcolor>
				<pagecontrol>3000</pagecontrol>
				<font>font24_title</font>
				<label>$LOCALIZE[31229]</label>
			</control>
		</control>
	</controls>
</window>