<?xml version='1.0' encoding='UTF-8'?>
<addon id="skin.ctouch"  version="2.0.1" name="Cristal Touch" provider-name="STVA">
	<requires>
		<import addon="resource.language.es_es" version="0.0.0"/>		
	</requires>
	<extension debugging="false" effectslowdown="1" point="xbmc.gui.skin">
		<res aspect="16:9" default="true" folder="xml" height="1080" width="1920" />
	</extension>
	<extension point="xbmc.addon.metadata">
		<summary lang="es_ES">Skin para Cristal Azul</summary>
		<summary lang="en_GB">Skin para Cristal Azul</summary>				
		<description lang="es_ES">CTouch es un mod de skin realizado por STVA para Cristal Azul.</description>
		<description lang="en_GB">CTouch es un mod de skin realizado por STVA para Cristal Azul.</description>		
		<disclaimer lang="en_GB">Para dudas, preguntas o sugerencias [CR]Telegram: @kodi18</disclaimer>
		<disclaimer lang="es_ES">Para dudas, preguntas o sugerencias [CR]Telegram: @kodi18</disclaimer>		
		<platform>all</platform>
		<license></license>
		<website />
		<email />
		<news>Versión 2.0.1 - 26/5/22
- Corregido error en el inicio custom, cono mando o teclado no se podía acceder al menú superior si no había ningún ítem personalizado		

Versión 2.0 - 20/5/22
- Agregada función para cambiar el color principal del skin desde Ajustes, Ajustes de Skin, Apariencia
- Agregada función para hacer los iconos superiores del menú más pequeños, en Ajustes de Skin, Apariencia
- Actualizados enalces de Winner a Winner2
- Reconfigurado tamaño de los items del inicio personal
- Agregado item iptv y videoteca al pulsar sobre items inicio en Ajustes de Skin
- Reparado item Youtube del inicio Cristal
- Reconfigurado primer inicio
- Agregados algunos addons a Ajustes de Skin, addons
- Cambiado addon que fuerza el cierre, de Force Close a Complemento STVA
- Cambiado Skin helper Backup por Complemento STVA en Ajustes de Skin, Copias de Seguridad
- Añadido Canales de Addons (canales y grupos de telegram), a Ajustes de Skin
- Cambios gráficos menores</news>
		<assets>
			<icon>icon.png</icon>
			<fanart>fanart.jpg</fanart>
			<screenshot>resources/screenshot001.jpg</screenshot>
			<screenshot>resources/screenshot002.jpg</screenshot>
			<screenshot>resources/screenshot003.jpg</screenshot>
			<screenshot>resources/screenshot004.jpg</screenshot>
		</assets>
	</extension>
</addon>