<?xml version="1.0" encoding="utf-8"?>
<window>
	<defaultcontrol always="true">50</defaultcontrol>
	<menucontrol>9000</menucontrol>
	<views>50,52</views>
	<onload>ClearProperty(ShowScreenSettings,home)</onload>
	<onunload>ClearProperty(ShowScreenSettings,home)</onunload>
	<controls>
		<include>background</include>
		<include>fake-overlay</include>
		<control type="grouplist">
			<left>60</left>
			<top>100</top>
			<width>auto</width>
			<height>93</height>
			<align>left</align>
			<aligny>bottom</aligny>
			<orientation>horizontal</orientation>
			<control type="label">
				<!-- Addons heading -->
				<width max="384">auto</width>
				<height>108</height>
				<label>$LOCALIZE[24001]</label>
				<font>ctouch30</font>
				<wrapmultiline>true</wrapmultiline>
				<aligny>top</aligny>
			</control>
			<control type="label">
				<!-- Number of file -->
				<width max="120">auto</width>
				<height>75</height>
				<label>$INFO[Container]</label>
				<aligny>top</aligny>
			</control>
		</control>
		<control type="group">
			<!-- Various Views of Addons Browser -->
			<include file="View-General.xml">ListView</include>
			<include file="View-General.xml">IconView</include>
		</control>
		<include>touch-controlsl</include>
		<include>touch-controls</include>
		<include>hora</include>			
		<control type="group">
			<!-- Screen Settings Menu -->
			<left>0</left>
			<top>1080</top>
			<include>screen-settings</include>
			<include>fadebackground</include>
			<control type="image">
				<!-- Dialog background -->
				<left>657</left>
				<top>141</top>
				<width>600</width>
				<height>741</height>
				<texture border="14">button-menu-background.png</texture>
			</control>
			<control type="label">
				<!-- Dialog heading -->
				<left>675</left>
				<top>153</top>
				<width>564</width>
				<height>51</height>
				<font>ctouch23</font>
				<label>$LOCALIZE[31557]</label>
				<align>center</align>
			</control>
			<control type="button">
				<!-- Touch Close button -->
				<left>1221</left>
				<top>129</top>
				<width>64</width>
				<height>64</height>
				<texturefocus>touch-close.png</texturefocus>
				<texturenofocus>touch-close.png</texturenofocus>
				<onclick condition="!String.IsEqual(Window(home).Property(ShowScreenSettings),show)">SetProperty(ShowScreenSettings,show,home)</onclick>
				<onclick condition="String.IsEqual(Window(home).Property(ShowScreenSettings),show)">ClearProperty(ShowScreenSettings,home)</onclick>
				
			</control>
			<control type="image">
				<left>675</left>
				<top>207</top>
				<width>564</width>
				<height>6</height>
				<texture>separator.png</texture>
			</control>
			<control type="grouplist" id="9000">
				<left>675</left>
				<top>219</top>
				<width>564</width>
				<height>648</height>
				<itemgap>0</itemgap>
				<onright>50</onright>
				<onleft>50</onleft>
				<control type="button" id="2">
					<!-- View as button -->
					<width>564</width>
					<height>72</height>
					<font>ctouch22</font>
					<label>$LOCALIZE[100]</label>
					<textoffsetx>15</textoffsetx>
				</control>
				<control type="radiobutton" id="1197">
					<!-- Tilt wall view icons button -->
					<width>564</width>
					<height>72</height>
					<label>$LOCALIZE[31886]</label>
					<font>ctouch22</font>
					<onclick>Skin.ToggleSetting(tiltmiscwallicon)</onclick>
					<selected>Skin.HasSetting(tiltmiscwallicon)</selected>
					<textoffsetx>15</textoffsetx>
					<radioposx>510</radioposx>
					<visible>String.EndsWith(Control.GetLabel(2),$LOCALIZE[31944])</visible>
				</control>
				<control type="button" id="3">
					<!-- Sort by button -->
					<width>564</width>
					<height>72</height>
					<font>ctouch22</font>
					<label>$LOCALIZE[103]</label>
					<textoffsetx>15</textoffsetx>
				</control>
				<control type="togglebutton" id="4">
					<!-- Sort direction button -->
					<width>564</width>
					<height>72</height>
					<label>$LOCALIZE[21429]: $LOCALIZE[21430]</label>
					<altlabel>$LOCALIZE[21429]: $LOCALIZE[21431]</altlabel>
					<font>ctouch22</font>
					<textoffsetx>15</textoffsetx>
				</control>
				<control type="button" id="5">
					<!-- Addon settings button -->
					<width>564</width>
					<height>72</height>
					<font>ctouch22</font>
					<textoffsetx>15</textoffsetx>
					<label>$LOCALIZE[10004]</label>
				</control>
				<control type="radiobutton" id="7">
					<!-- Hide foreign button -->
					<width>564</width>
					<height>72</height>
					<font>ctouch22</font>
					<textoffsetx>15</textoffsetx>
					<label>$LOCALIZE[25001]</label>
					<radioposx>510</radioposx>
				</control>
				<control type="radiobutton" id="8">
					<!-- Hide broken button -->
					<width>564</width>
					<height>72</height>
					<font>ctouch22</font>
					<textoffsetx>15</textoffsetx>
					<label>$LOCALIZE[24999]</label>
					<radioposx>510</radioposx>
				</control>
				<control type="button" id="9">
					<!-- Check for updates -->
					<width>564</width>
					<height>72</height>
					<font>ctouch22</font>
					<textoffsetx>15</textoffsetx>
					<label>$LOCALIZE[24034]</label>
				</control>
			</control>
		</control>
		<!-- Show a iOS style page indicator to show which focus group has the current focus -->
		<!-- Focus group can be hidden or shown but is potentially focusable, that is it has not be disabled -->
		<control type="group">
			<visible>Control.IsVisible(50) | Control.IsVisible(52) | Control.IsVisible(58)</visible>
			<include content="page-indicator">
				<param name="indicatorleft" value="864" />
				<param name="indicatortop" value="0" />
				<param name="indicatorwidth" value="192" />
				<param name="indicatorheight" value="48" />
				<param name="indicatororientation" value="horizontal" />
				<param name="grp1indicate" value="[ControlGroup(9000).HasFocus()|String.IsEqual(Window(home).Property(ShowScreenSettings),show)]" />
				<param name="grp1visible" value="[!Skin.HasSetting(lock-screensettings)]" />
				<param name="grp2indicate" value="[Control.HasFocus(50)|Control.HasFocus(52)|Control.HasFocus(58)]" />
				<param name="grp2visible" value="[Control.IsVisible(50)|Control.IsVisible(52)|Control.IsVisible(58)]+[!Skin.HasSetting(lock-screensettings)|!String.IsEqual(Skin.String(show-scrollbar),$LOCALIZE[31877])]" />
				<param name="grp3indicate" value="[Control.HasFocus(1250)|Control.HasFocus(1252)|Control.HasFocus(1253)|Control.HasFocus(1258)]" />
				<param name="grp3visible" value="[!String.IsEqual(Skin.String(show-scrollbar),$LOCALIZE[31877])]" />
			</include>
		</control>
		<control type="group">
			<visible>Control.IsVisible(54) | Control.IsVisible(57)</visible>
			<include content="page-indicator">
				<param name="indicatorleft" value="0" />
				<param name="indicatortop" value="225" />
				<param name="indicatorwidth" value="48" />
				<param name="indicatorheight" value="192" />
				<param name="indicatororientation" value="vertical" />
				<param name="grp1indicate" value="[ControlGroup(9000).HasFocus()|String.IsEqual(Window(home).Property(ShowScreenSettings),show)]" />
				<param name="grp1visible" value="[!Skin.HasSetting(lock-screensettings)]" />
				<param name="grp2indicate" value="[Control.HasFocus(54)|Control.HasFocus(57)]" />
				<param name="grp2visible" value="[Control.IsVisible(54)|Control.IsVisible(57)]+[!Skin.HasSetting(lock-screensettings)|!String.IsEqual(Skin.String(show-scrollbar),$LOCALIZE[31877])]" />
				<param name="grp3indicate" value="[Control.HasFocus(1254)|Control.HasFocus(1257)]" />
				<param name="grp3visible" value="[!String.IsEqual(Skin.String(show-scrollbar),$LOCALIZE[31877])]" />
			</include>
		</control>
	</controls>
</window>