<?xml version='1.0' encoding='UTF-8'?>
<shortcuts>
	<shortcut>
		<defaultID>todos</defaultID>
		<label>Todo el deporte</label>
		<label2>Add-on de Vídeo</label2>
		<icon>DefaultShortcut.png</icon>
		<thumb></thumb>
		<action>ActivateWindow(Videos,"plugin://plugin.video.winner",return)</action>
	</shortcut>
	<shortcut>
		<defaultID>Canales</defaultID>
		<label>Canales Deportivos</label>
		<label2>Add-on de Vídeo</label2>
		<icon>DefaultShortcut.png</icon>
		<thumb></thumb>
		<action></action>
	</shortcut>
</shortcuts>
