<?xml version="1.0" encoding="UTF-8"?>
<window>
	<defaultcontrol always="true">100</defaultcontrol>
	<menucontrol>6666</menucontrol>
	<backgroundcolor>background</backgroundcolor>
	<include>PropertyIncludes</include>
	<controls>
		<include>Background</include>
		<control type="group" id="50">
			<include>Window_OpenClose</include>
			<!-- hint and borders -->
			<control type="image">
				<top>112</top>
				<left>450</left>
				<right>0</right>
				<height>1</height>
				<texture colordiffuse="grid_border">common/white.jpg</texture>
				<aspectratio>stretch</aspectratio>
			</control>
			<control type="image">
				<bottom>112</bottom>
				<left>450</left>
				<right>0</right>
				<height>1</height>
				<texture colordiffuse="grid_border">common/white.jpg</texture>
				<aspectratio>stretch</aspectratio>
			</control>
			<control type="textbox" id="6">
				<bottom>6</bottom>
				<left>510</left>
				<right>30</right>
				<height>100</height>
				<aligny>center</aligny>
				<font>Reg22</font>
				<label>$VAR[SettingHelpText]</label>
			</control>
			<include content="ContentPanel">
				<param name="top" value="0"/>
				<param name="bottom" value="0"/>
				<param name="width" value="450"/>
			</include>
			<!-- left -->
			<control type="group">
				<width>450</width>
				<control type="group">
					<left>0</left>
					<top>90</top>
					<bottom>113</bottom>
					<control type="group">
						<control type="grouplist" id="100">
							<left>0</left>
							<top>10</top>
							<bottom>120</bottom>
							<usecontrolcoords>true</usecontrolcoords>
							<onleft>noop</onleft>
							<onup>6666</onup>
							<ondown>noop</ondown>
							<include content="SideBarHeadline">
								<param name="nr" value="1"/>
								<param name="label" value="$LOCALIZE[31249]"/>
							</include>
							<control type="button" id="101">
								<include>SettingsButtonSidePanel</include>
								<label>$LOCALIZE[128]</label>
								<onright>1000</onright>
							</control>
							<control type="button" id="105">
								<include>SettingsButtonSidePanel</include>
								<label>$LOCALIZE[31331]</label>
								<onright>1400</onright>
							</control>
							<control type="button" id="102">
								<include>SettingsButtonSidePanel</include>
								<label>$LOCALIZE[31125]</label>
								<onright>1100</onright>
							</control>
							<include content="SideBarHeadline">
								<param name="nr" value="2"/>
								<param name="spacer" value="true"/>
								<param name="label" value="$LOCALIZE[128]"/>
							</include>
							<control type="button" id="103">
								<include>SettingsButtonSidePanel</include>
								<label>$LOCALIZE[480]</label>
								<onright>1200</onright>
							</control>
							<control type="button" id="104">
								<include>SettingsButtonSidePanel</include>
								<label>$LOCALIZE[31330]</label>
								<onright>1300</onright>
							</control>
							<control type="button" id="106">
								<include>SettingsButtonSidePanel</include>
								<label>$LOCALIZE[31224]</label>
								<onright>1500</onright>
							</control>
							<include content="SideBarHeadline">
								<param name="nr" value="3"/>
								<param name="spacer" value="true"/>
								<param name="label" value="$LOCALIZE[29921]"/>
							</include>
							<control type="button" id="107">
								<include>SettingsButtonSidePanel</include>
								<label>$LOCALIZE[31276]</label>
								<onright>1600</onright>
							</control>
							<control type="button" id="110">
								<include>SettingsButtonSidePanel</include>
								<label>$LOCALIZE[31485]</label>
								<onright>1700</onright>
							</control>
							<control type="button" id="109">
								<include>SettingsButtonSidePanel</include>
								<label>$LOCALIZE[31475]</label>
								<onright>1800</onright>
							</control>
						</control>
					</control>
				</control>
			</control>
			<!-- right  -->
			<control type="group">
				<left>510</left>
				<right>50</right>
				<top>113</top>
				<bottom>113</bottom>
				<!-- menus widgets -->
				<control type="grouplist" id="1000">
					<visible>ControlGroup(100).HasFocus(101)</visible>
					<include>SettingsGrouplist</include>
					<include content="SkinSettingsMenuWidgets">
						<param name="id" value="10"/>
					</include>
					<control type="label">
						<height>50</height>
					</control>
				</control>
				<!-- Widgets -->
				<control type="grouplist" id="1100">
					<visible>ControlGroup(100).HasFocus(102)</visible>
					<include>SettingsGrouplist</include>
					<include content="SkinSettingsCustomWidgets">
						<param name="id" value="11"/>
					</include>
					<control type="label">
						<height>50</height>
					</control>
				</control>
				<!-- appearance -->
				<control type="grouplist" id="1200">
					<visible>ControlGroup(100).HasFocus(103)</visible>
					<include>SettingsGrouplist</include>
					<include content="SkinSettingsAppearance">
						<param name="id" value="12"/>
					</include>
					<control type="label">
						<height>50</height>
					</control>
				</control>
				<!-- playback / media -->
				<control type="grouplist" id="1300">
					<visible>ControlGroup(100).HasFocus(104)</visible>
					<include>SettingsGrouplist</include>
					<include content="SkinSettingsPlaybackMedia">
						<param name="id" value="13"/>
					</include>
					<control type="label">
						<height>50</height>
					</control>
				</control>
				<!-- side panel -->
				<control type="grouplist" id="1400">
					<visible>ControlGroup(100).HasFocus(105)</visible>
					<include>SettingsGrouplist</include>
					<include content="SkinSettingsSidePanel">
						<param name="id" value="14"/>
					</include>
					<control type="label">
						<height>50</height>
					</control>
				</control>
				<!-- Power menu -->
				<control type="grouplist" id="1500">
					<visible>ControlGroup(100).HasFocus(106)</visible>
					<include>SettingsGrouplist</include>
					<include content="SkinSettingsPowerMenu">
						<param name="id" value="15"/>
					</include>
				</control>
				<!-- addons -->
				<control type="grouplist" id="1600">
					<visible>ControlGroup(100).HasFocus(107)</visible>
					<include>SettingsGrouplist</include>
					<include content="SkinSettingsDependencies">
						<param name="id" value="16"/>
					</include>
					<control type="label">
						<height>50</height>
					</control>
				</control>
				<control type="grouplist" id="1700">
					<visible>ControlGroup(100).HasFocus(110)</visible>
					<include>SettingsGrouplist</include>
					<include content="SkinSettingsBackups">
						<param name="id" value="17"/>
					</include>
					<control type="label">
						<height>50</height>
					</control>
				</control>
				<control type="grouplist" id="1800">
					<visible>ControlGroup(100).HasFocus(109)</visible>
					<include>SettingsGrouplist</include>
					<include content="SkinSettingsHelp">
						<param name="id" value="19"/>
					</include>
					<control type="label">
						<height>50</height>
					</control>
				</control>
				<!-- donate -->
			</control>
		</control>
		<!-- scrollbar -->
		<include content="Scrollbar">
			<param name="id" value="60"/>
			<param name="visible" value="true"/>
			<param name="top" value="112"/>
			<param name="bottom" value="112"/>
			<param name="width" value="10"/>
		</include>
		<!-- header bar -->
		<include content="HeaderBar">
			<param name="id">50</param>
			<param name="auto_hide">false</param>
		</include>
		<!-- side panel -->
	</controls>
</window>
