<?xml version="1.0" encoding="utf-8"?>
<window id="1150">
	<defaultcontrol always="true">2</defaultcontrol>
	<include>Animation_DialogPopupOpenClose</include>
	<backgroundcolor>background</backgroundcolor>
	<controls>
		<control type="image">
			<centerleft>50%</centerleft>
			<top>-170</top>
			<width>50%</width>
			<height>50%</height>
			<texture background="true">special://skin/extras/backgrounds/splash.png</texture>
		</control>	
		<control type="group">
			<centerleft>50%</centerleft>
			<top>100</top>
			<height>1000</height>
			<width>1200</width>
			<control type="textbox">
				<left>30</left>
				<top>220</top>
				<width>1200</width>
				<height>500</height>
				<shadowcolor>black</shadowcolor>
				<pagecontrol>3000</pagecontrol>
				<font>font13</font>
				<label>$LOCALIZE[31206]</label>
			</control>
			<control type="grouplist" id="9000">
				<orientation>horizontal</orientation>
				<left>0</left>
				<top>700</top>
				<width>1200</width>
				<align>center</align>
				<control type="button" id="2">
					<width>500</width>
					<height>100</height>
					<label>$LOCALIZE[31221]</label>
					<font>font25_title</font>
					<textoffsetx>30</textoffsetx>
					<onclick>Dialog.Close(1150)</onclick>
					<onclick>ActivateWindow(Videos,Files,return)</onclick>
					<align>center</align>
					<texturefocus border="40" colordiffuse="$VAR[SkinColorVar]">buttons/dialogbutton-fo.png</texturefocus>
					<texturenofocus border="40">buttons/dialogbutton-nofo.png</texturenofocus>
				</control>
				<control type="button" id="3">
					<width>500</width>
					<height>100</height>
					<label>$LOCALIZE[31201]</label>
					<font>font25_title</font>
					<textoffsetx>30</textoffsetx>
					<onclick>Skin.ToggleSetting(SetContent)</onclick>
					<onclick>ActivateWindow(1151)</onclick>
					<onclick>Dialog.Close(1150)</onclick>
					<align>center</align>
					<texturefocus border="40" colordiffuse="$VAR[SkinColorVar]">buttons/dialogbutton-fo.png</texturefocus>
					<texturenofocus border="40">buttons/dialogbutton-nofo.png</texturenofocus>
				</control>
			</control>
			<control type="grouplist" id="9001">
				<orientation>vertical</orientation>
				<top>700</top>
				<width>100%</width>
				<align>center</align>
				<control type="button">
					<font>font24_title</font>
					<textcolor>grey</textcolor>
					<label>Después de establecer el contenido, ya hemos terminado con la configuración inicial!</label>
					<include>DefaultSettingButton</include>
				</control>
			</control>			
		</control>
	</controls>
</window>