<?xml version="1.0" encoding="UTF-8" standalone="yes"?>
<addon id="script.stva.matrix.v" name="Instalador Pack Ajustes [COLOR orange]STVA[/COLOR]CON Videoteca" version="1.0.4" provider-name="www.stva.ga">
    <requires>
    </requires>
    <extension point="xbmc.python.script" library="main.py">
        <provides>executable</provides>
    </extension>
	<extension point="xbmc.service" library="main.py">
	</extension>
    <extension point="xbmc.addon.metadata">
        <summary lang="en_GB">Instalador del Pack Ajustes con videoteca configurada, para los Skins de STVA.</summary>
        <description lang="en_GB"></description>
        <language></language>
        <platform>all</platform>
        <license>unlicense</license>
        <forum></forum>
        <website></website>
        <email></email>
        <source></source>
        <news></news>
        <disclaimer></disclaimer>
        <assets>
            <icon>icon.png</icon>
            <fanart>fanart.jpg</fanart>
        </assets>
		<news>[B]Version 1.0.4[/B] - /4/22
- Desactivado autoplay en todos los canales y activado el general
- Cambiados algunos ajustes de canales de Alfa
- Agregados Ajustes de otras opciones de búsqueda</news>
   </extension>
</addon>
