<?xml version="1.0" encoding="UTF-8" standalone="yes"?>
<addon id="script.module.autocompletion" name="AutoCompletion library" version="2.0.3.1" provider-name="Philipp Temminghoff (phil65),sualfred">
    <requires>
        <import addon="xbmc.python" version="3.0.0" />
        <import addon="script.module.requests" version="2.9.1"/>
    </requires>
    <extension point="xbmc.python.module" library="lib" />
    <extension point="xbmc.addon.metadata">
        <summary lang="en_GB">Module providing some AutoCompletion functions</summary>
        <description lang="en_GB">Module providing some AutoCompletion functions</description>
        <platform>all</platform>
        <license>GPL-2.0-or-later</license>
        <source>https://github.com/sualfred/script.module.autocompletion</source>
        <assets>
            <icon>resources/icon.png</icon>
        </assets>
    </extension>
</addon>