<?xml version="1.0" encoding="utf-8"?>
<window type="dialog" id="1143">
	<defaultcontrol always="true">11000</defaultcontrol>
	<include>Animation_DialogPopupOpenClose</include>
	<controls>
		<control type="group">
			<centerleft>50%</centerleft>
			<!--<height>500</height>-->
			<height>290</height>
			<centertop>50%</centertop>
			<width>700</width>
			<animation effect="fade" time="200">VisibleChange</animation>
			<include content="DialogBackgroundCommons">
				<param name="width" value="700" />
				<param name="height" value="80" />
				<param name="header_label" value="40292" />
				<param name="header_id" value="1" />
			</include>
			<control type="group" id="11000">
				<left>0</left>
				<top>80</top>
				<control type="grouplist" id="11100">
					<width>700</width>
					<height>420</height>
					<itemgap>0</itemgap>
					<onup>11100</onup>
					<ondown>11100</ondown>
					<orientation>vertical</orientation>
					<control type="radiobutton" id="11101">
						<width>700</width>
						<include>DialogSettingButton</include>
						<label>$LOCALIZE[40293]</label>
						<onclick>Skin.ToggleSetting(VideoInfo_MovieCastList)</onclick>
                    	<selected>!Skin.HasSetting(VideoInfo_MovieCastList)</selected>
					</control>
					<control type="radiobutton" id="11102">
						<width>700</width>
						<include>DialogSettingButton</include>
						<label>$LOCALIZE[40290]</label>
						<onclick>Skin.ToggleSetting(VideoInfo_MoviesFromMovieSet)</onclick>
                    	<selected>!Skin.HasSetting(VideoInfo_MoviesFromMovieSet)</selected>
					</control>
					<control type="radiobutton" id="11103">
						<width>700</width>
						<include>DialogSettingButton</include>
						<label>$LOCALIZE[40295]</label>
						<onclick>Skin.ToggleSetting(VideoInfo_DirectorMovies)</onclick>
                    	<selected>!Skin.HasSetting(VideoInfo_DirectorMovies)</selected>
					</control>
					<control type="radiobutton" id="11104">
						<width>700</width>
						<include>DialogSettingButton</include>
						<label>$LOCALIZE[40296]</label>
						<onclick>Skin.ToggleSetting(VideoInfo_SimilarMovies)</onclick>
                    	<selected>!Skin.HasSetting(VideoInfo_SimilarMovies)</selected>
					</control>
					<control type="radiobutton" id="11105">
						<width>700</width>
						<include>DialogSettingButton</include>
						<label>$LOCALIZE[40297]</label>
						<onclick>Skin.ToggleSetting(VideoInfo_widget-studios)</onclick>
                    	<selected>!Skin.HasSetting(VideoInfo_widget-studios)</selected>
					</control>
					<control type="radiobutton" id="11106">
						<width>700</width>
						<include>DialogSettingButton</include>
						<label>$LOCALIZE[40300]</label>
						<onclick>Skin.ToggleSetting(VideoInfo_MoviesExtrafanarts)</onclick>
                    	<selected>!Skin.HasSetting(VideoInfo_MoviesExtrafanarts)</selected>
					</control>
				</control>
			</control>
		</control>	
	</controls>
</window>
