<?xml version="1.0" encoding="utf-8"?>
<window id="1152">
	<defaultcontrol>9000</defaultcontrol>
	<controls>
		<include>background</include>
		<control type="label">
			<!-- Settings label line 1 -->
			<left>190</left>
			<top>75</top>
			<width>464</width>
			<height>75</height>
			<label>Personalizar Inicio</label>
			<font>stouch25</font>
		</control>
		<control type="radiobutton" id="405"><!-- Home menu type -->
			<left>550</left>
			<top>75</top>
			<width>240</width>
			<height>75</height>
			<texturefocus border="9">button-default-focus.png</texturefocus>
			<texturenofocus border="9" colordiffuse="midgrey">button-default.png</texturenofocus>
			<font>stouch18</font>
			<align>left</align>
			<include>settings-submenu-common</include>
			<label>Inicio Táctil</label>
			<onclick>Skin.SetBool(homemenu-icon)</onclick>
			<onclick>Skin.Reset(homemenu-horizontal)</onclick>		
			<onclick>Skin.Reset(widgets)</onclick>
			<onclick>Skin.ReloadSkin()</onclick>
			<selected>Skin.HasSetting(homemenu-icon)</selected>			
			<radioposx>190</radioposx>			
			<ondown condition="Skin.HasSetting(homemenu-horizontal) + !Skin.HasSetting(widgets)">9022</ondown>
			<ondown condition="Skin.HasSetting(homemenu-icon)">9021</ondown>
			<ondown condition="Skin.HasSetting(widgets)">9026</ondown>
			<onleft>403</onleft>
			<onright>406</onright>
			<animation effect="fade" start="100" end="60" condition="!Control.HasFocus(402)">Conditional</animation>
		</control>	
		<control type="radiobutton" id="406"><!-- Home menu type -->
			<left>810</left>
			<top>75</top>
			<width>350</width>
			<height>75</height>
			<texturefocus border="9">button-default-focus.png</texturefocus>
			<texturenofocus border="9" colordiffuse="midgrey">button-default.png</texturenofocus>
			<font>stouch18</font>
			<align>left</align>
			<include>settings-submenu-common</include>
			<label>Categorías - Inicio TV</label>
			<onclick>Skin.SetBool(homemenu-horizontal)</onclick>
			<onclick>Skin.Reset(homemenu-icon)</onclick>
			<onclick>Skin.Reset(widgets)</onclick>
			<onclick>Skin.ReloadSkin()</onclick>
			<selected>Skin.HasSetting(homemenu-horizontal) + !Skin.HasSetting(widgets)</selected>
			<radioposx>310</radioposx>			
			<ondown condition="Skin.HasSetting(homemenu-horizontal) + !Skin.HasSetting(widgets)">9022</ondown>
			<ondown condition="Skin.HasSetting(homemenu-icon)">9021</ondown>
			<ondown condition="Skin.HasSetting(widgets)">9026</ondown>
			<onleft>405</onleft>
			<onright>407</onright>
			<animation effect="fade" start="100" end="60" condition="!Control.HasFocus(402)">Conditional</animation>
		</control>
		<control type="radiobutton" id="407"><!-- Home menu type -->
			<left>1180</left>
			<top>75</top>
			<width>320</width>
			<height>75</height>
			<texturefocus border="9">button-default-focus.png</texturefocus>
			<texturenofocus border="9" colordiffuse="midgrey">button-default.png</texturenofocus>
			<font>stouch18</font>
			<align>left</align>
			<include>settings-submenu-common</include>
			<label>Widgets - Inicio TV</label>
			<onclick>Skin.SetBool(widgets)</onclick>
			<onclick>Skin.ReloadSkin()</onclick>
			<selected>Skin.HasSetting(widgets)</selected>
			<radioposx>270</radioposx>			
			<ondown condition="Skin.HasSetting(homemenu-horizontal) + !Skin.HasSetting(widgets)">9022</ondown>
			<ondown condition="Skin.HasSetting(homemenu-icon)">9021</ondown>
			<ondown condition="Skin.HasSetting(widgets)">9026</ondown>			
			<onright>403</onright>
			<onleft>406</onleft>
			<animation effect="fade" start="100" end="60" condition="!Control.HasFocus(402)">Conditional</animation>
		</control>								
		<control type="button" id="403">
			<left>1520</left>
			<top>75</top>
			<width>205</width>
			<height>75</height>
			<texturefocus border="9">button-default-focus.png</texturefocus>
			<texturenofocus border="9" colordiffuse="midgrey">button-default.png</texturenofocus>
			<textwidth>205</textwidth>
			<align>center</align>
			<label>Volver</label>
			<font>stouch20</font>
			<onclick>Back</onclick>
			<ondown condition="Skin.HasSetting(homemenu-horizontal) + !Skin.HasSetting(widgets)">9022</ondown>
			<ondown condition="Skin.HasSetting(homemenu-icon)">9021</ondown>
			<ondown condition="Skin.HasSetting(widgets)">9023</ondown>
			<onleft>407</onleft>
			<onright>405</onright>
			<animation effect="fade" start="100" end="60" condition="!Control.HasFocus(403)">Conditional</animation>
		</control>
		<control type="image">
			<left>110</left>
			<top>170</top>
			<width>1700</width>
			<height>14</height>
			<texture>divider.png</texture>
		</control>				
		<!-- Show apropriate home menu -->
		<control type="group" id="9000">
			<onup>405</onup>
			<control type="group" id="9020">
				<!-- Icon Home Menu -->
				<!-- Markers for off screen menu items -->
				<include content="page-offscreen-vertical">
					<param name="indicator1left" value="936"/>
					<param name="indicator1top" value="210"/>
					<param name="indicator2left" value="936"/>
					<param name="indicator2top" value="975"/>
					<param name="indicatorsize" value="48"/>
					<param name="indicatorcontainer" value="9021"/>
				</include>
				<control type="panel" id="9021">
					<!-- Home menu icon panel -->
					<animation condition="true" effect="zoom" start="100" end="80" center="auto">Conditional</animation>
					<width>1890</width>
					<height>970</height>
					<top>150</top>
					<left>15</left>
					<onleft>noop</onleft>
					<onright>noop</onright>
					<onup>405</onup>
					<ondown>noop</ondown>
					<visible>Skin.HasSetting(homemenu-icon)</visible>
					<itemlayout height="240" width="378">
						<control type="image">
							<!-- Icon image -->
							<left>39</left>
							<top>15</top>
							<width>300</width>
							<height>180</height>
							<aspectratio>stretch</aspectratio>
							<texture fallback="special://skin/extras/icons/fallback.png">$INFO[ListItem.Art(thumb)]</texture>
							<bordersize>3</bordersize>
							<visible>ListItem.Property(isActive) + !Control.HasFocus(402) + !Control.HasFocus(403)</visible>
						</control>
						<control type="image">
							<!-- Icon image -->
							<left>39</left>
							<top>15</top>
							<width>300</width>
							<height>180</height>
							<aspectratio>stretch</aspectratio>
							<texture fallback="special://skin/extras/icons/fallback.png">$INFO[ListItem.Art(thumb)]</texture>
							<bordersize>3</bordersize>
							<animation effect="fade" start="100" end="35" condition="!ListItem.Property(isActive) | Control.HasFocus(402) | Control.HasFocus(403)">Conditional</animation>
							<visible>!ListItem.Property(isActive) | Control.HasFocus(402) | Control.HasFocus(403)</visible>
						</control>						
					</itemlayout>
					<focusedlayout height="240" width="378">
						<control type="group">
							<visible>ListItem.Property(isActive) + !Control.HasFocus(402) + !Control.HasFocus(403)</visible>
							<control type="image">
								<!-- Focused non settings icon image -->
								<top>15</top>
								<left>39</left>
								<width>300</width>
								<height>180</height>
								<aspectratio>stretch</aspectratio>
								<bordertexture border="3">homeiconliteorange.png</bordertexture>								
								<texture fallback="special://skin/extras/icons/fallback.png">$INFO[ListItem.Art(thumb)]</texture>
								<bordersize>3</bordersize>
							</control>
							<control type="image">
								<left>42</left>
								<top>145</top>
								<width>293</width>
								<height>40</height>
								<aspectratio>stretch</aspectratio>
								<texture>background-iconshelfbackdrop.png</texture>
							</control>								
							<control type="label">
								<left>39</left>
								<top>150</top>
								<width>300</width>
								<height>34</height>
								<align>center</align>
								<label>$INFO[ListItem.Label]</label>
								<font>stouch18u</font>
							</control>															
						</control>
						<control type="group">
							<visible>!ListItem.Property(isActive) | Control.HasFocus(402) | Control.HasFocus(403)</visible>
							<control type="image">
								<!-- Focused non settings icon image -->
								<left>10</left>
								<top>0</top>
								<width>357</width>
								<height>213</height>
								<aspectratio>stretch</aspectratio>
								<bordertexture border="3">homeiconliteorange.png</bordertexture>
								<texture fallback="special://skin/extras/icons/fallback.png">$INFO[ListItem.Art(thumb)]</texture>
								<animation effect="fade" start="100" end="35" condition="!ListItem.Property(isActive) | Control.HasFocus(402) | Control.HasFocus(403)">Conditional</animation>
							</control>
							<control type="label">
								<left>0</left>
								<top>212</top>
								<width>375</width>
								<height>33</height>
								<align>center</align>
								<label fallback="Agregar Favorito">$INFO[ListItem.Label]</label>
								<font>stouch22</font>
								<animation effect="fade" start="100" end="35" condition="!ListItem.Property(isActive) | Control.HasFocus(402)">Conditional</animation>
							</control>
						</control>
					</focusedlayout>
					<content>
						<include content="listpanelitems">
							<param name="itemcustombase" value="CustomMovies.1" />
							<param name="itemthumb" value="$INFO[Skin.String(CustomMovies.1.Icon)]" />
							<param name="itemlabel" value="$INFO[Skin.String(CustomMovies.1.Label)]" />
							<param name="itemcondition" value="!String.IsEmpty(Skin.String(CustomMovies.1.Path))" />
							<param name="itemmenuid" value="9021" />
						</include>
						<include content="listpanelitems">
							<param name="itemcustombase" value="CustomMovies.2" />
							<param name="itemthumb" value="$INFO[Skin.String(CustomMovies.2.Icon)]" />
							<param name="itemlabel" value="$INFO[Skin.String(CustomMovies.2.Label)]" />
							<param name="itemcondition" value="!String.IsEmpty(Skin.String(CustomMovies.2.Path))" />
							<param name="itemmenuid" value="9021" />
						</include>
						<include content="listpanelitems">
							<param name="itemcustombase" value="CustomMovies.3" />
							<param name="itemthumb" value="$INFO[Skin.String(CustomMovies.3.Icon)]" />
							<param name="itemlabel" value="$INFO[Skin.String(CustomMovies.3.Label)]" />
							<param name="itemcondition" value="!String.IsEmpty(Skin.String(CustomMovies.3.Path))" />
							<param name="itemmenuid" value="9021" />
						</include>
						<include content="listpanelitems">
							<param name="itemcustombase" value="CustomMovies.4" />
							<param name="itemthumb" value="$INFO[Skin.String(CustomMovies.4.Icon)]" />
							<param name="itemlabel" value="$INFO[Skin.String(CustomMovies.4.Label)]" />
							<param name="itemcondition" value="!String.IsEmpty(Skin.String(CustomMovies.4.Path))" />
							<param name="itemmenuid" value="9021" />
						</include>
						<include content="listpanelitems">
							<param name="itemcustombase" value="CustomMovies.5" />
							<param name="itemthumb" value="$INFO[Skin.String(CustomMovies.5.Icon)]" />
							<param name="itemlabel" value="$INFO[Skin.String(CustomMovies.5.Label)]" />
							<param name="itemcondition" value="!String.IsEmpty(Skin.String(CustomMovies.5.Path))" />
							<param name="itemmenuid" value="9021" />
						</include>
						<include content="listpanelitems">
							<param name="itemcustombase" value="CustomTVShow.1" />
							<param name="itemthumb" value="$INFO[Skin.String(CustomTVShow.1.Icon)]" />
							<param name="itemlabel" value="$INFO[Skin.String(CustomTVShow.1.Label)]" />
							<param name="itemcondition" value="!String.IsEmpty(Skin.String(CustomTVShow.1.Path))" />
							<param name="itemmenuid" value="9021" />
						</include>
						<include content="listpanelitems">
							<param name="itemcustombase" value="CustomTVShow.2" />
							<param name="itemthumb" value="$INFO[Skin.String(CustomTVShow.2.Icon)]" />
							<param name="itemlabel" value="$INFO[Skin.String(CustomTVShow.2.Label)]" />
							<param name="itemcondition" value="!String.IsEmpty(Skin.String(CustomTVShow.2.Path))" />
							<param name="itemmenuid" value="9021" />
						</include>
						<include content="listpanelitems">
							<param name="itemcustombase" value="CustomTVShow.3" />
							<param name="itemthumb" value="$INFO[Skin.String(CustomTVShow.3.Icon)]" />
							<param name="itemlabel" value="$INFO[Skin.String(CustomTVShow.3.Label)]" />
							<param name="itemcondition" value="!String.IsEmpty(Skin.String(CustomTVShow.3.Path))" />
							<param name="itemmenuid" value="9021" />
						</include>
						<include content="listpanelitems">
							<param name="itemcustombase" value="CustomTVShow.4" />
							<param name="itemthumb" value="$INFO[Skin.String(CustomTVShow.4.Icon)]" />
							<param name="itemlabel" value="$INFO[Skin.String(CustomTVShow.4.Label)]" />
							<param name="itemcondition" value="!String.IsEmpty(Skin.String(CustomTVShow.4.Path))" />
							<param name="itemmenuid" value="9021" />
						</include>
						<include content="listpanelitems">
							<param name="itemcustombase" value="CustomTVShow.5" />
							<param name="itemthumb" value="$INFO[Skin.String(CustomTVShow.5.Icon)]" />
							<param name="itemlabel" value="$INFO[Skin.String(CustomTVShow.5.Label)]" />
							<param name="itemcondition" value="!String.IsEmpty(Skin.String(CustomTVShow.5.Path))" />
							<param name="itemmenuid" value="9021" />
						</include>
						<include content="listpanelitems">
							<param name="itemcustombase" value="CustomTV.1" />
							<param name="itemthumb" value="$INFO[Skin.String(CustomTV.1.Icon)]" />
							<param name="itemlabel" value="$INFO[Skin.String(CustomTV.1.Label)]" />
							<param name="itemcondition" value="!String.IsEmpty(Skin.String(CustomTV.1.Path))" />
							<param name="itemmenuid" value="9021" />
						</include>
						<include content="listpanelitems">
							<param name="itemcustombase" value="CustomTV.2" />
							<param name="itemthumb" value="$INFO[Skin.String(CustomTV.2.Icon)]" />
							<param name="itemlabel" value="$INFO[Skin.String(CustomTV.2.Label)]" />
							<param name="itemcondition" value="!String.IsEmpty(Skin.String(CustomTV.2.Path))" />
							<param name="itemmenuid" value="9021" />
						</include>
						<include content="listpanelitems">
							<param name="itemcustombase" value="CustomTV.3" />
							<param name="itemthumb" value="$INFO[Skin.String(CustomTV.3.Icon)]" />
							<param name="itemlabel" value="$INFO[Skin.String(CustomTV.3.Label)]" />
							<param name="itemcondition" value="!String.IsEmpty(Skin.String(CustomTV.3.Path))" />
							<param name="itemmenuid" value="9021" />
						</include>
						<include content="listpanelitems">
							<param name="itemcustombase" value="CustomTV.4" />
							<param name="itemthumb" value="$INFO[Skin.String(CustomTV.4.Icon)]" />
							<param name="itemlabel" value="$INFO[Skin.String(CustomTV.4.Label)]" />
							<param name="itemcondition" value="!String.IsEmpty(Skin.String(CustomTV.4.Path))" />
							<param name="itemmenuid" value="9021" />
						</include>
						<include content="listpanelitems">
							<param name="itemcustombase" value="CustomTV.5" />
							<param name="itemthumb" value="$INFO[Skin.String(CustomTV.5.Icon)]" />
							<param name="itemlabel" value="$INFO[Skin.String(CustomTV.5.Label)]" />
							<param name="itemcondition" value="!String.IsEmpty(Skin.String(CustomTV.5.Path))" />
							<param name="itemmenuid" value="9021" />
						</include>
						<include content="listpanelitems">
							<param name="itemcustombase" value="CustomRadio.1" />
							<param name="itemthumb" value="$INFO[Skin.String(CustomRadio.1.Icon)]" />
							<param name="itemlabel" value="$INFO[Skin.String(CustomRadio.1.Label)]" />
							<param name="itemcondition" value="!String.IsEmpty(Skin.String(CustomRadio.1.Path))" />
							<param name="itemmenuid" value="9021" />
						</include>
						<include content="listpanelitems">
							<param name="itemcustombase" value="CustomRadio.2" />
							<param name="itemthumb" value="$INFO[Skin.String(CustomRadio.2.Icon)]" />
							<param name="itemlabel" value="$INFO[Skin.String(CustomRadio.2.Label)]" />
							<param name="itemcondition" value="!String.IsEmpty(Skin.String(CustomRadio.2.Path))" />
							<param name="itemmenuid" value="9021" />
						</include>
						<include content="listpanelitems">
							<param name="itemcustombase" value="CustomRadio.3" />
							<param name="itemthumb" value="$INFO[Skin.String(CustomRadio.3.Icon)]" />
							<param name="itemlabel" value="$INFO[Skin.String(CustomRadio.3.Label)]" />
							<param name="itemcondition" value="!String.IsEmpty(Skin.String(CustomRadio.3.Path))" />
							<param name="itemmenuid" value="9021" />
						</include>
						<include content="listpanelitems">
							<param name="itemcustombase" value="CustomRadio.4" />
							<param name="itemthumb" value="$INFO[Skin.String(CustomRadio.4.Icon)]" />
							<param name="itemlabel" value="$INFO[Skin.String(CustomRadio.4.Label)]" />
							<param name="itemcondition" value="!String.IsEmpty(Skin.String(CustomRadio.4.Path))" />
							<param name="itemmenuid" value="9021" />
						</include>
						<include content="listpanelitems">
							<param name="itemcustombase" value="CustomRadio.5" />
							<param name="itemthumb" value="$INFO[Skin.String(CustomRadio.5.Icon)]" />
							<param name="itemlabel" value="$INFO[Skin.String(CustomRadio.5.Label)]" />
							<param name="itemcondition" value="!String.IsEmpty(Skin.String(CustomRadio.5.Path))" />
							<param name="itemmenuid" value="9021" />
						</include>
						<include content="listpanelitems">
							<param name="itemcustombase" value="CustomFav.1" />
							<param name="itemthumb" value="$INFO[Skin.String(CustomFav.1.Icon)]" />
							<param name="itemlabel" value="$INFO[Skin.String(CustomFav.1.Label)]" />
							<param name="itemcondition" value="!String.IsEmpty(Skin.String(CustomFav.1.Path))" />
							<param name="itemmenuid" value="9021" />
						</include>
						<include content="listpanelitems">
							<param name="itemcustombase" value="CustomFav.2" />
							<param name="itemthumb" value="$INFO[Skin.String(CustomFav.2.Icon)]" />
							<param name="itemlabel" value="$INFO[Skin.String(CustomFav.2.Label)]" />
							<param name="itemcondition" value="!String.IsEmpty(Skin.String(CustomFav.2.Path))" />
							<param name="itemmenuid" value="9021" />
						</include>
						<include content="listpanelitems">
							<param name="itemcustombase" value="CustomFav.3" />
							<param name="itemthumb" value="$INFO[Skin.String(CustomFav.3.Icon)]" />
							<param name="itemlabel" value="$INFO[Skin.String(CustomFav.3.Label)]" />
							<param name="itemcondition" value="!String.IsEmpty(Skin.String(CustomFav.3.Path))" />
							<param name="itemmenuid" value="9021" />
						</include>
						<include content="listpanelitems">
							<param name="itemcustombase" value="CustomFav.4" />
							<param name="itemthumb" value="$INFO[Skin.String(CustomFav.4.Icon)]" />
							<param name="itemlabel" value="$INFO[Skin.String(CustomFav.4.Label)]" />
							<param name="itemcondition" value="!String.IsEmpty(Skin.String(CustomFav.4.Path))" />
							<param name="itemmenuid" value="9021" />
						</include>
						<include content="listpanelitems">
							<param name="itemcustombase" value="CustomFav.5" />
							<param name="itemthumb" value="$INFO[Skin.String(CustomFav.5.Icon)]" />
							<param name="itemlabel" value="$INFO[Skin.String(CustomFav.5.Label)]" />
							<param name="itemcondition" value="!String.IsEmpty(Skin.String(CustomFav.5.Path))" />
							<param name="itemmenuid" value="9021" />
						</include>
						<include content="listpanelitems">
							<param name="itemcustombase" value="CustomMusic.1" />
							<param name="itemthumb" value="$INFO[Skin.String(CustomMusic.1.Icon)]" />
							<param name="itemlabel" value="$INFO[Skin.String(CustomMusic.1.Label)]" />
							<param name="itemcondition" value="!String.IsEmpty(Skin.String(CustomMusic.1.Path))" />
							<param name="itemmenuid" value="9021" />
						</include>
						<include content="listpanelitems">
							<param name="itemcustombase" value="CustomMusic.2" />
							<param name="itemthumb" value="$INFO[Skin.String(CustomMusic.2.Icon)]" />
							<param name="itemlabel" value="$INFO[Skin.String(CustomMusic.2.Label)]" />
							<param name="itemcondition" value="!String.IsEmpty(Skin.String(CustomMusic.2.Path))" />
							<param name="itemmenuid" value="9021" />
						</include>
						<include content="listpanelitems">
							<param name="itemcustombase" value="CustomMusic.3" />
							<param name="itemthumb" value="$INFO[Skin.String(CustomMusic.3.Icon)]" />
							<param name="itemlabel" value="$INFO[Skin.String(CustomMusic.3.Label)]" />
							<param name="itemcondition" value="!String.IsEmpty(Skin.String(CustomMusic.3.Path))" />
							<param name="itemmenuid" value="9021" />
						</include>
						<include content="listpanelitems">
							<param name="itemcustombase" value="CustomMusic.4" />
							<param name="itemthumb" value="$INFO[Skin.String(CustomMusic.4.Icon)]" />
							<param name="itemlabel" value="$INFO[Skin.String(CustomMusic.4.Label)]" />
							<param name="itemcondition" value="!String.IsEmpty(Skin.String(CustomMusic.4.Path))" />
							<param name="itemmenuid" value="9021" />
						</include>
						<include content="listpanelitems">
							<param name="itemcustombase" value="CustomMusic.5" />
							<param name="itemthumb" value="$INFO[Skin.String(CustomMusic.5.Icon)]" />
							<param name="itemlabel" value="$INFO[Skin.String(CustomMusic.5.Label)]" />
							<param name="itemcondition" value="!String.IsEmpty(Skin.String(CustomMusic.5.Path))" />
							<param name="itemmenuid" value="9021" />
						</include>
						<include content="listpanelitems">
							<param name="itemcustombase" value="CustomAddon.1" />
							<param name="itemthumb" value="$INFO[Skin.String(CustomAddon.1.Icon)]" />
							<param name="itemlabel" value="$INFO[Skin.String(CustomAddon.1.Label)]" />
							<param name="itemcondition" value="!String.IsEmpty(Skin.String(CustomAddon.1.Path))" />
							<param name="itemmenuid" value="9021" />
						</include>
						<include content="listpanelitems">
							<param name="itemcustombase" value="CustomAddon.2" />
							<param name="itemthumb" value="$INFO[Skin.String(CustomAddon.2.Icon)]" />
							<param name="itemlabel" value="$INFO[Skin.String(CustomAddon.2.Label)]" />
							<param name="itemcondition" value="!String.IsEmpty(Skin.String(CustomAddon.2.Path))" />
							<param name="itemmenuid" value="9021" />
						</include>
						<include content="listpanelitems">
							<param name="itemcustombase" value="CustomAddon.3" />
							<param name="itemthumb" value="$INFO[Skin.String(CustomAddon.3.Icon)]" />
							<param name="itemlabel" value="$INFO[Skin.String(CustomAddon.3.Label)]" />
							<param name="itemcondition" value="!String.IsEmpty(Skin.String(CustomAddon.3.Path))" />
							<param name="itemmenuid" value="9021" />
						</include>
						<include content="listpanelitems">
							<param name="itemcustombase" value="CustomAddon.4" />
							<param name="itemthumb" value="$INFO[Skin.String(CustomAddon.4.Icon)]" />
							<param name="itemlabel" value="$INFO[Skin.String(CustomAddon.4.Label)]" />
							<param name="itemcondition" value="!String.IsEmpty(Skin.String(CustomAddon.4.Path))" />
							<param name="itemmenuid" value="9021" />
						</include>
						<include content="listpanelitems">
							<param name="itemcustombase" value="CustomAddon.5" />
							<param name="itemthumb" value="$INFO[Skin.String(CustomAddon.5.Icon)]" />
							<param name="itemlabel" value="$INFO[Skin.String(CustomAddon.5.Label)]" />
							<param name="itemcondition" value="!String.IsEmpty(Skin.String(CustomAddon.5.Path))" />
							<param name="itemmenuid" value="9021" />
						</include>
						<include content="listpanelitems">
							<param name="itemcustombase" value="CustomGame.1" />
							<param name="itemthumb" value="$INFO[Skin.String(CustomGame.1.Icon)]" />
							<param name="itemlabel" value="$INFO[Skin.String(CustomGame.1.Label)]" />
							<param name="itemcondition" value="!String.IsEmpty(Skin.String(CustomGame.1.Path))" />
							<param name="itemmenuid" value="9021" />
						</include>
						<include content="listpanelitems">
							<param name="itemcustombase" value="CustomGame.2" />
							<param name="itemthumb" value="$INFO[Skin.String(CustomGame.2.Icon)]" />
							<param name="itemlabel" value="$INFO[Skin.String(CustomGame.2.Label)]" />
							<param name="itemcondition" value="!String.IsEmpty(Skin.String(CustomGame.2.Path))" />
							<param name="itemmenuid" value="9021" />
						</include>
						<include content="listpanelitems">
							<param name="itemcustombase" value="CustomGame.3" />
							<param name="itemthumb" value="$INFO[Skin.String(CustomGame.3.Icon)]" />
							<param name="itemlabel" value="$INFO[Skin.String(CustomGame.3.Label)]" />
							<param name="itemcondition" value="!String.IsEmpty(Skin.String(CustomGame.3.Path))" />
							<param name="itemmenuid" value="9021" />
						</include>
						<include content="listpanelitems">
							<param name="itemcustombase" value="CustomGame.4" />
							<param name="itemthumb" value="$INFO[Skin.String(CustomGame.4.Icon)]" />
							<param name="itemlabel" value="$INFO[Skin.String(CustomGame.4.Label)]" />
							<param name="itemcondition" value="!String.IsEmpty(Skin.String(CustomGame.4.Path))" />
							<param name="itemmenuid" value="9021" />
						</include>
						<include content="listpanelitems">
							<param name="itemcustombase" value="CustomGame.5" />
							<param name="itemthumb" value="$INFO[Skin.String(CustomGame.5.Icon)]" />
							<param name="itemlabel" value="$INFO[Skin.String(CustomGame.5.Label)]" />
							<param name="itemcondition" value="!String.IsEmpty(Skin.String(CustomGame.5.Path))" />
							<param name="itemmenuid" value="9021" />
						</include>
					</content>
				</control>
				<control type="panel" id="9022">
					<!-- Home menu icon panel -->
					<animation condition="true" effect="zoom" start="100" end="80" center="auto">Conditional</animation>
					<width>1800</width>
					<height>160</height>
					<top>220</top>
					<left>85</left>
					<onleft>noop</onleft>
					<onright>noop</onright>
					<onup>405</onup>
					<ondown>9023</ondown>
					<visible>Skin.HasSetting(homemenu-horizontal) + !Skin.HasSetting(widgets)</visible>
					<itemlayout height="159" width="220">
						<control type="image">
							<!-- Icon image -->
							<width>200</width>
							<height>120</height>
							<aspectratio>stretch</aspectratio>
							<texture fallback="special://skin/extras/icons/fallback.png">$INFO[ListItem.Art(thumb)]</texture>
							<visible>ListItem.Property(isActive) + !Control.HasFocus(402) + !Control.HasFocus(403)</visible>
							<bordersize>4</bordersize>
						</control>
						<control type="image">
							<!-- Icon image -->
							<width>200</width>
							<height>120</height>
							<aspectratio>stretch</aspectratio>
							<texture fallback="special://skin/extras/icons/fallback.png">$INFO[ListItem.Art(thumb)]</texture>
							<animation effect="fade" start="100" end="35" condition="!ListItem.Property(isActive) | Control.HasFocus(402) | Control.HasFocus(403)">Conditional</animation>
							<bordersize>4</bordersize>
							<visible>!ListItem.Property(isActive) | Control.HasFocus(402) | Control.HasFocus(403)</visible>
						</control>						
					</itemlayout>
					<focusedlayout height="159" width="220">
						<control type="group">
							<visible>ListItem.Property(isActive) + !Control.HasFocus(402) + !Control.HasFocus(403)</visible>
							<control type="image">
								<!-- Focused non settings icon image -->
								<width>200</width>
								<height>120</height>
								<aspectratio>stretch</aspectratio>
								<bordertexture border="4">homeiconliteorange.png</bordertexture>								
								<texture fallback="special://skin/extras/icons/fallback.png">$INFO[ListItem.Art(thumb)]</texture>
								<bordersize>4</bordersize>
							</control>
							<control type="label">
								<top>125</top>
								<width>200</width>
								<height>34</height>
								<align>center</align>
								<label>$INFO[ListItem.Label]</label>
								<font>stouch16u</font>
							</control>															
						</control>
						<control type="group">
							<visible>!ListItem.Property(isActive) | Control.HasFocus(402) | Control.HasFocus(403)</visible>
							<control type="image">
								<!-- Focused non settings icon image -->
								<width>200</width>
								<height>120</height>
								<aspectratio>stretch</aspectratio>
								<bordertexture border="4">homeiconliteorange.png</bordertexture>
								<texture fallback="special://skin/extras/icons/fallback.png">$INFO[ListItem.Art(thumb)]</texture>
								<bordersize>4</bordersize>
								<animation effect="fade" start="100" end="35" condition="!ListItem.Property(isActive) | Control.HasFocus(402) | Control.HasFocus(403)">Conditional</animation>
							</control>
							<control type="label">
								<top>125</top>
								<width>200</width>
								<height>34</height>
								<align>center</align>
								<label fallback="Agregar Favorito">$INFO[ListItem.Label]</label>
								<font>stouch16</font>
								<animation effect="fade" start="100" end="35" condition="!ListItem.Property(isActive) | Control.HasFocus(402)">Conditional</animation>
							</control>
						</control>
					</focusedlayout>
					<content>
						<include content="listpanelitems">
							<param name="itemcustombase" value="CustomMovies.6" />
							<param name="itemthumb" value="$INFO[Skin.String(CustomMovies.6.Icon)]" />
							<param name="itemlabel" value="$INFO[Skin.String(CustomMovies.6.Label)]" />
							<param name="itemcondition" value="!String.IsEmpty(Skin.String(CustomMovies.6.Path))" />
							<param name="itemmenuid" value="9022" />
						</include>
						<include content="listpanelitems">
							<param name="itemcustombase" value="CustomMovies.7" />
							<param name="itemthumb" value="$INFO[Skin.String(CustomMovies.7.Icon)]" />
							<param name="itemlabel" value="$INFO[Skin.String(CustomMovies.7.Label)]" />
							<param name="itemcondition" value="!String.IsEmpty(Skin.String(CustomMovies.7.Path))" />
							<param name="itemmenuid" value="9022" />
						</include>
						<include content="listpanelitems">
							<param name="itemcustombase" value="CustomMovies.8" />
							<param name="itemthumb" value="$INFO[Skin.String(CustomMovies.8.Icon)]" />
							<param name="itemlabel" value="$INFO[Skin.String(CustomMovies.8.Label)]" />
							<param name="itemcondition" value="!String.IsEmpty(Skin.String(CustomMovies.8.Path))" />
							<param name="itemmenuid" value="9022" />
						</include>
						<include content="listpanelitems">
							<param name="itemcustombase" value="CustomMovies.9" />
							<param name="itemthumb" value="$INFO[Skin.String(CustomMovies.9.Icon)]" />
							<param name="itemlabel" value="$INFO[Skin.String(CustomMovies.9.Label)]" />
							<param name="itemcondition" value="!String.IsEmpty(Skin.String(CustomMovies.9.Path))" />
							<param name="itemmenuid" value="9022" />
						</include>
						<include content="listpanelitems">
							<param name="itemcustombase" value="CustomMovies.10" />
							<param name="itemthumb" value="$INFO[Skin.String(CustomMovies.10.Icon)]" />
							<param name="itemlabel" value="$INFO[Skin.String(CustomMovies.10.Label)]" />
							<param name="itemcondition" value="!String.IsEmpty(Skin.String(CustomMovies.10.Path))" />
							<param name="itemmenuid" value="9022" />
						</include>						
						<include content="listpanelitems">
							<param name="itemcustombase" value="CustomMovies.11" />
							<param name="itemthumb" value="$INFO[Skin.String(CustomMovies.11.Icon)]" />
							<param name="itemlabel" value="$INFO[Skin.String(CustomMovies.11.Label)]" />
							<param name="itemcondition" value="!String.IsEmpty(Skin.String(CustomMovies.11.Path))" />
							<param name="itemmenuid" value="9022" />
						</include>
						<include content="listpanelitems">
							<param name="itemcustombase" value="CustomMovies.12" />
							<param name="itemthumb" value="$INFO[Skin.String(CustomMovies.12.Icon)]" />
							<param name="itemlabel" value="$INFO[Skin.String(CustomMovies.12.Label)]" />
							<param name="itemcondition" value="!String.IsEmpty(Skin.String(CustomMovies.12.Path))" />
							<param name="itemmenuid" value="9022" />
						</include>
						<include content="listpanelitems">
							<param name="itemcustombase" value="CustomMovies.13" />
							<param name="itemthumb" value="$INFO[Skin.String(CustomMovies.13.Icon)]" />
							<param name="itemlabel" value="$INFO[Skin.String(CustomMovies.13.Label)]" />
							<param name="itemcondition" value="!String.IsEmpty(Skin.String(CustomMovies.13.Path))" />
							<param name="itemmenuid" value="9022" />
						</include>
					</content>
				</control>
				<control type="label">
					<left>250</left>
					<top>190</top>
					<width>768</width>
					<height>30</height>
					<align>left</align>
					<label>[B]Categorías de Películas[/B]</label>
					<font>stouch18u</font>
					<visible>Skin.HasSetting(homemenu-horizontal) + !Skin.HasSetting(widgets)</visible>
				</control>								
				<control type="panel" id="9023">
					<!-- Home menu icon panel -->
					<animation condition="true" effect="zoom" start="100" end="80" center="auto">Conditional</animation>
					<width>1800</width>
					<height>160</height>
					<top>430</top>
					<left>85</left>
					<onleft>403</onleft>
					<onright>noop</onright>
					<onup>9022</onup>
					<ondown>9024</ondown>
					<visible>Skin.HasSetting(homemenu-horizontal) + !Skin.HasSetting(widgets)</visible>
					<itemlayout height="159" width="220">
						<control type="image">
							<!-- Icon image -->
							<width>200</width>
							<height>120</height>
							<aspectratio>stretch</aspectratio>
							<texture fallback="special://skin/extras/icons/fallback.png">$INFO[ListItem.Art(thumb)]</texture>
							<visible>ListItem.Property(isActive) + !Control.HasFocus(402) + !Control.HasFocus(403)</visible>
							<bordersize>4</bordersize>
						</control>
						<control type="image">
							<!-- Icon image -->
							<width>200</width>
							<height>120</height>
							<aspectratio>stretch</aspectratio>
							<texture fallback="special://skin/extras/icons/fallback.png">$INFO[ListItem.Art(thumb)]</texture>
							<animation effect="fade" start="100" end="35" condition="!ListItem.Property(isActive) | Control.HasFocus(402) | Control.HasFocus(403)">Conditional</animation>
							<bordersize>4</bordersize>
							<visible>!ListItem.Property(isActive) | Control.HasFocus(402) | Control.HasFocus(403)</visible>
						</control>						
					</itemlayout>
					<focusedlayout height="159" width="220">
						<control type="group">
							<visible>ListItem.Property(isActive) + !Control.HasFocus(402) + !Control.HasFocus(403)</visible>
							<control type="image">
								<!-- Focused non settings icon image -->
								<width>200</width>
								<height>120</height>
								<aspectratio>stretch</aspectratio>
								<bordertexture border="4">homeiconliteorange.png</bordertexture>								
								<texture fallback="special://skin/extras/icons/fallback.png">$INFO[ListItem.Art(thumb)]</texture>
								<bordersize>4</bordersize>
							</control>
							<control type="label">
								<top>125</top>
								<width>200</width>
								<height>34</height>
								<align>center</align>
								<label>$INFO[ListItem.Label]</label>
								<font>stouch16u</font>
							</control>															
						</control>
						<control type="group">
							<visible>!ListItem.Property(isActive) | Control.HasFocus(402) | Control.HasFocus(403)</visible>
							<control type="image">
								<!-- Focused non settings icon image -->
								<width>200</width>
								<height>120</height>
								<aspectratio>stretch</aspectratio>
								<bordertexture border="3">homeiconliteorange.png</bordertexture>
								<texture fallback="special://skin/extras/icons/fallback.png">$INFO[ListItem.Art(thumb)]</texture>
								<bordersize>4</bordersize>
								<animation effect="fade" start="100" end="35" condition="!ListItem.Property(isActive) | Control.HasFocus(402) | Control.HasFocus(403)">Conditional</animation>
							</control>
							<control type="label">
								<top>125</top>
								<width>200</width>
								<height>34</height>
								<align>center</align>
								<label fallback="Agregar Favorito">$INFO[ListItem.Label]</label>
								<font>stouch16</font>
								<animation effect="fade" start="100" end="35" condition="!ListItem.Property(isActive) | Control.HasFocus(402)">Conditional</animation>
							</control>
						</control>
					</focusedlayout>
					<content>
						<include content="listpanelitems">
							<param name="itemcustombase" value="CustomTVShow.6" />
							<param name="itemthumb" value="$INFO[Skin.String(CustomTVShow.6.Icon)]" />
							<param name="itemlabel" value="$INFO[Skin.String(CustomTVShow.6.Label)]" />
							<param name="itemcondition" value="!String.IsEmpty(Skin.String(CustomTVShow.6.Path))" />
							<param name="itemmenuid" value="9023" />
						</include>
						<include content="listpanelitems">
							<param name="itemcustombase" value="CustomTVShow.7" />
							<param name="itemthumb" value="$INFO[Skin.String(CustomTVShow.7.Icon)]" />
							<param name="itemlabel" value="$INFO[Skin.String(CustomTVShow.7.Label)]" />
							<param name="itemcondition" value="!String.IsEmpty(Skin.String(CustomTVShow.7.Path))" />
							<param name="itemmenuid" value="9023" />
						</include>
						<include content="listpanelitems">
							<param name="itemcustombase" value="CustomTVShow.8" />
							<param name="itemthumb" value="$INFO[Skin.String(CustomTVShow.8.Icon)]" />
							<param name="itemlabel" value="$INFO[Skin.String(CustomTVShow.8.Label)]" />
							<param name="itemcondition" value="!String.IsEmpty(Skin.String(CustomTVShow.8.Path))" />
							<param name="itemmenuid" value="9023" />
						</include>
						<include content="listpanelitems">
							<param name="itemcustombase" value="CustomTVShow.9" />
							<param name="itemthumb" value="$INFO[Skin.String(CustomTVShow.9.Icon)]" />
							<param name="itemlabel" value="$INFO[Skin.String(CustomTVShow.9.Label)]" />
							<param name="itemcondition" value="!String.IsEmpty(Skin.String(CustomTVShow.9.Path))" />
							<param name="itemmenuid" value="9023" />
						</include>
						<include content="listpanelitems">
							<param name="itemcustombase" value="CustomTVShow.10" />
							<param name="itemthumb" value="$INFO[Skin.String(CustomTVShow.10.Icon)]" />
							<param name="itemlabel" value="$INFO[Skin.String(CustomTVShow.10.Label)]" />
							<param name="itemcondition" value="!String.IsEmpty(Skin.String(CustomTVShow.10.Path))" />
							<param name="itemmenuid" value="9023" />
						</include>
						<include content="listpanelitems">
							<param name="itemcustombase" value="CustomTVShow.11" />
							<param name="itemthumb" value="$INFO[Skin.String(CustomTVShow.11.Icon)]" />
							<param name="itemlabel" value="$INFO[Skin.String(CustomTVShow.11.Label)]" />
							<param name="itemcondition" value="!String.IsEmpty(Skin.String(CustomTVShow.11.Path))" />
							<param name="itemmenuid" value="9023" />
						</include>
						<include content="listpanelitems">
							<param name="itemcustombase" value="CustomTVShow.12" />
							<param name="itemthumb" value="$INFO[Skin.String(CustomTVShow.12.Icon)]" />
							<param name="itemlabel" value="$INFO[Skin.String(CustomTVShow.12.Label)]" />
							<param name="itemcondition" value="!String.IsEmpty(Skin.String(CustomTVShow.12.Path))" />
							<param name="itemmenuid" value="9023" />
						</include>
						<include content="listpanelitems">
							<param name="itemcustombase" value="CustomTVShow.13" />
							<param name="itemthumb" value="$INFO[Skin.String(CustomTVShow.13.Icon)]" />
							<param name="itemlabel" value="$INFO[Skin.String(CustomTVShow.13.Label)]" />
							<param name="itemcondition" value="!String.IsEmpty(Skin.String(CustomTVShow.13.Path))" />
							<param name="itemmenuid" value="9023" />
						</include>
					</content>
				</control>				
				<control type="label">
					<left>250</left>
					<top>400</top>
					<width>768</width>
					<height>30</height>
					<align>left</align>
					<label>[B]Categorías de Series[/B]</label>
					<font>stouch18u</font>
					<visible>Skin.HasSetting(homemenu-horizontal) + !Skin.HasSetting(widgets)</visible>
				</control>												
				<control type="panel" id="9024">
					<!-- Home menu icon panel -->
					<animation condition="true" effect="zoom" start="100" end="80" center="auto">Conditional</animation>
					<width>1800</width>
					<height>160</height>
					<top>620</top>
					<left>85</left>
					<onleft>403</onleft>
					<onright>noop</onright>
					<onup>9023</onup>
					<ondown>9025</ondown>
					<visible>Skin.HasSetting(homemenu-horizontal) + !Skin.HasSetting(widgets)</visible>
					<itemlayout height="159" width="220">
						<control type="image">
							<!-- Icon image -->
							<width>200</width>
							<height>120</height>
							<aspectratio>stretch</aspectratio>
							<texture fallback="special://skin/extras/icons/fallback.png">$INFO[ListItem.Art(thumb)]</texture>
							<visible>ListItem.Property(isActive) + !Control.HasFocus(402) + !Control.HasFocus(403)</visible>
							<bordersize>4</bordersize>
						</control>
						<control type="image">
							<!-- Icon image -->
							<width>200</width>
							<height>120</height>
							<aspectratio>stretch</aspectratio>
							<texture fallback="special://skin/extras/icons/fallback.png">$INFO[ListItem.Art(thumb)]</texture>
							<animation effect="fade" start="100" end="35" condition="!ListItem.Property(isActive) | Control.HasFocus(402) | Control.HasFocus(403)">Conditional</animation>
							<bordersize>4</bordersize>
							<visible>!ListItem.Property(isActive) | Control.HasFocus(402) | Control.HasFocus(403)</visible>
						</control>						
					</itemlayout>
					<focusedlayout height="159" width="220">
						<control type="group">
							<visible>ListItem.Property(isActive) + !Control.HasFocus(402) + !Control.HasFocus(403)</visible>
							<control type="image">
								<!-- Focused non settings icon image -->
								<width>200</width>
								<height>120</height>
								<aspectratio>stretch</aspectratio>
								<bordertexture border="4">homeiconliteorange.png</bordertexture>								
								<texture fallback="special://skin/extras/icons/fallback.png">$INFO[ListItem.Art(thumb)]</texture>
								<bordersize>4</bordersize>
							</control>
							<control type="label">
								<top>125</top>
								<width>200</width>
								<height>34</height>
								<align>center</align>
								<label>$INFO[ListItem.Label]</label>
								<font>stouch16u</font>
							</control>															
						</control>
						<control type="group">
							<visible>!ListItem.Property(isActive) | Control.HasFocus(402) | Control.HasFocus(403)</visible>
							<control type="image">
								<!-- Focused non settings icon image -->
								<width>200</width>
								<height>120</height>
								<aspectratio>stretch</aspectratio>
								<bordertexture border="3">homeiconliteorange.png</bordertexture>
								<texture fallback="special://skin/extras/icons/fallback.png">$INFO[ListItem.Art(thumb)]</texture>
								<bordersize>4</bordersize>
								<animation effect="fade" start="100" end="35" condition="!ListItem.Property(isActive) | Control.HasFocus(402) | Control.HasFocus(403)">Conditional</animation>
							</control>
							<control type="label">
								<top>125</top>
								<width>200</width>
								<height>34</height>
								<align>center</align>
								<label fallback="Agregar Favorito">$INFO[ListItem.Label]</label>
								<font>stouch16</font>
								<animation effect="fade" start="100" end="35" condition="!ListItem.Property(isActive) | Control.HasFocus(402)">Conditional</animation>
							</control>
						</control>
					</focusedlayout>
					<content>
						<include content="listpanelitems">
							<param name="itemcustombase" value="CustomTV.6" />
							<param name="itemthumb" value="$INFO[Skin.String(CustomTV.6.Icon)]" />
							<param name="itemlabel" value="$INFO[Skin.String(CustomTV.6.Label)]" />
							<param name="itemcondition" value="!String.IsEmpty(Skin.String(CustomTV.6.Path))" />
							<param name="itemmenuid" value="9024" />
						</include>
						<include content="listpanelitems">
							<param name="itemcustombase" value="CustomTV.7" />
							<param name="itemthumb" value="$INFO[Skin.String(CustomTV.7.Icon)]" />
							<param name="itemlabel" value="$INFO[Skin.String(CustomTV.7.Label)]" />
							<param name="itemcondition" value="!String.IsEmpty(Skin.String(CustomTV.7.Path))" />
							<param name="itemmenuid" value="9024" />
						</include>
						<include content="listpanelitems">
							<param name="itemcustombase" value="CustomTV.8" />
							<param name="itemthumb" value="$INFO[Skin.String(CustomTV.8.Icon)]" />
							<param name="itemlabel" value="$INFO[Skin.String(CustomTV.8.Label)]" />
							<param name="itemcondition" value="!String.IsEmpty(Skin.String(CustomTV.8.Path))" />
							<param name="itemmenuid" value="9024" />
						</include>
						<include content="listpanelitems">
							<param name="itemcustombase" value="CustomTV.9" />
							<param name="itemthumb" value="$INFO[Skin.String(CustomTV.9.Icon)]" />
							<param name="itemlabel" value="$INFO[Skin.String(CustomTV.9.Label)]" />
							<param name="itemcondition" value="!String.IsEmpty(Skin.String(CustomTV.9.Path))" />
							<param name="itemmenuid" value="9024" />
						</include>
						<include content="listpanelitems">
							<param name="itemcustombase" value="CustomTV.10" />
							<param name="itemthumb" value="$INFO[Skin.String(CustomTV.10.Icon)]" />
							<param name="itemlabel" value="$INFO[Skin.String(CustomTV.10.Label)]" />
							<param name="itemcondition" value="!String.IsEmpty(Skin.String(CustomTV.10.Path))" />
							<param name="itemmenuid" value="9024" />
						</include>
						<include content="listpanelitems">
							<param name="itemcustombase" value="CustomTV.11" />
							<param name="itemthumb" value="$INFO[Skin.String(CustomTV.11.Icon)]" />
							<param name="itemlabel" value="$INFO[Skin.String(CustomTV.11.Label)]" />
							<param name="itemcondition" value="!String.IsEmpty(Skin.String(CustomTV.11.Path))" />
							<param name="itemmenuid" value="9024" />
						</include>
						<include content="listpanelitems">
							<param name="itemcustombase" value="CustomTV.12" />
							<param name="itemthumb" value="$INFO[Skin.String(CustomTV.12.Icon)]" />
							<param name="itemlabel" value="$INFO[Skin.String(CustomTV.12.Label)]" />
							<param name="itemcondition" value="!String.IsEmpty(Skin.String(CustomTV.12.Path))" />
							<param name="itemmenuid" value="9024" />
						</include>
						<include content="listpanelitems">
							<param name="itemcustombase" value="CustomTV.13" />
							<param name="itemthumb" value="$INFO[Skin.String(CustomTV.13.Icon)]" />
							<param name="itemlabel" value="$INFO[Skin.String(CustomTV.13.Label)]" />
							<param name="itemcondition" value="!String.IsEmpty(Skin.String(CustomTV.13.Path))" />
							<param name="itemmenuid" value="9024" />
						</include>
					</content>
				</control>				
				<control type="label">
					<left>250</left>
					<top>590</top>
					<width>768</width>
					<height>30</height>
					<align>left</align>
					<label>[B]Categorías de Televisión[/B]</label>
					<visible>Skin.HasSetting(homemenu-horizontal) + !Skin.HasSetting(widgets)</visible>
					<font>stouch18u</font>
				</control>												
				<control type="panel" id="9025">
					<!-- Home menu icon panel -->
					<animation condition="true" effect="zoom" start="100" end="80" center="auto">Conditional</animation>
					<width>1800</width>
					<height>160</height>
					<top>810</top>
					<left>85</left>
					<onleft>403</onleft>
					<onright>noop</onright>
					<onup>9024</onup>
					<ondown>9022</ondown>
					<visible>Skin.HasSetting(homemenu-horizontal) + !Skin.HasSetting(widgets)</visible>
					<itemlayout height="159" width="220">
						<control type="image">
							<!-- Icon image -->
							<width>200</width>
							<height>120</height>
							<aspectratio>stretch</aspectratio>
							<texture fallback="special://skin/extras/icons/fallback.png">$INFO[ListItem.Art(thumb)]</texture>
							<visible>ListItem.Property(isActive) + !Control.HasFocus(402) + !Control.HasFocus(403)</visible>
							<bordersize>4</bordersize>
						</control>
						<control type="image">
							<!-- Icon image -->
							<width>200</width>
							<height>120</height>
							<aspectratio>stretch</aspectratio>
							<texture fallback="special://skin/extras/icons/fallback.png">$INFO[ListItem.Art(thumb)]</texture>
							<animation effect="fade" start="100" end="35" condition="!ListItem.Property(isActive) | Control.HasFocus(402) | Control.HasFocus(403)">Conditional</animation>
							<bordersize>4</bordersize>
							<visible>!ListItem.Property(isActive) | Control.HasFocus(402) | Control.HasFocus(403)</visible>
						</control>						
					</itemlayout>
					<focusedlayout height="159" width="220">
						<control type="group">
							<visible>ListItem.Property(isActive) + !Control.HasFocus(402) + !Control.HasFocus(403)</visible>
							<control type="image">
								<!-- Focused non settings icon image -->
								<width>200</width>
								<height>120</height>
								<aspectratio>stretch</aspectratio>
								<bordertexture border="4">homeiconliteorange.png</bordertexture>								
								<texture fallback="special://skin/extras/icons/fallback.png">$INFO[ListItem.Art(thumb)]</texture>
								<bordersize>4</bordersize>
							</control>
							<control type="label">
								<top>125</top>
								<width>200</width>
								<height>34</height>
								<align>center</align>
								<label>$INFO[ListItem.Label]</label>
								<font>stouch16u</font>
							</control>															
						</control>
						<control type="group">
							<visible>!ListItem.Property(isActive) | Control.HasFocus(402) | Control.HasFocus(403)</visible>
							<control type="image">
								<!-- Focused non settings icon image -->
								<width>200</width>
								<height>120</height>
								<aspectratio>stretch</aspectratio>
								<bordertexture border="3">homeiconliteorange.png</bordertexture>
								<texture fallback="special://skin/extras/icons/fallback.png">$INFO[ListItem.Art(thumb)]</texture>
								<bordersize>4</bordersize>
								<animation effect="fade" start="100" end="35" condition="!ListItem.Property(isActive) | Control.HasFocus(402) | Control.HasFocus(403)">Conditional</animation>
							</control>
							<control type="label">
								<top>125</top>
								<width>200</width>
								<height>34</height>
								<align>center</align>
								<label fallback="Agregar Favorito">$INFO[ListItem.Label]</label>
								<font>stouch16</font>
								<animation effect="fade" start="100" end="35" condition="!ListItem.Property(isActive) | Control.HasFocus(402)">Conditional</animation>
							</control>
						</control>
					</focusedlayout>
					<content>
						<include content="listpanelitems">
							<param name="itemcustombase" value="CustomGame.6" />
							<param name="itemthumb" value="$INFO[Skin.String(CustomGame.6.Icon)]" />
							<param name="itemlabel" value="$INFO[Skin.String(CustomGame.6.Label)]" />
							<param name="itemcondition" value="!String.IsEmpty(Skin.String(CustomGame.6.Path))" />
							<param name="itemmenuid" value="9025" />
						</include>
						<include content="listpanelitems">
							<param name="itemcustombase" value="CustomGame.7" />
							<param name="itemthumb" value="$INFO[Skin.String(CustomGame.7.Icon)]" />
							<param name="itemlabel" value="$INFO[Skin.String(CustomGame.7.Label)]" />
							<param name="itemcondition" value="!String.IsEmpty(Skin.String(CustomGame.7.Path))" />
							<param name="itemmenuid" value="9025" />
						</include>
						<include content="listpanelitems">
							<param name="itemcustombase" value="CustomGame.8" />
							<param name="itemthumb" value="$INFO[Skin.String(CustomGame.8.Icon)]" />
							<param name="itemlabel" value="$INFO[Skin.String(CustomGame.8.Label)]" />
							<param name="itemcondition" value="!String.IsEmpty(Skin.String(CustomGame.8.Path))" />
							<param name="itemmenuid" value="9025" />
						</include>
						<include content="listpanelitems">
							<param name="itemcustombase" value="CustomGame.9" />
							<param name="itemthumb" value="$INFO[Skin.String(CustomGame.9.Icon)]" />
							<param name="itemlabel" value="$INFO[Skin.String(CustomGame.9.Label)]" />
							<param name="itemcondition" value="!String.IsEmpty(Skin.String(CustomGame.9.Path))" />
							<param name="itemmenuid" value="9025" />
						</include>
						<include content="listpanelitems">
							<param name="itemcustombase" value="CustomGame.10" />
							<param name="itemthumb" value="$INFO[Skin.String(CustomGame.10.Icon)]" />
							<param name="itemlabel" value="$INFO[Skin.String(CustomGame.10.Label)]" />
							<param name="itemcondition" value="!String.IsEmpty(Skin.String(CustomGame.10.Path))" />
							<param name="itemmenuid" value="9025" />
						</include>
						<include content="listpanelitems">
							<param name="itemcustombase" value="CustomGame.11" />
							<param name="itemthumb" value="$INFO[Skin.String(CustomGame.11.Icon)]" />
							<param name="itemlabel" value="$INFO[Skin.String(CustomGame.11.Label)]" />
							<param name="itemcondition" value="!String.IsEmpty(Skin.String(CustomGame.11.Path))" />
							<param name="itemmenuid" value="9025" />
						</include>
						<include content="listpanelitems">
							<param name="itemcustombase" value="CustomGame.12" />
							<param name="itemthumb" value="$INFO[Skin.String(CustomGame.12.Icon)]" />
							<param name="itemlabel" value="$INFO[Skin.String(CustomGame.12.Label)]" />
							<param name="itemcondition" value="!String.IsEmpty(Skin.String(CustomGame.12.Path))" />
							<param name="itemmenuid" value="9025" />
						</include>
						<include content="listpanelitems">
							<param name="itemcustombase" value="CustomGame.13" />
							<param name="itemthumb" value="$INFO[Skin.String(CustomGame.13.Icon)]" />
							<param name="itemlabel" value="$INFO[Skin.String(CustomGame.13.Label)]" />
							<param name="itemcondition" value="!String.IsEmpty(Skin.String(CustomGame.13.Path))" />
							<param name="itemmenuid" value="9025" />
						</include>
					</content>
				</control>				
				<control type="label">
					<left>250</left>
					<top>780</top>
					<width>768</width>
					<height>30</height>
					<align>left</align>
					<label>[B]Categorías de Deportes[/B]</label>
					<font>stouch18u</font>
					<visible>Skin.HasSetting(homemenu-horizontal) + !Skin.HasSetting(widgets)</visible>
				</control>												
			</control>	
			<control type="panel" id="9026">
					<!-- Widgets -->
					<animation condition="true" effect="zoom" start="100" end="80" center="auto">Conditional</animation>
					<width>1890</width>
					<height>970</height>
					<top>150</top>
					<left>165</left>
					<onleft>noop</onleft>
					<onright>noop</onright>
					<onup>405</onup>
					<ondown>noop</ondown>
					<visible>Skin.HasSetting(widgets)</visible>
					<itemlayout height="240" width="378">
						<control type="image">
							<!-- Icon image -->
							<left>39</left>
							<top>15</top>
							<width>300</width>
							<height>180</height>
							<aspectratio>stretch</aspectratio>
							<texture fallback="special://skin/extras/icons/fallback.png">$INFO[ListItem.Art(thumb)]</texture>
							<visible>ListItem.Property(isActive) + !Control.HasFocus(402) + !Control.HasFocus(403)</visible>
							<bordersize>6</bordersize>
						</control>
						<control type="image">
							<!-- Icon image -->
							<left>39</left>
							<top>15</top>
							<width>300</width>
							<height>180</height>
							<aspectratio>stretch</aspectratio>
							<texture fallback="special://skin/extras/icons/fallback.png">$INFO[ListItem.Art(thumb)]</texture>
							<animation effect="fade" start="100" end="35" condition="!ListItem.Property(isActive) | Control.HasFocus(402) | Control.HasFocus(403)">Conditional</animation>
							<visible>!ListItem.Property(isActive) | Control.HasFocus(402) | Control.HasFocus(403)</visible>
							<bordersize>6</bordersize>
						</control>						
					</itemlayout>
					<focusedlayout height="240" width="378">
						<control type="group">
							<visible>ListItem.Property(isActive) + !Control.HasFocus(402) + !Control.HasFocus(403)</visible>
							<control type="image">
								<!-- Focused non settings icon image -->
								<left>39</left>
								<top>15</top>
								<width>300</width>
								<height>180</height>
								<aspectratio>stretch</aspectratio>
								<bordertexture border="6">homeiconliteorange.png</bordertexture>								
								<texture fallback="special://skin/extras/icons/fallback.png">$INFO[ListItem.Art(thumb)]</texture>
								<bordersize>6</bordersize>
							</control>
							<control type="label">
								<left>39</left>
								<top>212</top>
								<width>300</width>
								<height>34</height>
								<align>center</align>
								<label>$INFO[ListItem.Label]</label>
								<font>stouch18u</font>
							</control>															
						</control>
						<control type="group">
							<visible>!ListItem.Property(isActive) | Control.HasFocus(402) | Control.HasFocus(403)</visible>
							<control type="image">
								<!-- Focused non settings icon image -->
								<left>39</left>
								<top>15</top>
								<width>300</width>
								<height>180</height>
								<aspectratio>stretch</aspectratio>
								<bordertexture border="6">homeiconliteorange.png</bordertexture>
								<texture fallback="special://skin/extras/icons/fallback.png">$INFO[ListItem.Art(thumb)]</texture>
								<animation effect="fade" start="100" end="35" condition="!ListItem.Property(isActive) | Control.HasFocus(402) | Control.HasFocus(403)">Conditional</animation>
								<bordersize>6</bordersize>
							</control>
							<control type="label">
								<left>39</left>
								<top>212</top>
								<width>300</width>
								<height>33</height>
								<align>center</align>
								<label fallback="Agregar Favorito">$INFO[ListItem.Label]</label>
								<font>stouch22</font>
								<animation effect="fade" start="100" end="35" condition="!ListItem.Property(isActive) | Control.HasFocus(402)">Conditional</animation>
							</control>
						</control>
					</focusedlayout>
					<content>
						<include content="listpanelitems">
							<param name="itemcustombase" value="CustomFav.6" />
							<param name="itemthumb" value="$INFO[Skin.String(CustomFav.6.Icon)]" />
							<param name="itemlabel" value="$INFO[Skin.String(CustomFav.6.Label)]" />
							<param name="itemcondition" value="!String.IsEmpty(Skin.String(CustomFav.6.Path))" />
							<param name="itemmenuid" value="9026" />
						</include>
						<include content="listpanelitems">
							<param name="itemcustombase" value="CustomFav.7" />
							<param name="itemthumb" value="$INFO[Skin.String(CustomFav.7.Icon)]" />
							<param name="itemlabel" value="$INFO[Skin.String(CustomFav.7.Label)]" />
							<param name="itemcondition" value="!String.IsEmpty(Skin.String(CustomFav.7.Path))" />
							<param name="itemmenuid" value="9026" />
						</include>
						<include content="listpanelitems">
							<param name="itemcustombase" value="CustomFav.8" />
							<param name="itemthumb" value="$INFO[Skin.String(CustomFav.8.Icon)]" />
							<param name="itemlabel" value="$INFO[Skin.String(CustomFav.8.Label)]" />
							<param name="itemcondition" value="!String.IsEmpty(Skin.String(CustomFav.8.Path))" />
							<param name="itemmenuid" value="9026" />
						</include>
						<include content="listpanelitems">
							<param name="itemcustombase" value="CustomFav.9" />
							<param name="itemthumb" value="$INFO[Skin.String(CustomFav.9.Icon)]" />
							<param name="itemlabel" value="$INFO[Skin.String(CustomFav.9.Label)]" />
							<param name="itemcondition" value="!String.IsEmpty(Skin.String(CustomFav.9.Path))" />
							<param name="itemmenuid" value="9026" />
						</include>
					</content>
			</control>			
				<control type="label">
					<left>250</left>
					<top>190</top>
					<width>768</width>
					<height>30</height>
					<align>left</align>
					<label>[B]Widgets Inicio TV[/B]</label>
					<font>stouch18u</font>
					<visible>Skin.HasSetting(widgets)</visible>
				</control>												
		</control>		
		<control type="textbox">
			<!-- Settings description area -->
			<left>15</left>
			<top>1010</top>
			<width>1890</width>
			<height>60</height>
			<font>stouch20</font>
			<align>center</align>
			<label>$VAR[SkinSettingHelp]</label>
		</control>			
	</controls>
</window>