<?xml version="1.0" encoding="UTF-8"?>
<window id="1131">
    <defaultcontrol>9000</defaultcontrol>
    <controls>
		<control type="image">
			<left>330</left>
			<bottom>420</bottom>
			<width>65%</width>
			<height>65%</height>
			<texture background="true">firstrun.jpg</texture>
		</control>
		<control type="group">
			<centerleft>50%</centerleft>
			<top>280</top>
			<height>1000</height>
			<width>1400</width>
			<control type="textbox">
				<top>110</top>
				<width>1400</width>
				<height>500</height>
				<shadowcolor>black</shadowcolor>
				<pagecontrol>3000</pagecontrol>
				<font>font13</font>
				<align>center</align>
				<label>Elige uno de los dos tipos de inicio, según tu dispositivo o gusto.</label>
			</control>
			<control type="grouplist" id="9000">
				<orientation>vertical</orientation>
				<left>100</left>
				<itemgap>10</itemgap>
				<top>370</top>
				<width>1200</width>
				<align>center</align>
				<font>font14</font>
				<control type="radiobutton" id="305">
					<height>60</height>
					<width>1200</width>
					<font>font14</font>
					<include>settings-submenu-common</include>
					<label>[B]Inicio TV[/B] - Items predifinidos, se pueden agregar más</label>
					<textwidth>1000</textwidth>
					<onclick>Skin.SetBool(homemenu-horizontal)</onclick>
					<onclick>Skin.ReloadSkin()</onclick>
					<onclick>Skin.Reset(homemenu-icon)</onclick>
					<selected>Skin.HasSetting(homemenu-horizontal)</selected>
					<radioposx>1125</radioposx>
					<radiowidth>30</radiowidth>
					<radioheight>30</radioheight>
					<onfocus>SetProperty(Image_Preview,special://skin/resources/screenshot000.jpg)</onfocus>
				</control>
				<control type="radiobutton" id="306">
					<font>font14</font>
					<height>60</height>
					<width>1200</width>
					<include>settings-submenu-common</include>
					<label>[B]Inicio Táctil[/B] - Items predifinidos, se pueden agregar más</label>
					<textwidth>1000</textwidth>
					<onclick>Skin.SetBool(homemenu-icon)</onclick>
					<onclick>Skin.ReloadSkin()</onclick>
					<onclick>Skin.Reset(homemenu-horizontal)</onclick>
					<selected>Skin.HasSetting(homemenu-icon)</selected>
					<radioposx>1125</radioposx>
					<radiowidth>30</radiowidth>
					<radioheight>30</radioheight>
					<onfocus>SetProperty(Image_Preview,special://skin/resources/screenshot001.jpg)</onfocus>
				</control>
				<control type="button" id="308">
					<top>70</top>
					<height>60</height>
					<label>Continuar</label>
					<font>font14</font>
					<textoffsetx>30</textoffsetx>
					<onclick>Close</onclick>
					<onclick>ActivateWindow(1129)</onclick>
					<align>center</align>
				</control>
			</control>
			<control type="group">
				<left>100</left>
				<width>1200</width>
				<top>170</top>
				<height>380</height>
				<visible>Control.HasFocus(305) | Control.HasFocus(306) | Control.HasFocus(307)</visible>
				<control type="image">
					<aspectratio scalediffuse="false">keep</aspectratio>
					<texture background="true" fallback="special://skin/fanart.jpg" diffuse="diffuse/1117.png">$INFO[Window.Property(Image_Preview)]</texture>
				</control>
			</control>		
		</control>			
    </controls>
</window>
