<?xml version="1.0" encoding="UTF-8"?>
<!-- Foundation -->
<window type="dialog" id="1132">
    <defaultcontrol always="true">8000</defaultcontrol>
    <!-- <onunload>AlarmClock(reloadskin,ReloadSkin(),00:00,silent,false)</onunload> -->
    <controls>
        <include>background</include>
        <control type="group">
            <width>1840</width>
			<height>1000</height>
			<control type="image">
				<top>40</top>
				<left>20</left>
				<width>1860</width>
				<height>1020</height>
				<texture border="14">button-menu-background.png</texture>
			</control>	
            <!-- Image -->
            <control type="group">
                <left>20</left>
                <width>1200</width>
                <top>100</top>
                <height>900</height>
                <control type="image">
                    <aspectratio scalediffuse="false">keep</aspectratio>
                    <texture background="true" fallback="special://skin/fanart.jpg" diffuse="diffuse/1117.png">$INFO[Window.Property(Image_Preview)]</texture>
                </control>
                <control type="image">
                    <aspectratio scalediffuse="false">center</aspectratio>
                    <visible>[Control.HasFocus(8001) + !String.Contains(Control.GetLabel(9001),*)] | [Control.HasFocus(9002) + !String.Contains(Control.GetLabel(9002),*)] | [Control.HasFocus(9003) + !String.Contains(Control.GetLabel(9003),*)] | [Control.HasFocus(9004) + !String.Contains(Control.GetLabel(9004),*)] | [Control.HasFocus(9005) + !String.Contains(Control.GetLabel(9005),*)] | [Control.HasFocus(9006) + !String.Contains(Control.GetLabel(9006),*)] | [Control.HasFocus(9007) + !String.Contains(Control.GetLabel(9007),*)] | [Control.HasFocus(9008) + !String.Contains(Control.GetLabel(9008),*)] | [Control.HasFocus(9009) + !String.Contains(Control.GetLabel(9009),*)] | [Control.HasFocus(9010) + !String.Contains(Control.GetLabel(9010),*)]</visible>
                </control>
            </control>
            <control type="grouplist" id="8000">
                <description>Control Area</description>
                <right>0</right>
                <width>580</width>
                <top>200</top>
                <height>650</height>
                <itemgap>15</itemgap>
                <orientation>vertical</orientation>
                <pagecontrol>60</pagecontrol>
                <usecontrolcoords>true</usecontrolcoords>
                        <control type="button" id="9001" description="Inicios">
                            <label>Tipos de Inicios</label>
							<width>580</width>
							<height>80</height>
							<align>center</align>	
							<texturefocus colordiffuse="ffe55e35" border="5">button-default.png</texturefocus>
							<texturenofocus border="5" colordiffuse="midgrey">button-default.png</texturenofocus>
							<onfocus>SetProperty(Image_Preview,ayuda/ayudainicio.png)</onfocus>
                        </control>
						<control type="button" id="9002" description="Skin">
                            <label>El Skin</label>
							<width>580</width>
							<height>80</height>
							<align>center</align>	
							<texturefocus colordiffuse="ffe55e35" border="5">button-default.png</texturefocus>
							<texturenofocus border="5" colordiffuse="midgrey">button-default.png</texturenofocus>
							<onfocus>SetProperty(Image_Preview,ayuda/ayudaskin.png)</onfocus>
						</control>
						<control type="button" id="9003" description="Consejos">
                            <label>Consejos</label>
							<width>580</width>
							<height>80</height>
							<align>center</align>	
							<texturefocus colordiffuse="ffe55e35" border="5">button-default.png</texturefocus>
							<texturenofocus border="5" colordiffuse="midgrey">button-default.png</texturenofocus>
							<onfocus>SetProperty(Image_Preview,ayuda/ayudaconsejos.png)</onfocus>
						</control>
						<control type="button" id="9004" description="Balandro">
                            <label>Addons de Contenido</label>
							<width>580</width>
							<height>80</height>
							<align>center</align>	
							<texturefocus colordiffuse="ffe55e35" border="5">button-default.png</texturefocus>
							<texturenofocus border="5" colordiffuse="midgrey">button-default.png</texturenofocus>
							<onfocus>SetProperty(Image_Preview,ayuda/ayudaaddons.png)</onfocus>
                        </control>
						<control type="button" id="9007" description="Continuar">
                            <label>Salir</label>
							<width>580</width>
							<height>80</height>
							<align>center</align>	
							<texturefocus colordiffuse="ffe55e35" border="5">button-default.png</texturefocus>
							<texturenofocus border="5" colordiffuse="midgrey">button-default.png</texturenofocus>
							<onclick>Back</onclick>
                        </control>
            </control>
        </control>
    </controls>
</window>
