<?xml version="1.0" encoding="UTF-8"?>
<!-- Foundation -->
<window type="dialog" id="1130">
    <defaultcontrol always="true">8000</defaultcontrol>
    <!-- <onunload>AlarmClock(reloadskin,ReloadSkin(),00:00,silent,false)</onunload> -->
    <controls>
        <include>background</include>
        <control type="group">
            <width>1820</width>
			<height>870</height>
			<control type="image">
				<top>80</top>
				<left>20</left>
				<width>1840</width>
				<height>870</height>
				<texture border="14">button-menu-background.png</texture>
			</control>	
            <control type="label">
				<top>100</top>
				<left>50</left>
				<width>700</width>
				<height>50</height>
                <label>[B]ADDON DE CONTENIDO[/B]</label>
            </control>
             <control type="label">
				<top>150</top>
				<left>50</left>
				<width>1800</width>
				<height>50</height>
				<font>stouch20</font>
                <label>Depedendiendo del addon que escojas, el inicio TV cambiará los enlaces de Películas y Series al addon escogido.</label>
            </control>
           <!-- Image -->
            <control type="group">
                <left>50</left>
                <width>1060</width>
                <top>210</top>
                <height>600</height>
                <control type="image">
                    <aspectratio scalediffuse="false">keep</aspectratio>
                    <texture background="true" fallback="special://skin/fanart.jpg" diffuse="diffuse/1117.png">$INFO[Window.Property(Image_Preview)]</texture>
                </control>
                <control type="image">
                    <aspectratio scalediffuse="false">center</aspectratio>
                    <visible>[Control.HasFocus(8001) + !String.Contains(Control.GetLabel(9001),*)] | [Control.HasFocus(9002) + !String.Contains(Control.GetLabel(9002),*)] | [Control.HasFocus(9003) + !String.Contains(Control.GetLabel(9003),*)] | [Control.HasFocus(9004) + !String.Contains(Control.GetLabel(9004),*)] | [Control.HasFocus(9005) + !String.Contains(Control.GetLabel(9005),*)] | [Control.HasFocus(9006) + !String.Contains(Control.GetLabel(9006),*)] | [Control.HasFocus(9007) + !String.Contains(Control.GetLabel(9007),*)] | [Control.HasFocus(9008) + !String.Contains(Control.GetLabel(9008),*)] | [Control.HasFocus(9009) + !String.Contains(Control.GetLabel(9009),*)] | [Control.HasFocus(9010) + !String.Contains(Control.GetLabel(9010),*)]</visible>
                </control>
            </control>

            <control type="grouplist" id="8000">
                <description>Control Area</description>
                <right>0</right>
                <width>680</width>
                <top>240</top>
                <height>800</height>
                <itemgap>10</itemgap>
                <orientation>vertical</orientation>
                <pagecontrol>60</pagecontrol>
                <usecontrolcoords>true</usecontrolcoords>
                        <control type="radiobutton" id="9001" description="Alfa">
							<radioposx>610</radioposx>
							<radiowidth>40</radiowidth>
							<radioheight>40</radioheight>
                            <label>Alfa</label>
							<width>680</width>
							<height>80</height>
							<texturefocus colordiffuse="ffe55e35" border="5">button-default.png</texturefocus>
							<texturenofocus border="5" colordiffuse="midgrey">button-default.png</texturenofocus>
							<onclick>Skin.SetBool(menu-alfa)</onclick>
							<onclick condition="!System.HasAddon(plugin.video.alfa)">InstallAddon(plugin.video.alfa)</onclick>															
							<onclick>Skin.ReloadSkin()</onclick>
							<onclick>Skin.Reset(menu-balandro)</onclick>
							<onclick>Skin.Reset(menu-cristal)</onclick>
							<selected>Skin.HasSetting(menu-alfa)</selected>
							<onfocus>SetProperty(Image_Preview,special://skin/resources/alfa.jpg)</onfocus>
                        </control>
                       <control type="radiobutton" id="9002" description="Balandro">
                            <include>Dialog_Standard_ListButton</include>
                            <radioposx>610</radioposx>
							<radiowidth>40</radiowidth>
							<radioheight>40</radioheight>
							<width>680</width>
							<height>80</height>
							<texturefocus colordiffuse="ffe55e35" border="5">button-default.png</texturefocus>
							<texturenofocus border="5" colordiffuse="midgrey">button-default.png</texturenofocus>
                            <label>Balandro</label>
							<onclick>Skin.SetBool(menu-balandro)</onclick>
							<onclick condition="!System.HasAddon(plugin.video.balandro)">InstallAddon(plugin.video.balandro)</onclick>															
							<onclick>Skin.ReloadSkin()</onclick>
							<onclick>Skin.Reset(menu-alfa)</onclick>
							<onclick>Skin.Reset(menu-cristal)</onclick>
							<selected>Skin.HasSetting(menu-balandro)</selected>
							<onfocus>SetProperty(Image_Preview,special://skin/resources/balandro.jpg)</onfocus>
                        </control>
                        <control type="radiobutton" id="9003" description="Cristal Azul">
                            <include>Dialog_Standard_ListButton</include>
                            <radioposx>610</radioposx>
							<radiowidth>40</radiowidth>
							<radioheight>40</radioheight>
							<width>680</width>
							<height>80</height>
							<texturefocus colordiffuse="ffe55e35" border="5">button-default.png</texturefocus>
							<texturenofocus border="5" colordiffuse="midgrey">button-default.png</texturenofocus>
                            <label>Cristal Azul</label>
							<onclick>Skin.SetBool(menu-cristal)</onclick>
							<onclick condition="!System.HasAddon(plugin.video.cristalazul)">InstallAddon(plugin.video.cristalazul)</onclick>															
							<onclick>Skin.ReloadSkin()</onclick>
							<onclick>Skin.Reset(menu-alfa)</onclick>
							<onclick>Skin.Reset(menu-balandro)</onclick>
							<selected>Skin.HasSetting(menu-cristal)</selected>
							<onfocus>SetProperty(Image_Preview,special://skin/resources/cristal.jpg)</onfocus>
                        </control>
                       <control type="button" id="9005" description="Continuar">
                            <include>Dialog_Standard_ListButton</include>
							<width>680</width>
							<height>80</height>
							<texturefocus colordiffuse="ffe55e35" border="5">button-default.png</texturefocus>
							<texturenofocus border="5" colordiffuse="midgrey">button-default.png</texturenofocus>
                            <label>[COLOR green]Continuar[/COLOR]</label>
							<onclick>Back</onclick>
                        </control>
						<control type="button" id="9006" description="Desactivar">
                            <include>Dialog_Standard_ListButton</include>
							<width>680</width>
							<height>80</height>
							<texturefocus colordiffuse="ffe55e35" border="5">button-default.png</texturefocus>
							<texturenofocus border="5" colordiffuse="midgrey">button-default.png</texturenofocus>
                            <label>[COLOR grey]Desactivar Addons[/COLOR]</label>
							<onclick>Back</onclick>
							<onclick>ActivateWindow(Videos,Addons,return)</onclick>
                        </control>
					   <control type="label" id="9007" description="Continuar">
							<top>100</top>
							<width>800</width>
							<scroll>false</scroll>
							<wrapmultiline>true</wrapmultiline>
							<font>stouch20</font>
							<label>Los menús, categorías, widgets, items y buscador enlazarán al addon que escojas.
Solo tendrá efecto en el inicio TV. 
En el inicio Táctil enlazará con Balandro.</label>
					 </control>	
           </control>
			<control type="textbox">
				<!-- Settings description area -->
				<left>50</left>
				<top>830</top>
				<width>1060</width>
				<height>80</height>
				<font>stouch20</font>
				<align>center</align>
				<label>$VAR[SkinSettingHelp]</label>
			</control>
        </control>
    </controls>
</window>
