<?xml version="1.0" encoding="utf-8"?>
<window>
	<defaultcontrol always="true">50</defaultcontrol>
	<menucontrol>9000</menucontrol>
	<views>50,51,52,54,57,58</views>
	<onload>ClearProperty(ShowScreenSettings,home)</onload>
	<onunload>ClearProperty(ShowScreenSettings,home)</onunload>
	<controls>
		<include>background</include>
		<include>fake-overlay</include>
		<control type="grouplist">
			<left>1170</left>
			<top>30</top>
			<width>auto</width>
			<height>108</height>
			<align>left</align>
			<aligny>center</aligny>
			<orientation>horizontal</orientation>
			<control type="label">
				<!-- Music screen heading -->
				<width max="600">auto</width>
				<height>93</height>
				<label>$VAR[MusicHeadings]</label>
				<font>stouch30</font>
				<wrapmultiline>true</wrapmultiline>
				<aligny>top</aligny>
			</control>
			<control type="label">
				<!-- Number of files -->
				<top>20</top>
				<width max="120">auto</width>
				<height>57</height>
				<label>$INFO[Container.NumItems,(,)]</label>
			</control>
		</control>
		<control type="group">
			<!-- Various Views of Music library node -->
			<visible>![String.IsEmpty(ListItem.Label) + String.IsEmpty(ListItem(1).Label)]</visible>
			<include file="View-Music.xml">AlbumListView</include>
			<!-- <include file="View-Music.xml">CategoryView</include> -->
			<include file="View-Music.xml">AlbumIconView</include>
			<include file="View-Music.xml">AlbumWrapView</include>
			<include file="View-Music.xml">AudioWallView</include>
			<include file="View-Music.xml">AlbumCoverflow</include>
		</control>
		<control type="group">
			<!-- No Label tag means music addon is busy pulling in content, so show a busy animation -->
			<visible>String.IsEmpty(ListItem.Label) + String.IsEmpty(ListItem(1).Label) + System.IdleTime(1) + !Window.IsVisible(busydialog)</visible>
			<include>fadebackground</include>
			<control type="image">
				<!-- Busy animation -->
				<left>864</left>
				<top>435</top>
				<width>192</width>
				<height>192</height>
				<texture>busy.png</texture>
				<aspectratio>keep</aspectratio>
				<include>busy-spin</include>
			</control>
		</control>
		<include>touch-controls</include>
		<include>hora</include>		
		<control type="group">
			<!-- Screen Settings Menu -->
			<left>0</left>
			<top>1080</top>
			<include>screen-settings</include>
			<include>fadebackground</include>
			<control type="image">
				<!-- Button background -->
				<left>690</left>
				<top>60</top>
				<width>592</width>
				<height>900</height>
				<texture border="14">button-menu-background.png</texture>
			</control>
			<control type="label">
				<!-- Dialog heading -->
				<left>708</left>
				<top>84</top>
				<width>558</width>
				<height>51</height>
				<font>stouch23</font>
				<label>$LOCALIZE[31557]$INFO[Container(9000).NumItems, (,)]</label>
				<align>center</align>
			</control>
			<control type="button">
				<!-- Touch Close button -->
				<left>1252</left>
				<top>42</top>
				<width>48</width>
				<height>48</height>
				<texturefocus>touch-close.png</texturefocus>
				<texturenofocus>touch-close.png</texturenofocus>
				<onclick condition="!String.IsEqual(Window(home).Property(ShowScreenSettings),show)">SetProperty(ShowScreenSettings,show,home)</onclick>
				<onclick condition="String.IsEqual(Window(home).Property(ShowScreenSettings),show)">ClearProperty(ShowScreenSettings,home)</onclick>
				
			</control>
			<control type="image">
				<left>708</left>
				<top>138</top>
				<width>558</width>
				<height>6</height>
				<texture>separator.png</texture>
			</control>
			<control type="grouplist" id="9000">
				<defaultcontrol>2</defaultcontrol>
				<left>708</left>
				<top>150</top>
				<width>558</width>
				<height>792</height>
				<itemgap>0</itemgap>
				<onright>ClearProperty(ShowScreenSettings,home)</onright>
				<onright>50</onright>
				<onleft>ClearProperty(ShowScreenSettings,home)</onleft>
				<onleft>50</onleft>
				<control type="button" id="2">
					<!-- View type -->
					<width>558</width>
					<height>72</height>
					<font>stouch22</font>
					<label>$LOCALIZE[100]</label>
					<textoffsetx>15</textoffsetx>
				</control>
				<control type="radiobutton" id="1198">
					<!-- Tilt icon list view -->
					<width>558</width>
					<height>72</height>
					<label>$LOCALIZE[31886]</label>
					<font>stouch22</font>
					<onclick>Skin.ToggleSetting(tiltmusiclisticon)</onclick>
					<selected>Skin.HasSetting(tiltmusiclisticon)</selected>
					<radioposx>495</radioposx>
					<textoffsetx>15</textoffsetx>
					<visible>String.EndsWith(Control.GetLabel(2),$LOCALIZE[31941])</visible>
				</control>
				<control type="radiobutton" id="1197">
					<!-- Tilt icon wall view -->
					<width>558</width>
					<height>72</height>
					<label>$LOCALIZE[31886]</label>
					<font>stouch22</font>
					<onclick>Skin.ToggleSetting(tiltmusicwallicon)</onclick>
					<selected>Skin.HasSetting(tiltmusicwallicon)</selected>
					<radioposx>495</radioposx>
					<textoffsetx>15</textoffsetx>
					<visible>String.EndsWith(Control.GetLabel(2),$LOCALIZE[31944])</visible>
				</control>
				<control type="radiobutton" id="208">
					<!-- Use Media case Toggle -->
					<width>558</width>
					<height>72</height>
					<label>$LOCALIZE[31869]</label>
					<font>stouch22</font>
					<onclick>Skin.ToggleSetting(media-case)</onclick>
					<selected>Skin.HasSetting(media-case)</selected>
					<radioposx>495</radioposx>
					<textoffsetx>15</textoffsetx>
				</control>
				<control type="button" id="3">
					<!-- Sort by -->
					<width>558</width>
					<height>72</height>
					<font>stouch22</font>
					<label>$LOCALIZE[103]</label>
					<textoffsetx>15</textoffsetx>
				</control>
				<control type="togglebutton" id="4">
					<!-- Sort direction -->
					<width>558</width>
					<height>72</height>
					<font>stouch22</font>
					<label>$LOCALIZE[21429]: $LOCALIZE[21430]</label>
					<altlabel>$LOCALIZE[21429]: $LOCALIZE[21431]</altlabel>
					<textoffsetx>15</textoffsetx>
				</control>
				<control type="button" id="211">
					<!-- Custom Genre Icons Button -->
					<width>558</width>
					<height>72</height>
					<label>$LOCALIZE[31879]</label>
					<font>stouch22</font>
					<onclick condition="!System.HasAddon(script.image.resource.select)">InstallAddon(script.image.resource.select)</onclick>
					<onclick condition="System.HasAddon(script.image.resource.select)">RunScript(script.image.resource.select,type=resource.images.musicgenreicons&amp;property=custom-musicgenresicons)</onclick>
					<textoffsetx>15</textoffsetx>
					<enable>[String.Contains(Control.GetLabel(2),$LOCALIZE[31941]) | String.Contains(Control.GetLabel(2),$LOCALIZE[31945])]</enable>
					<visible>Container.Content(genres)</visible>
				</control>
				<control type="button" id="8">
					<!-- Search -->
					<width>558</width>
					<height>72</height>
					<font>stouch22</font>
					<label>$LOCALIZE[137]</label>
					<textoffsetx>15</textoffsetx>
				</control>
				<control type="edit" id="19">
					<!-- Filter -->
					<width>558</width>
					<height>72</height>
					<font>stouch22</font>
					<label>$LOCALIZE[587]</label>
					<textwidth>510</textwidth>
					<textoffsetx>15</textoffsetx>
					<visible>!Container.CanFilterAdvanced</visible>
				</control>
				<control type="radiobutton" id="98">
					<!-- Advanced filter -->
					<width>558</width>
					<height>72</height>
					<label>$LOCALIZE[587]</label>
					<font>stouch22</font>
					<selected>Container.Filtered</selected>
					<onclick>Filter</onclick>
					<textoffsetx>15</textoffsetx>
					<radioposx>495</radioposx>
					<visible>Container.CanFilterAdvanced</visible>
				</control>
				<control type="button" id="16">
					<!-- Party mode -->
					<width>558</width>
					<height>72</height>
					<font>stouch22</font>
					<label>$LOCALIZE[589]</label>
					<textoffsetx>15</textoffsetx>
				</control>
				<control type="button" id="200">
					<!-- Clean library button -->
					<width>558</width>
					<height>72</height>
					<font>stouch22</font>
					<label>$LOCALIZE[334]</label>
					<onclick>CleanLibrary(music)</onclick>
					<textoffsetx>15</textoffsetx>
				</control>
				<control type="togglebutton" id="20">
					<!-- Update library -->
					<width>558</width>
					<height>72</height>
					<font>stouch22</font>
					<label>$LOCALIZE[653]</label>
					<altlabel>$LOCALIZE[13353]</altlabel>
					<usealttexture>library.isscanningmusic</usealttexture>
					<textoffsetx>15</textoffsetx>
				</control>
				<control type="button" id="1200">
					<!-- Player controls -->
					<width>558</width>
					<height>72</height>
					<font>stouch22</font>
					<label>$LOCALIZE[16003] $LOCALIZE[478]</label>
					<onclick>SetFocus(50)</onclick>
					<onclick condition="String.IsEqual(Window(home).Property(ShowScreenSettings),show)">ClearProperty(ShowScreenSettings,home)</onclick>
					<onclick>ActivateWindow(playercontrols)</onclick>
					<textoffsetx>15</textoffsetx>
					<visible>Player.HasAudio | Player.HasVideo</visible>
				</control>
				<control type="button" id="22">
					<!-- Now playing -->
					<width>558</width>
					<height>72</height>
					<font>stouch22</font>
					<label>$LOCALIZE[13350]</label>
					<onclick>ActivateWindow(musicplaylist)</onclick>
					<textoffsetx>15</textoffsetx>
					<visible>!String.IsEqual(Playlist.Length(music),0)</visible>
				</control>
			</control>
		</control>
		<!-- Show a iOS style page indicator to show which focus group has the current focus -->
		<!-- Focus group can be hidden or shown but is potentially focusable, that is it has not be disabled -->
		<control type="group">
			<visible>![String.IsEmpty(Container().ListItem.Label) + String.IsEmpty(Container().ListItem(1).Label)]</visible>
			<!-- Don't show markers until we have some content to show -->
			<control type="group">
				<visible>Control.IsVisible(50) | Control.IsVisible(52) | Control.IsVisible(58)</visible>
				<include content="page-indicator">
					<param name="indicatorleft" value="864" />
					<param name="indicatortop" value="0" />
					<param name="indicatorwidth" value="192" />
					<param name="indicatorheight" value="48" />
					<param name="indicatororientation" value="horizontal" />
					<param name="grp1indicate" value="[ControlGroup(9000).HasFocus()|String.IsEqual(Window(home).Property(ShowScreenSettings),show)]" />
					<param name="grp1visible" value="[!Skin.HasSetting(lock-screensettings)]" />
					<param name="grp2indicate" value="[Control.HasFocus(50)|Control.HasFocus(52)|Control.HasFocus(58)]" />
					<param name="grp2visible" value="[Control.IsVisible(50)|Control.IsVisible(52)|Control.IsVisible(58)]+[!Skin.HasSetting(lock-screensettings)|!String.IsEqual(Skin.String(show-scrollbar),$LOCALIZE[31877])]" />
					<param name="grp3indicate" value="[Control.HasFocus(1240)|Control.HasFocus(1242)|Control.HasFocus(1248)|Control.HasFocus(1260)|Control.HasFocus(1262)|Control.HasFocus(1268)]" />
					<param name="grp3visible" value="[Skin.HasSetting(show-letterbar)+[Container.Content(artists)|Container.Content(albums)|Container.Content(musicvideos)]]" />
					<param name="grp4indicate" value="[Control.HasFocus(1250)|Control.HasFocus(1252)|Control.HasFocus(1253)|Control.HasFocus(1258)]" />
					<param name="grp4visible" value="[!String.IsEqual(Skin.String(show-scrollbar),$LOCALIZE[31877])]" />
				</include>
			</control>
			<control type="group">
				<visible>Control.IsVisible(54) | Control.IsVisible(57)</visible>
				<include content="page-indicator">
					<param name="indicatorleft" value="0" />
					<param name="indicatortop" value="225" />
					<param name="indicatorwidth" value="48" />
					<param name="indicatorheight" value="192" />
					<param name="indicatororientation" value="vertical" />
					<param name="grp1indicate" value="[ControlGroup(9000).HasFocus()|String.IsEqual(Window(home).Property(ShowScreenSettings),show)]" />
					<param name="grp1visible" value="[!Skin.HasSetting(lock-screensettings)]" />
					<param name="grp2indicate" value="[Control.HasFocus(54)|Control.HasFocus(57)]" />
					<param name="grp2visible" value="[Control.IsVisible(54)|Control.IsVisible(57)]+[!Skin.HasSetting(lock-screensettings)|!String.IsEqual(Skin.String(show-scrollbar),$LOCALIZE[31877])]" />
					<param name="grp3indicate" value="[Control.HasFocus(1244)|Control.HasFocus(1247)|Control.HasFocus(1264)|Control.HasFocus(1267)]" />
					<param name="grp3visible" value="[Skin.HasSetting(show-letterbar)+[Container.Content(artists)|Container.Content(albums)|Container.Content(musicvideos)]]" />
					<param name="grp4indicate" value="[Control.HasFocus(1254)|Control.HasFocus(1257)]" />
					<param name="grp4visible" value="[!String.IsEqual(Skin.String(show-scrollbar),$LOCALIZE[31877])]" />
				</include>
			</control>
		</control>
	</controls>
</window>