<?xml version="1.0" encoding="utf-8"?>
<window>
	<defaultcontrol always="true">6000</defaultcontrol>
	<menucontrol>9000</menucontrol>
	<controls>
		<include>background</include>
		<control type="button" id="6000">
			<!-- Fake button to steal focus, don't show if Open weather map screen is showing -->
			<onleft>9000</onleft>
			<onright>noop</onright>
			<texturefocus>blank.png</texturefocus>
			<texturenofocus>blank.png</texturenofocus>
			<onclick>noop</onclick>
			<visible>![String.IsEqual(Skin.String(weather-view),$LOCALIZE[33035]) + [String.Contains(Weather.plugin,weather.openweathermap.extended) | String.Contains(Weather.plugin,weather.gismeteo)]]</visible>
		</control>
		<control type="label">
			<!-- Weather heading label -->
			<left>60</left>
			<top>75</top>
			<width>471</width>
			<height>48</height>
			<label>$LOCALIZE[31032]</label>
			<font>stouch30</font>
		</control>
		<control type="group">
			<visible>Weather.IsFetched</visible>
			<control type="group">
				<visible>!String.IsEmpty(Window(weather).Property(WeatherProviderLogo))</visible>
				<control type="image">
					<!-- Weather provider logo -->
					<left>27</left>
					<top>4</top>
					<width>270</width>
					<height>68</height>
					<colordiffuse>DropShadow</colordiffuse>
					<aspectratio>keep</aspectratio>
					<texture>$INFO[Window(weather).Property(WeatherProviderLogo)]</texture>
				</control>
				<control type="image">
					<!-- Weather provider logo (shadow) -->
					<left>26</left>
					<top>3</top>
					<width>270</width>
					<height>68</height>
					<aspectratio>keep</aspectratio>
					<texture>$INFO[Window(weather).Property(WeatherProviderLogo)]</texture>
				</control>
			</control>
			<control type="label">
				<!-- Weather provider label -->
				<left>26</left>
				<top>3</top>
				<width>954</width>
				<height>30</height>
				<font>stouch22</font>
				<label>$INFO[Window(weather).Property(WeatherProvider),$LOCALIZE[31536] - ]</label>
				<visible>String.IsEmpty(Window(weather).Property(WeatherProviderLogo))</visible>
			</control>
			<control type="label">
				<!-- Weather location label -->
				<left>26</left>
				<top>75</top>
				<width>954</width>
				<height>56</height>
				<font>stouch25</font>
				<include condition="Skin.HasSetting(text-autoscroll)">scrolltext</include>
				<label>$INFO[Window(weather).Property(Location)]</label>
			</control>
		</control>
		<include file="Includes_Weather.xml">standardweather</include>
		<include condition="String.Contains(Weather.plugin,weather.ozweather)" file="Includes_Weather.xml">ozweather</include>
		<include condition="String.Contains(Weather.plugin,weather.openweathermap.extended) | String.Contains(Weather.plugin,weather.gismeteo)" file="Includes_Weather.xml">openweatherextended</include>
		<control type="label">
			<!-- Update label -->
			<left>1350</left>
			<top>1028</top>
			<width>555</width>
			<height>38</height>
			<font>stouch20</font>
			<align>right</align>
			<label>$LOCALIZE[31531] $INFO[Window(weather).Property(Updated)]</label>
			<visible>!String.IsEmpty(Window(weather).Property(Updated))</visible>
		</control>
		<include>touch-controls</include>
		<include>hora</include>
		
		<control type="group">
			<!-- Screen Settings Menu -->
			<left>0</left>
			<top>1080</top>
			<include>screen-settings</include>
			<include>fadebackground</include>
			<control type="image">
				<!-- Button background -->
				<left>585</left>
				<top>180</top>
				<width>744</width>
				<height>621</height>
				<texture border="14">button-menu-background.png</texture>
			</control>
			<control type="label">
				<!-- Dialog heading -->
				<left>600</left>
				<top>195</top>
				<width>714</width>
				<height>51</height>
				<font>stouch23</font>
				<label>$LOCALIZE[31557]</label>
				<align>center</align>
			</control>
			<control type="button">
				<!-- Touch Close button -->
				<left>1298</left>
				<top>164</top>
				<width>48</width>
				<height>48</height>
				<texturefocus>touch-close.png</texturefocus>
				<texturenofocus>touch-close.png</texturenofocus>
				<onclick condition="!String.IsEqual(Window(home).Property(ShowScreenSettings),show)">SetProperty(ShowScreenSettings,show,home)</onclick>
				<onclick condition="String.IsEqual(Window(home).Property(ShowScreenSettings),show)">ClearProperty(ShowScreenSettings,home)</onclick>
				
			</control>
			<control type="image">
				<left>600</left>
				<top>249</top>
				<width>714</width>
				<height>6</height>
				<texture>separator.png</texture>
			</control>
			<control type="grouplist" id="9000">
				<defaultcontrol>200</defaultcontrol>
				<left>600</left>
				<top>258</top>
				<width>714</width>
				<height>525</height>
				<itemgap>0</itemgap>
				<onright>ClearProperty(ShowScreenSettings,home)</onright>
				<onright>6000</onright>
				<onleft>ClearProperty(ShowScreenSettings,home)</onleft>
				<onleft>6000</onleft>
				<control type="button" id="200">
					<!-- View (types of forecasts) -->
					<width>714</width>
					<height>75</height>
					<label>$LOCALIZE[31562] $INFO[Skin.String(weather-view)]</label>
					<onclick>$VAR[WeatherView]</onclick>
				</control>
				<control type="spincontrolex" id="3">
					<!-- Change location button -->
					<width>714</width>
					<height>75</height>
					<label>$LOCALIZE[21873] - </label>
				</control>
				<control type="button" id="2">
					<!-- Refresh button -->
					<width>714</width>
					<height>75</height>
				</control>
				<control type="button" id="208">
					<!-- Custom Weather Backgrounds Button -->
					<width>714</width>
					<height>75</height>
					<label>$LOCALIZE[31866]</label>
					<onclick condition="!System.HasAddon(script.image.resource.select)">InstallAddon(script.image.resource.select)</onclick>
					<onclick condition="System.HasAddon(script.image.resource.select)">SetFocus(6000)</onclick>
					<onclick condition="System.HasAddon(script.image.resource.select)">RunScript(script.image.resource.select,type=resource.images.weatherfanart&amp;property=background-customweather)</onclick>
				</control>
				<control type="button" id="209">
					<!-- Custom Weather Icons Button -->
					<width>714</width>
					<height>75</height>
					<label>$LOCALIZE[31873]</label>
					<onclick condition="!System.HasAddon(script.image.resource.select)">InstallAddon(script.image.resource.select)</onclick>
					<onclick condition="System.HasAddon(script.image.resource.select)">SetFocus(6000)</onclick>
					<onclick condition="System.HasAddon(script.image.resource.select)">RunScript(script.image.resource.select,type=resource.images.weathericons&amp;property=custom-weathericons)</onclick>
				</control>
				<control type="radiobutton" id="210">
					<!-- Alerts  -->
					<width>714</width>
					<height>75</height>
					<label>$LOCALIZE[33050]</label>
					<onclick>Skin.ToggleSetting(weather-alerts)</onclick>
					<selected>Skin.HasSetting(weather-alerts)</selected>
					<radioposx>660</radioposx>
					<enable>String.Contains(Weather.plugin,weather.openweathermap.extended)</enable>
				</control>
				<control type="button" id="4">
					<!-- Settings button -->
					<width>714</width>
					<height>75</height>
					<label>$LOCALIZE[1390]</label>
					<onclick>ActivateWindow(servicesettings,weather)</onclick>
					<onclick>Skin.SetString(weather-view,$LOCALIZE[10508])</onclick>
					<!-- Reset to standard weather view just in case provider changes -->
				</control>
			</control>
		</control>
		<control type="grouplist">
			<!-- Show indicator at top of screen to show there is a hidden menu -->
			<left>888</left>
			<top>0</top>
			<width>144</width>
			<height>48</height>
			<orientation>horizontal</orientation>
			<itemgap>0</itemgap>
			<align>center</align>
			<visible>!Skin.HasSetting(lock-screensettings)</visible>
			<control type="image">
				<width>48</width>
				<height>48</height>
				<texture>groupfocused.png</texture>
				<visible>[ControlGroup(9000).HasFocus() | String.IsEqual(Window(home).Property(ShowScreenSettings),show)] + !Skin.HasSetting(lock-screensettings)</visible>
			</control>
			<control type="image">
				<width>48</width>
				<height>48</height>
				<texture>groupunfocused.png</texture>
				<visible>![ControlGroup(9000).HasFocus() | String.IsEqual(Window(home).Property(ShowScreenSettings),show)] + !Skin.HasSetting(lock-screensettings)</visible>
			</control>
			<control type="image">
				<width>48</width>
				<height>48</height>
				<texture>groupfocused.png</texture>
				<visible>![ControlGroup(9000).HasFocus() | String.IsEqual(Window(home).Property(ShowScreenSettings),show) | Control.HasFocus(1250) | Control.HasFocus(1252) | Control.HasFocus(1253) | Control.HasFocus(1258)]</visible>
			</control>
			<control type="image">
				<width>48</width>
				<height>48</height>
				<texture>groupunfocused.png</texture>
				<visible>[ControlGroup(9000).HasFocus() | String.IsEqual(Window(home).Property(ShowScreenSettings),show) | Control.HasFocus(1250) | Control.HasFocus(1252) | Control.HasFocus(1253) | Control.HasFocus(1258)]</visible>
			</control>
		</control>
	</controls>
</window>