<?xml version="1.0" encoding="utf-8"?>
<window id="1155">
	<defaultcontrol always="true">317</defaultcontrol>
	<include>Animation_DialogPopupOpenClose</include>
	<backgroundcolor>background</backgroundcolor>
	<controls>
		<control type="image">
			<centerleft>50%</centerleft>
			<top>-170</top>
			<width>50%</width>
			<height>50%</height>
			<texture background="true">special://skin/extras/backgrounds/splash.png</texture>
		</control>	
		<control type="group">
			<centerleft>50%</centerleft>
			<top>50</top>
			<height>1000</height>
			<width>1200</width>
			<control type="textbox">
				<left>30</left>
				<top>220</top>
				<width>1200</width>
				<height>500</height>
				<shadowcolor>black</shadowcolor>
				<pagecontrol>3000</pagecontrol>
				<font>font13</font>
				<label>$LOCALIZE[31228]</label>
			</control>
			<control type="grouplist" id="9000">
				<orientation>vertical</orientation>
				<left>0</left>
				<top>365</top>
				<width>1200</width>
				<height>660</height>
				<align>center</align>
				<control type="radiobutton" id="317">
					<label>Bingie Helper $INFO[System.AddonVersion(script.bingie.helper),(,)] - Trailers</label>
					<textureradioonfocus colordiffuse="ffffffff">buttons/status-on.png</textureradioonfocus>
					<textureradioonnofocus colordiffuse="ffffffff">buttons/status-on.png</textureradioonnofocus>
					<textureradioofffocus colordiffuse="fff02222">buttons/status-off.png</textureradioofffocus>
					<textureradiooffnofocus colordiffuse="fff02222">buttons/status-off.png</textureradiooffnofocus>
					<onclick condition="!System.HasAddon(script.bingie.helper)">InstallAddon(script.bingie.helper)</onclick>
					<selected>System.HasAddon(script.bingie.helper)</selected>
					<include>DefaultSettingButton</include>
					<visible>Skin.HasSetting(home_netflix)</visible>
				</control>
				<control type="radiobutton" id="319">
					<label>InputStream Adaptive $INFO[System.AddonVersion(inputstream.adaptive),(,)] - Necesario para Trailer y Youtube</label>
					<textureradioonfocus colordiffuse="ffffffff">buttons/status-on.png</textureradioonfocus>
					<textureradioonnofocus colordiffuse="ffffffff">buttons/status-on.png</textureradioonnofocus>
					<textureradioofffocus colordiffuse="fff02222">buttons/status-off.png</textureradioofffocus>
					<textureradiooffnofocus colordiffuse="fff02222">buttons/status-off.png</textureradiooffnofocus>
					<onclick condition="!System.HasAddon(inputstream.adaptive)">InstallAddon(inputstream.adaptive)</onclick>
					<selected>System.HasAddon(inputstream.adaptive)</selected>
					<include>DefaultSettingButton</include>
					<visible>Skin.HasSetting(home_netflix)</visible>
				</control>
				<control type="radiobutton" id="320">
					<label>TV Show - Next Aired $INFO[System.AddonVersion(script.tv.show.next.aired),(,)] - Estado de las series de la videoteca</label>
					<textureradioonfocus colordiffuse="ffffffff">buttons/status-on.png</textureradioonfocus>
					<textureradioonnofocus colordiffuse="ffffffff">buttons/status-on.png</textureradioonnofocus>
					<textureradioofffocus colordiffuse="fff02222">buttons/status-off.png</textureradioofffocus>
					<textureradiooffnofocus colordiffuse="fff02222">buttons/status-off.png</textureradiooffnofocus>
					<onclick condition="!System.HasAddon(script.tv.show.next.aired)">InstallAddon(script.tv.show.next.aired)</onclick>
					<selected>System.HasAddon(script.tv.show.next.aired)</selected>
					<include>DefaultSettingButton</include>
					<visible>Skin.HasSetting(alfa-content)</visible>
				</control>
				<control type="radiobutton" id="323">
					<label>AutoCompletion for virtual keyboard $INFO[System.AddonVersion(plugin.program.autocompletion),(,)] - Autocompletar Textos</label>
					<textureradioonfocus colordiffuse="ffffffff">buttons/status-on.png</textureradioonfocus>
					<textureradioonnofocus colordiffuse="ffffffff">buttons/status-on.png</textureradioonnofocus>
					<textureradioofffocus colordiffuse="fff02222">buttons/status-off.png</textureradioofffocus>
					<textureradiooffnofocus colordiffuse="fff02222">buttons/status-off.png</textureradiooffnofocus>
					<onclick condition="!System.HasAddon(plugin.program.autocompletion)">InstallAddon(plugin.program.autocompletion)</onclick>
					<selected>System.HasAddon(plugin.program.autocompletion)</selected>
					<include>DefaultSettingButton</include>
				</control>
				<control type="radiobutton" id="324">
					<label>a4kSubtitles $INFO[System.AddonVersion(service.subtitles.a4ksubtitles),(,)] - Subtítulos</label>
					<textureradioonfocus colordiffuse="ffffffff">buttons/status-on.png</textureradioonfocus>
					<textureradioonnofocus colordiffuse="ffffffff">buttons/status-on.png</textureradioonnofocus>
					<textureradioofffocus colordiffuse="fff02222">buttons/status-off.png</textureradioofffocus>
					<textureradiooffnofocus colordiffuse="fff02222">buttons/status-off.png</textureradiooffnofocus>
					<onclick condition="!System.HasAddon(repository.a4ksubtitles)">InstallAddon(repository.a4ksubtitles)</onclick>
					<onclick condition="!System.HasAddon(service.subtitles.a4ksubtitles)">InstallAddon(service.subtitles.a4ksubtitles)</onclick>
					<onclick condition="System.HasAddon(service.subtitles.a4ksubtitles)">Addon.OpenSettings(service.subtitles.a4ksubtitles)</onclick>
					<selected>System.HasAddon(service.subtitles.a4ksubtitles)</selected>
					<include>DefaultSettingButton</include>
				</control>
				<control type="radiobutton" id="325">
					<label>Horus $INFO[System.AddonVersion(script.module.horus),(,)] - Requerido para ver Deportes</label>
					<textureradioonfocus colordiffuse="ffffffff">buttons/status-on.png</textureradioonfocus>
					<textureradioonnofocus colordiffuse="ffffffff">buttons/status-on.png</textureradioonnofocus>
					<textureradioofffocus colordiffuse="fff02222">buttons/status-off.png</textureradioofffocus>
					<textureradiooffnofocus colordiffuse="fff02222">buttons/status-off.png</textureradiooffnofocus>
					<onclick condition="!System.HasAddon(script.module.horus)">InstallAddon(script.module.horus)</onclick>
					<onclick condition="System.HasAddon(script.module.horus)">Addon.OpenSettings(script.module.horus)</onclick>
					<selected>System.HasAddon(script.module.horus)</selected>
					<include>DefaultSettingButton</include>
					<visible>System.HasAddon(plugin.video.winner)</visible>
				</control>
				<control type="radiobutton" id="322">
					<label>Torrest $INFO[System.AddonVersion(plugin.video.torrest),(,)] - Gestor de enlaces Torrent para Películas y Series</label>
					<textureradioonfocus colordiffuse="ffffffff">buttons/status-on.png</textureradioonfocus>
					<textureradioonnofocus colordiffuse="ffffffff">buttons/status-on.png</textureradioonnofocus>
					<textureradioofffocus colordiffuse="fff02222">buttons/status-off.png</textureradioofffocus>
					<textureradiooffnofocus colordiffuse="fff02222">buttons/status-off.png</textureradiooffnofocus>
					<onclick condition="!System.HasAddon(plugin.video.torrest)">InstallAddon(plugin.video.torrest)</onclick>																		
					<selected>System.HasAddon(plugin.video.torrest)</selected>
					<include>DefaultSettingButton</include>
				</control>
				<control type="button" id="308">
					<height>100</height>
					<label>$LOCALIZE[31201]</label>
					<font>font25_title</font>
					<textoffsetx>30</textoffsetx>
					<onclick>Skin.SetBool(RequiredAddons,true)</onclick>
					<onclick>Dialog.Close(1155)</onclick>
					<onclick condition="Skin.HasSetting(alfa-content)">ActivateWindow(1150)</onclick>
					<onclick condition="Skin.HasSetting(balandro-content)">ActivateWindow(1151)</onclick>
					<align>center</align>
					<texturefocus border="40" colordiffuse="$VAR[SkinColorVar]">buttons/dialogbutton-fo.png</texturefocus>
					<texturenofocus border="40">buttons/dialogbutton-nofo.png</texturenofocus>
				</control>
			</control>
		</control>
	</controls>
</window>