<?xml version="1.0" encoding="utf-8"?>
<fonts>
	<fontset id="Default" unicode="true">
		<font>
			<name>SortLetter</name>
			<filename>NotoMono-Regular.ttf</filename>
			<style>bold</style>
			<size>36</size>
		</font>
		<font>
			<name>JumpToLetter</name>
			<filename>NotoSans-Bold.ttf</filename>
			<size>18</size>
		</font>
		<font>
			<name>PopUpText</name>
			<filename>NotoSans-Medium.ttf</filename>
			<style>lighten</style>
			<size>28</size>
		</font>
		<font>
			<name>StartupText</name>
			<filename>NotoSans-Medium.ttf</filename>
			<style>lighten</style>
			<size>24</size>
		</font>
		<font>
			<name>BubbleFont</name>
			<filename>NotoSans-Bold.ttf</filename>
			<size>20</size>
		</font>
		<font>
			<name>MpaaFont</name>
			<filename>NotoSans-Bold.ttf</filename>
			<size>16</size>
		</font>
		<font>
			<name>OSDTopFont</name>
			<filename>NotoSans-Bold.ttf</filename>
			<size>28</size>
		</font>
		<font>
			<name>Button</name>
			<filename>NotoSans-Bold.ttf</filename>
			<size>21</size>
		</font>
		<!-- Material Icons -->
		<font>
			<name>Material150</name>
			<filename>materialdesignicons-webfont.ttf</filename>
			<size>150</size>
		</font>
		<font>
			<name>Material100</name>
			<filename>materialdesignicons-webfont.ttf</filename>
			<size>100</size>
		</font>
		<font>
			<name>Material80</name>
			<filename>materialdesignicons-webfont.ttf</filename>
			<size>80</size>
		</font>
		<font>
			<name>Material70</name>
			<filename>materialdesignicons-webfont.ttf</filename>
			<size>70</size>
		</font>
		<font>
			<name>Material60</name>
			<filename>materialdesignicons-webfont.ttf</filename>
			<size>60</size>
		</font>
		<font>
			<name>Material50</name>
			<filename>materialdesignicons-webfont.ttf</filename>
			<size>50</size>
		</font>
		<font>
			<name>Material49</name>
			<filename>materialdesignicons-webfont.ttf</filename>
			<size>49</size>
		</font>
		<font>
			<name>Material44</name>
			<filename>materialdesignicons-webfont.ttf</filename>
			<size>44</size>
		</font>
		<font>
			<name>Material40</name>
			<filename>materialdesignicons-webfont.ttf</filename>
			<size>40</size>
		</font>
		<font>
			<name>Material38</name>
			<filename>materialdesignicons-webfont.ttf</filename>
			<size>38</size>
		</font>
		<font>
			<name>Material36</name>
			<filename>materialdesignicons-webfont.ttf</filename>
			<size>36</size>
		</font>
		<font>
			<name>Material34</name>
			<filename>materialdesignicons-webfont.ttf</filename>
			<size>34</size>
		</font>
		<font>
			<name>Material30</name>
			<filename>materialdesignicons-webfont.ttf</filename>
			<size>30</size>
		</font>
		<font>
			<name>Material28</name>
			<filename>materialdesignicons-webfont.ttf</filename>
			<size>28</size>
		</font>
		<font>
			<name>Material26</name>
			<filename>materialdesignicons-webfont.ttf</filename>
			<size>26</size>
		</font>
		<font>
			<name>Material24</name>
			<filename>materialdesignicons-webfont.ttf</filename>
			<size>24</size>
		</font>
		<font>
			<name>Material22</name>
			<filename>materialdesignicons-webfont.ttf</filename>
			<size>22</size>
		</font>
		<font>
			<name>Material20</name>
			<filename>materialdesignicons-webfont.ttf</filename>
			<size>20</size>
		</font>
		<font>
			<name>Material18</name>
			<filename>materialdesignicons-webfont.ttf</filename>
			<size>18</size>
		</font>
		<font>
			<name>Material16</name>
			<filename>materialdesignicons-webfont.ttf</filename>
			<size>16</size>
		</font>
		<!-- invisible -->
		<font>
			<name>invisible</name>
			<filename>invisible1.ttf</filename>
			<linespacing>1.18</linespacing>
			<size>10</size>
		</font>
		<!-- Regular -->
		<font>
			<name>Reg37</name>
			<filename>NotoSans-Medium.ttf</filename>
			<size>37</size>
		</font>
		<font>
			<name>Reg32</name>
			<filename>NotoSans-Medium.ttf</filename>
			<size>32</size>
		</font>
		<font>
			<name>Reg30</name>
			<filename>NotoSans-Medium.ttf</filename>
			<size>30</size>
		</font>
		<font>
			<name>Reg28</name>
			<filename>NotoSans-Medium.ttf</filename>
			<size>28</size>
		</font>
		<font>
			<name>Reg27</name>
			<filename>NotoSans-Medium.ttf</filename>
			<size>27</size>
		</font>
		<font>
			<name>Reg25</name>
			<filename>NotoSans-Medium.ttf</filename>
			<size>25</size>
		</font>
		<font>
			<name>Reg24</name>
			<filename>NotoSans-Medium.ttf</filename>
			<size>24</size>
		</font>
		<font>
			<name>Reg23</name>
			<filename>NotoSans-Medium.ttf</filename>
			<size>23</size>
		</font>
		<font>
			<name>Reg22</name>
			<filename>NotoSans-Medium.ttf</filename>
			<size>22</size>
		</font>
		<font>
			<name>Reg22_monofied</name>
			<filename>NotoMono-Regular.ttf</filename>
			<size>22</size>
		</font>
		<font>
			<name>Reg20</name>
			<filename>NotoSans-Medium.ttf</filename>
			<size>20</size>
		</font>
		<font>
			<name>Reg18</name>
			<filename>NotoSans-Medium.ttf</filename>
			<size>18</size>
		</font>
		<font>
			<name>Reg16</name>
			<filename>NotoSans-Medium.ttf</filename>
			<size>16</size>
		</font>
		<font>
			<name>Reg14</name>
			<filename>NotoSans-Medium.ttf</filename>
			<size>14</size>
		</font>
		<!-- Light -->
		<font>
			<name>Light148</name>
			<filename>NotoSans-Medium.ttf</filename>
			<style>lighten</style>
			<size>148</size>
		</font>
		<font>
			<name>Light144</name>
			<filename>NotoSans-Medium.ttf</filename>
			<style>lighten</style>
			<size>144</size>
		</font>
		<font>
			<name>Light80</name>
			<filename>NotoSans-Medium.ttf</filename>
			<style>lighten</style>
			<size>80</size>
		</font>
		<font>
			<name>Light60</name>
			<filename>NotoSans-Medium.ttf</filename>
			<style>lighten</style>
			<size>60</size>
		</font>
		<font>
			<name>Light49</name>
			<filename>NotoSans-Medium.ttf</filename>
			<style>lighten</style>
			<size>49</size>
		</font>
		<font>
			<name>Light48</name>
			<filename>NotoSans-Medium.ttf</filename>
			<style>lighten</style>
			<size>48</size>
		</font>
		<font>
			<name>Light40</name>
			<filename>NotoSans-Medium.ttf</filename>
			<style>lighten</style>
			<size>40</size>
		</font>
		<font>
			<name>Light39</name>
			<filename>NotoSans-Medium.ttf</filename>
			<style>lighten</style>
			<size>39</size>
		</font>
		<font>
			<name>Light38</name>
			<filename>NotoSans-Medium.ttf</filename>
			<style>lighten</style>
			<size>38</size>
		</font>
		<font>
			<name>Light36</name>
			<filename>NotoSans-Medium.ttf</filename>
			<style>lighten</style>
			<size>36</size>
		</font>
		<font>
			<name>Light35</name>
			<filename>NotoSans-Medium.ttf</filename>
			<style>lighten</style>
			<size>35</size>
		</font>
		<font>
			<name>Light32</name>
			<filename>NotoSans-Medium.ttf</filename>
			<style>lighten</style>
			<size>32</size>
		</font>
		<font>
			<name>Light31</name>
			<filename>NotoSans-Medium.ttf</filename>
			<style>lighten</style>
			<size>31</size>
		</font>
		<font>
			<name>Light30</name>
			<filename>NotoSans-Medium.ttf</filename>
			<style>lighten</style>
			<size>30</size>
		</font>
		<font>
			<name>Light28</name>
			<filename>NotoSans-Medium.ttf</filename>
			<style>lighten</style>
			<size>28</size>
		</font>
		<font>
			<name>Light27</name>
			<filename>NotoSans-Medium.ttf</filename>
			<style>lighten</style>
			<size>27</size>
		</font>
		<font>
			<name>Light26</name>
			<filename>NotoSans-Medium.ttf</filename>
			<style>lighten</style>
			<size>26</size>
		</font>
		<font>
			<name>Light24</name>
			<filename>NotoSans-Medium.ttf</filename>
			<style>lighten</style>
			<size>24</size>
		</font>
		<font>
			<name>Light24</name>
			<filename>NotoSans-Medium.ttf</filename>
			<style>lighten</style>
			<size>24</size>
		</font>
		<font>
			<name>Light23</name>
			<filename>NotoSans-Medium.ttf</filename>
			<style>lighten</style>
			<size>23</size>
		</font>
		<font>
			<name>Light22</name>
			<filename>NotoSans-Medium.ttf</filename>
			<style>lighten</style>
			<size>22</size>
		</font>
		<font>
			<name>Light16</name>
			<filename>NotoSans-Medium.ttf</filename>
			<style>lighten</style>
			<size>16</size>
		</font>
		<!-- Medium -->
		<font>
			<name>Med16</name>
			<filename>NotoSans-Bold.ttf</filename>
			<size>16</size>
		</font>
		<font>
			<name>Med17</name>
			<filename>NotoSans-Bold.ttf</filename>
			<size>17</size>
		</font>
		<font>
			<name>Med18</name>
			<filename>NotoSans-Bold.ttf</filename>
			<size>18</size>
		</font>
		<font>
			<name>Med20</name>
			<filename>NotoSans-Bold.ttf</filename>
			<size>20</size>
		</font>
		<font>
			<name>Med22</name>
			<filename>NotoSans-Bold.ttf</filename>
			<size>22</size>
		</font>
		<font>
			<name>Med23</name>
			<filename>NotoSans-Bold.ttf</filename>
			<size>23</size>
		</font>
		<font>
			<name>Med24</name>
			<filename>NotoSans-Bold.ttf</filename>
			<size>24</size>
		</font>
		<font>
			<name>Med26</name>
			<filename>NotoSans-medium.ttf</filename>
			<size>26</size>
		</font>
		<font>
			<name>Med28</name>
			<filename>NotoSans-Bold.ttf</filename>
			<size>28</size>
		</font>
		<font>
			<name>Med30</name>
			<filename>NotoSans-Bold.ttf</filename>
			<size>30</size>
		</font>
		<font>
			<name>Med34</name>
			<filename>NotoSans-Bold.ttf</filename>
			<size>34</size>
		</font>
		<font>
			<name>Med36</name>
			<filename>NotoSans-Bold.ttf</filename>
			<size>36</size>
		</font>
		<font>
			<name>Med40</name>
			<filename>NotoSans-Bold.ttf</filename>
			<size>40</size>
		</font>
		<!-- Bold -->
		<font>
			<name>Bold70</name>
			<filename>NotoSans-Bold.ttf</filename>
			<style>bold</style>
			<size>70</size>
		</font>
		<font>
			<name>Bold18</name>
			<filename>NotoSans-Bold.ttf</filename>
			<style>bold</style>
			<size>18</size>
		</font>
		<!-- Lyric fonts -->
		<font>
			<name>lyr1</name>
			<filename>lyrics/Theboldfont.ttf</filename>
			<linespacing>0.9</linespacing>
			<size>120</size>
		</font>
		<font>
			<name>lyr1b</name>
			<filename>lyrics/PollerOne.ttf</filename>
			<aspect>0.9</aspect>
			<size>60</size>
		</font>
		<font>
			<name>lyr2</name>
			<filename>lyrics/SF Distant Galaxy.ttf</filename>
			<style>lowercase</style>
			<linespacing>0.9</linespacing>
			<size>120</size>
		</font>
		<font>
			<name>lyr2b</name>
			<filename>lyrics/Fredoka One.ttf</filename>
			<linespacing>0.9</linespacing>
			<size>58</size>
		</font>
		<font>
			<name>lyr3</name>
			<filename>lyrics/Luckiest Guy.ttf</filename>
			<style>uppercase</style>
			<linespacing>0.9</linespacing>
			<size>125</size>
		</font>
		<font>
			<name>lyr3b</name>
			<filename>lyrics/Exo2-BlackItalic.ttf</filename>
			<linespacing>0.85</linespacing>
			<size>62</size>
		</font>
		<font>
			<name>lyr4</name>
			<filename>lyrics/Geomancy - Extra Bold.ttf</filename>
			<linespacing>0.9</linespacing>
			<size>120</size>
		</font>
		<font>
			<name>lyr4b</name>
			<filename>lyrics/Ranchers-Regular.ttf</filename>
			<aspect>1.4</aspect>
			<linespacing>0.9</linespacing>
			<size>54</size>
		</font>
		<font>
			<name>lyr5</name>
			<filename>lyrics/BOXING.ttf</filename>
			<aspect>1.3</aspect>
			<style>lowercase</style>
			<linespacing>0.9</linespacing>
			<size>104</size>
		</font>
		<font>
			<name>lyr5b</name>
			<filename>lyrics/nasalization-rg.ttf</filename>
			<style>bold</style>
			<size>54</size>
		</font>
		<font>
			<name>lyr6</name>
			<filename>lyrics/Theboldfont.ttf</filename>
			<linespacing>0.9</linespacing>
			<size>120</size>
		</font>
		<font>
			<name>lyr6b</name>
			<filename>lyrics/PollerOne.ttf</filename>
			<aspect>0.9</aspect>
			<size>60</size>
		</font>
		<font>
			<name>lyr7</name>
			<style>uppercase</style>
			<filename>lyrics/Luckiest Guy.ttf</filename>
			<size>110</size>
		</font>
		<font>
			<name>lyr7a</name>
			<style>uppercase</style>
			<filename>lyrics/Luckiest Guy.ttf</filename>
			<size>155</size>
		</font>
		<font>
			<name>lyr7b</name>
			<style>uppercase</style>
			<filename>lyrics/Luckiest Guy.ttf</filename>
			<size>205</size>
		</font>
		<font>
			<name>lyr7c</name>
			<filename>lyrics/Exo2-BlackItalic.ttf</filename>
			<linespacing>0.85</linespacing>
			<size>60</size>
		</font>
		<font>
			<name>lyr8</name>
			<filename>lyrics/SF Distant Galaxy.ttf</filename>
			<style>lowercase</style>
			<linespacing>0.9</linespacing>
			<size>120</size>
		</font>
		<font>
			<name>lyr8b</name>
			<filename>lyrics/nasalization-rg.ttf</filename>
			<style>bold</style>
			<size>54</size>
		</font>
		<font>
			<name>lyr9</name>
			<filename>lyrics/Geomancy - Extra Bold.ttf</filename>
			<linespacing>0.9</linespacing>
			<size>130</size>
		</font>
		<font>
			<name>lyr9b</name>
			<filename>lyrics/Fredoka One.ttf</filename>
			<linespacing>0.9</linespacing>
			<size>58</size>
		</font>
		<font>
			<name>lyr10</name>
			<filename>lyrics/SF Distant Galaxy.ttf</filename>
			<style>lowercase</style>
			<linespacing>0.9</linespacing>
			<size>120</size>
		</font>
		<font>
			<name>lyr10b</name>
			<filename>lyrics/Ranchers-Regular.ttf</filename>
			<aspect>1.4</aspect>
			<linespacing>0.9</linespacing>
			<size>52</size>
		</font>
		<font>
			<name>lyr11</name>
			<filename>lyrics/Theboldfont.ttf</filename>
			<linespacing>0.9</linespacing>
			<size>120</size>
		</font>
		<font>
			<name>lyr11b</name>
			<filename>lyrics/PollerOne.ttf</filename>
			<aspect>0.9</aspect>
			<size>60</size>
		</font>
		<font>
			<name>lyr12</name>
			<filename>lyrics/BOXING.ttf</filename>
			<style>lowercase</style>
			<linespacing>0.9</linespacing>
			<size>275</size>
		</font>
		<font>
			<name>lyr12b</name>
			<filename>lyrics/BOXING.ttf</filename>
			<style>lowercase</style>
			<linespacing>0.9</linespacing>
			<size>165</size>
		</font>
		<font>
			<name>lyr12c</name>
			<filename>lyrics/BOXING.ttf</filename>
			<style>lowercase</style>
			<linespacing>0.9</linespacing>
			<size>220</size>
		</font>
		<font>
			<name>lyr12d</name>
			<filename>lyrics/Fredoka One.ttf</filename>
			<linespacing>0.9</linespacing>
			<size>58</size>
		</font>
		<font>
			<name>lyr13</name>
			<filename>lyrics/SF Distant Galaxy.ttf</filename>
			<style>lowercase</style>
			<linespacing>0.9</linespacing>
			<size>120</size>
		</font>
		<font>
			<name>lyr13b</name>
			<filename>lyrics/Exo2-BlackItalic.ttf</filename>
			<linespacing>0.85</linespacing>
			<size>62</size>
		</font>
		<font>
			<name>lyr14</name>
			<style>uppercase</style>
			<filename>lyrics/Luckiest Guy.ttf</filename>
			<size>140</size>
		</font>
		<font>
			<name>lyr14b</name>
			<filename>lyrics/Ranchers-Regular.ttf</filename>
			<aspect>1.4</aspect>
			<linespacing>0.9</linespacing>
			<size>54</size>
		</font>
		<font>
			<name>lyr15</name>
			<filename>lyrics/Geomancy - Extra Bold.ttf</filename>
			<linespacing>0.9</linespacing>
			<size>130</size>
		</font>
		<font>
			<name>lyr15b</name>
			<filename>lyrics/nasalization-rg.ttf</filename>
			<style>bold</style>
			<size>56</size>
		</font>
		<font>
			<name>lyrsh16</name>
			<filename>lyrics/PollerOne.ttf</filename>
			<aspect>0.9</aspect>
			<size>76</size>
		</font>
		<font>
			<name>lyrsh38</name>
			<filename>lyrics/Exo2-BlackItalic.ttf</filename>
			<linespacing>0.85</linespacing>
			<size>86</size>
		</font>
		<font>
			<name>lyrsh50</name>
			<filename>lyrics/nasalization-rg.ttf</filename>
			<style>bold</style>
			<size>74</size>
		</font>
		<font>
			<name>lyrsh72</name>
			<filename>lyrics/Fredoka One.ttf</filename>
			<linespacing>0.9</linespacing>
			<size>88</size>
		</font>
		<font>
			<name>lyrsh94</name>
			<filename>lyrics/Ranchers-Regular.ttf</filename>
			<aspect>1.4</aspect>
			<linespacing>0.9</linespacing>
			<size>78</size>
		</font>
		<!-- Estuary Fallback Fonts -->
		<font>
			<name>font10</name>
			<filename>NotoSans-Medium.ttf</filename>
			<size>23</size>
		</font>
		<font>
			<name>font12</name>
			<filename>NotoSans-Medium.ttf</filename>
			<size>25</size>
		</font>
		<font>
			<name>font13</name>
			<filename>NotoSans-Medium.ttf</filename>
			<size>30</size>
		</font>
		<font>
			<name>font14</name>
			<filename>NotoSans-Medium.ttf</filename>
			<size>33</size>
		</font>
		<font>
			<name>font25_narrow</name>
			<filename>NotoSans-Medium.ttf</filename>
			<size>25</size>
			<linespacing>0.8</linespacing>
		</font>
		<font>
			<name>font27</name>
			<filename>NotoSans-Medium.ttf</filename>
			<size>27</size>
		</font>
		<font>
			<name>font27_narrow</name>
			<filename>NotoSans-Medium.ttf</filename>
			<size>25</size>
			<linespacing>0.8</linespacing>
		</font>
		<font>
			<name>font37</name>
			<filename>NotoSans-Medium.ttf</filename>
			<size>37</size>
		</font>
		<font>
			<name>font45</name>
			<filename>NotoSans-Medium.ttf</filename>
			<size>45</size>
		</font>
		<font>
			<name>font60</name>
			<filename>NotoSans-Medium.ttf</filename>
			<size>60</size>
		</font>
		<font>
			<name>font_clock</name>
			<filename>NotoSans-Medium.ttf</filename>
			<size>70</size>
		</font>
		<font>
			<name>font_flag</name>
			<filename>NotoSans-Bold.ttf</filename>
			<size>18</size>
		</font>
		<font>
			<name>font20_title</name>
			<filename>NotoSans-Bold.ttf</filename>
			<size>20</size>
		</font>
		<font>
			<name>font25_title</name>
			<filename>NotoSans-Bold.ttf</filename>
			<size>25</size>
		</font>
		<font>
			<name>font30_title</name>
			<filename>NotoSans-Bold.ttf</filename>
			<size>30</size>
		</font>
		<font>
			<name>font32_title</name>
			<filename>NotoSans-Bold.ttf</filename>
			<size>32</size>
		</font>
		<font>
			<name>font36_title</name>
			<filename>NotoSans-Bold.ttf</filename>
			<size>36</size>
		</font>
		<font>
			<name>font45_title</name>
			<filename>NotoSans-Bold.ttf</filename>
			<size>45</size>
		</font>
		<font>
			<name>font52_title</name>
			<filename>NotoSans-Bold.ttf</filename>
			<size>52</size>
		</font>
		<font>
			<name>font_MainMenu</name>
			<filename>NotoSans-Bold.ttf</filename>
			<size>60</size>
		</font>
		<font>
			<name>WeatherTemp</name>
			<aspect>0.85</aspect>
			<filename>NotoSans-Bold.ttf</filename>
			<size>120</size>
		</font>
		<font>
			<name>Mono30</name>
			<filename>NotoMono-Regular.ttf</filename>
			<size>30</size>
		</font>
	</fontset>
	<fontset id="Arial" unicode="true">
		<font>
			<name>SortLetter</name>
			<filename>arial.ttf</filename>
			<style>bold</style>
			<linespacing>1.18</linespacing>
			<size>38</size>
		</font>
		<font>
			<name>JumpToLetter</name>
			<filename>arial.ttf</filename>
			<linespacing>1.18</linespacing>
			<style>bold</style>
			<size>18</size>
		</font>
		<font>
			<name>PopUpText</name>
			<filename>arial.ttf</filename>
			<linespacing>1.18</linespacing>
			<style>lighten</style>
			<size>28</size>
		</font>
		<font>
			<name>BubbleFont</name>
			<filename>arial.ttf</filename>
			<style>bold</style>
			<aspect>0.95</aspect>
			<size>18</size>
		</font>
		<font>
			<name>MpaaFont</name>
			<filename>arial.ttf</filename>
			<style>bold</style>
			<linespacing>1.18</linespacing>
			<aspect>0.95</aspect>
			<size>16</size>
		</font>
		<font>
			<name>OSDTopFont</name>
			<filename>arial.ttf</filename>
			<style>bold</style>
			<aspect>0.95</aspect>
			<size>28</size>
		</font>
		<font>
			<name>Button</name>
			<filename>arial.ttf</filename>
			<style>bold</style>
			<aspect>0.95</aspect>
			<size>21</size>
		</font>
		<!-- Material Icons -->
		<font>
			<name>Material150</name>
			<filename>materialdesignicons-webfont.ttf</filename>
			<size>150</size>
		</font>
		<font>
			<name>Material100</name>
			<filename>materialdesignicons-webfont.ttf</filename>
			<size>100</size>
		</font>
		<font>
			<name>Material80</name>
			<filename>materialdesignicons-webfont.ttf</filename>
			<size>80</size>
		</font>
		<font>
			<name>Material70</name>
			<filename>materialdesignicons-webfont.ttf</filename>
			<size>70</size>
		</font>
		<font>
			<name>Material60</name>
			<filename>materialdesignicons-webfont.ttf</filename>
			<size>60</size>
		</font>
		<font>
			<name>Material50</name>
			<filename>materialdesignicons-webfont.ttf</filename>
			<size>50</size>
		</font>
		<font>
			<name>Material49</name>
			<filename>materialdesignicons-webfont.ttf</filename>
			<size>49</size>
		</font>
		<font>
			<name>Material44</name>
			<filename>materialdesignicons-webfont.ttf</filename>
			<size>44</size>
		</font>
		<font>
			<name>Material40</name>
			<filename>materialdesignicons-webfont.ttf</filename>
			<size>40</size>
		</font>
		<font>
			<name>Material38</name>
			<filename>materialdesignicons-webfont.ttf</filename>
			<size>38</size>
		</font>
		<font>
			<name>Material36</name>
			<filename>materialdesignicons-webfont.ttf</filename>
			<size>36</size>
		</font>
		<font>
			<name>Material34</name>
			<filename>materialdesignicons-webfont.ttf</filename>
			<size>34</size>
		</font>
		<font>
			<name>Material30</name>
			<filename>materialdesignicons-webfont.ttf</filename>
			<size>30</size>
		</font>
		<font>
			<name>Material28</name>
			<filename>materialdesignicons-webfont.ttf</filename>
			<size>28</size>
		</font>
		<font>
			<name>Material26</name>
			<filename>materialdesignicons-webfont.ttf</filename>
			<size>26</size>
		</font>
		<font>
			<name>Material24</name>
			<filename>materialdesignicons-webfont.ttf</filename>
			<size>24</size>
		</font>
		<font>
			<name>Material22</name>
			<filename>materialdesignicons-webfont.ttf</filename>
			<size>22</size>
		</font>
		<font>
			<name>Material20</name>
			<filename>materialdesignicons-webfont.ttf</filename>
			<size>20</size>
		</font>
		<font>
			<name>Material18</name>
			<filename>materialdesignicons-webfont.ttf</filename>
			<size>18</size>
		</font>
		<font>
			<name>Material16</name>
			<filename>materialdesignicons-webfont.ttf</filename>
			<size>16</size>
		</font>
		<!-- invisible -->
		<font>
			<name>invisible</name>
			<filename>invisible1.ttf</filename>
			<linespacing>1.18</linespacing>
			<size>10</size>
		</font>
		<!-- Regular -->
		<font>
			<name>Reg37</name>
			<filename>arial.ttf</filename>
			<linespacing>1.18</linespacing>
			<aspect>0.95</aspect>
			<size>37</size>
		</font>
		<font>
			<name>Reg32</name>
			<filename>arial.ttf</filename>
			<linespacing>1.18</linespacing>
			<aspect>0.95</aspect>
			<size>32</size>
		</font>
		<font>
			<name>Reg30</name>
			<filename>arial.ttf</filename>
			<linespacing>1.18</linespacing>
			<aspect>0.95</aspect>
			<size>30</size>
		</font>
		<font>
			<name>Reg28</name>
			<filename>arial.ttf</filename>
			<linespacing>1.18</linespacing>
			<aspect>0.95</aspect>
			<size>28</size>
		</font>
		<font>
			<name>Reg27</name>
			<filename>arial.ttf</filename>
			<linespacing>1.18</linespacing>
			<aspect>0.95</aspect>
			<size>27</size>
		</font>
		<font>
			<name>Reg25</name>
			<filename>arial.ttf</filename>
			<linespacing>1.18</linespacing>
			<aspect>0.95</aspect>
			<size>25</size>
		</font>
		<font>
			<name>Reg24</name>
			<filename>arial.ttf</filename>
			<linespacing>1.18</linespacing>
			<aspect>0.95</aspect>
			<size>24</size>
		</font>
		<font>
			<name>Reg23</name>
			<filename>arial.ttf</filename>
			<linespacing>1.18</linespacing>
			<aspect>0.95</aspect>
			<size>23</size>
		</font>
		<font>
			<name>Reg22</name>
			<filename>arial.ttf</filename>
			<linespacing>1.18</linespacing>
			<aspect>0.95</aspect>
			<size>22</size>
		</font>
		<font>
			<name>Reg22_monofied</name>
			<filename>arial.ttf</filename>
			<linespacing>1.18</linespacing>
			<aspect>0.95</aspect>
			<size>22</size>
		</font>
		<font>
			<name>Reg20</name>
			<filename>arial.ttf</filename>
			<linespacing>1.18</linespacing>
			<aspect>0.95</aspect>
			<size>20</size>
		</font>
		<font>
			<name>Reg18</name>
			<filename>arial.ttf</filename>
			<linespacing>1.18</linespacing>
			<aspect>0.95</aspect>
			<size>18</size>
		</font>
		<font>
			<name>Reg16</name>
			<filename>arial.ttf</filename>
			<linespacing>1.18</linespacing>
			<aspect>0.95</aspect>
			<size>16</size>
		</font>
		<font>
			<name>Reg14</name>
			<filename>arial.ttf</filename>
			<linespacing>1.18</linespacing>
			<aspect>0.95</aspect>
			<size>14</size>
		</font>
		<!-- Light -->
		<font>
			<name>Light148</name>
			<filename>arial.ttf</filename>
			<linespacing>1.18</linespacing>
			<style>lighten</style>
			<size>148</size>
		</font>
		<font>
			<name>Light144</name>
			<filename>arial.ttf</filename>
			<linespacing>1.18</linespacing>
			<style>lighten</style>
			<size>144</size>
		</font>
		<font>
			<name>Light80</name>
			<filename>arial.ttf</filename>
			<linespacing>1.18</linespacing>
			<style>lighten</style>
			<size>80</size>
		</font>
		<font>
			<name>Light60</name>
			<filename>arial.ttf</filename>
			<linespacing>1.18</linespacing>
			<style>lighten</style>
			<size>60</size>
		</font>
		<font>
			<name>Light49</name>
			<filename>arial.ttf</filename>
			<linespacing>1.18</linespacing>
			<style>lighten</style>
			<size>49</size>
		</font>
		<font>
			<name>Light48</name>
			<filename>arial.ttf</filename>
			<linespacing>1.18</linespacing>
			<style>lighten</style>
			<size>48</size>
		</font>
		<font>
			<name>Light40</name>
			<filename>arial.ttf</filename>
			<linespacing>1.18</linespacing>
			<style>lighten</style>
			<size>40</size>
		</font>
		<font>
			<name>Light39</name>
			<filename>arial.ttf</filename>
			<linespacing>1.18</linespacing>
			<style>lighten</style>
			<size>39</size>
		</font>
		<font>
			<name>Light38</name>
			<filename>arial.ttf</filename>
			<linespacing>1.18</linespacing>
			<style>lighten</style>
			<size>38</size>
		</font>
		<font>
			<name>Light36</name>
			<filename>arial.ttf</filename>
			<linespacing>1.18</linespacing>
			<style>lighten</style>
			<size>36</size>
		</font>
		<font>
			<name>Light35</name>
			<filename>arial.ttf</filename>
			<linespacing>1.18</linespacing>
			<style>lighten</style>
			<size>35</size>
		</font>
		<font>
			<name>Light32</name>
			<filename>arial.ttf</filename>
			<linespacing>1.18</linespacing>
			<style>lighten</style>
			<size>32</size>
		</font>
		<font>
			<name>Light31</name>
			<filename>arial.ttf</filename>
			<linespacing>1.18</linespacing>
			<style>lighten</style>
			<size>31</size>
		</font>
		<font>
			<name>Light30</name>
			<filename>arial.ttf</filename>
			<linespacing>1.18</linespacing>
			<style>lighten</style>
			<size>30</size>
		</font>
		<font>
			<name>Light28</name>
			<filename>arial.ttf</filename>
			<linespacing>1.18</linespacing>
			<style>lighten</style>
			<size>28</size>
		</font>
		<font>
			<name>Light27</name>
			<filename>arial.ttf</filename>
			<linespacing>1.18</linespacing>
			<style>lighten</style>
			<size>27</size>
		</font>
		<font>
			<name>Light26</name>
			<filename>arial.ttf</filename>
			<linespacing>1.18</linespacing>
			<style>lighten</style>
			<size>26</size>
		</font>
		<font>
			<name>Light24</name>
			<filename>arial.ttf</filename>
			<linespacing>1.18</linespacing>
			<style>lighten</style>
			<size>24</size>
		</font>
		<font>
			<name>Light23</name>
			<filename>arial.ttf</filename>
			<linespacing>1.18</linespacing>
			<style>lighten</style>
			<size>23</size>
		</font>
		<font>
			<name>Light22</name>
			<filename>arial.ttf</filename>
			<linespacing>1.18</linespacing>
			<style>lighten</style>
			<size>22</size>
		</font>
		<font>
			<name>Light16</name>
			<filename>arial.ttf</filename>
			<linespacing>1.18</linespacing>
			<style>lighten</style>
			<size>16</size>
		</font>
		<!-- Medium -->
		<font>
			<name>Med16</name>
			<filename>arial.ttf</filename>
			<style>bold</style>
			<linespacing>1.18</linespacing>
			<aspect>0.95</aspect>
			<size>16</size>
		</font>
		<font>
			<name>Med17</name>
			<filename>arial.ttf</filename>
			<style>bold</style>
			<linespacing>1.18</linespacing>
			<aspect>0.95</aspect>
			<size>17</size>
		</font>
		<font>
			<name>Med18</name>
			<filename>arial.ttf</filename>
			<style>bold</style>
			<linespacing>1.18</linespacing>
			<aspect>0.95</aspect>
			<size>18</size>
		</font>
		<font>
			<name>Med20</name>
			<filename>arial.ttf</filename>
			<style>bold</style>
			<linespacing>1.18</linespacing>
			<aspect>0.95</aspect>
			<size>20</size>
		</font>
		<font>
			<name>Med22</name>
			<filename>arial.ttf</filename>
			<style>bold</style>
			<linespacing>1.18</linespacing>
			<aspect>0.95</aspect>
			<size>22</size>
		</font>
		<font>
			<name>Med23</name>
			<filename>arial.ttf</filename>
			<style>bold</style>
			<linespacing>1.18</linespacing>
			<aspect>0.95</aspect>
			<size>23</size>
		</font>
		<font>
			<name>Med24</name>
			<filename>arial.ttf</filename>
			<style>bold</style>
			<linespacing>1.18</linespacing>
			<aspect>0.95</aspect>
			<size>24</size>
		</font>
		<font>
			<name>Med26</name>
			<filename>arial.ttf</filename>
			<style>bold</style>
			<linespacing>1.18</linespacing>
			<aspect>0.95</aspect>
			<size>26</size>
		</font>
		<font>
			<name>Med28</name>
			<filename>arial.ttf</filename>
			<style>bold</style>
			<linespacing>1.18</linespacing>
			<aspect>0.95</aspect>
			<size>28</size>
		</font>
		<font>
			<name>Med30</name>
			<filename>arial.ttf</filename>
			<style>bold</style>
			<linespacing>1.18</linespacing>
			<aspect>0.95</aspect>
			<size>30</size>
		</font>
		<font>
			<name>Med34</name>
			<filename>arial.ttf</filename>
			<style>bold</style>
			<linespacing>1.18</linespacing>
			<aspect>0.95</aspect>
			<size>34</size>
		</font>
		<font>
			<name>Med36</name>
			<filename>arial.ttf</filename>
			<style>bold</style>
			<linespacing>1.18</linespacing>
			<aspect>0.95</aspect>
			<size>36</size>
		</font>
		<font>
			<name>Med40</name>
			<filename>arial.ttf</filename>
			<style>bold</style>
			<linespacing>1.18</linespacing>
			<aspect>0.95</aspect>
			<size>40</size>
		</font>
		<!-- Bold -->
		<font>
			<name>Bold18</name>
			<filename>arial.ttf</filename>
			<style>bold</style>
			<linespacing>1.18</linespacing>
			<aspect>0.95</aspect>
			<size>18</size>
		</font>
		<!-- Lyric fonts -->
		<font>
			<name>lyr1</name>
			<filename>lyrics/Theboldfont.ttf</filename>
			<linespacing>0.9</linespacing>
			<size>120</size>
		</font>
		<font>
			<name>lyr1b</name>
			<filename>lyrics/PollerOne.ttf</filename>
			<aspect>0.9</aspect>
			<size>60</size>
		</font>
		<font>
			<name>lyr2</name>
			<filename>lyrics/SF Distant Galaxy.ttf</filename>
			<style>lowercase</style>
			<linespacing>0.9</linespacing>
			<size>120</size>
		</font>
		<font>
			<name>lyr2b</name>
			<filename>lyrics/Fredoka One.ttf</filename>
			<linespacing>0.9</linespacing>
			<size>58</size>
		</font>
		<font>
			<name>lyr3</name>
			<filename>lyrics/Luckiest Guy.ttf</filename>
			<style>uppercase</style>
			<linespacing>0.9</linespacing>
			<size>125</size>
		</font>
		<font>
			<name>lyr3b</name>
			<filename>lyrics/Exo2-BlackItalic.ttf</filename>
			<linespacing>0.85</linespacing>
			<size>62</size>
		</font>
		<font>
			<name>lyr4</name>
			<filename>lyrics/Geomancy - Extra Bold.ttf</filename>
			<linespacing>0.9</linespacing>
			<size>120</size>
		</font>
		<font>
			<name>lyr4b</name>
			<filename>lyrics/Ranchers-Regular.ttf</filename>
			<aspect>1.4</aspect>
			<linespacing>0.9</linespacing>
			<size>54</size>
		</font>
		<font>
			<name>lyr5</name>
			<filename>lyrics/BOXING.ttf</filename>
			<aspect>1.3</aspect>
			<style>lowercase</style>
			<linespacing>0.9</linespacing>
			<size>104</size>
		</font>
		<font>
			<name>lyr5b</name>
			<filename>lyrics/nasalization-rg.ttf</filename>
			<style>bold</style>
			<size>54</size>
		</font>
		<font>
			<name>lyr6</name>
			<filename>lyrics/Theboldfont.ttf</filename>
			<linespacing>0.9</linespacing>
			<size>120</size>
		</font>
		<font>
			<name>lyr6b</name>
			<filename>lyrics/PollerOne.ttf</filename>
			<aspect>0.9</aspect>
			<size>60</size>
		</font>
		<font>
			<name>lyr7</name>
			<style>uppercase</style>
			<filename>lyrics/Luckiest Guy.ttf</filename>
			<size>110</size>
		</font>
		<font>
			<name>lyr7a</name>
			<style>uppercase</style>
			<filename>lyrics/Luckiest Guy.ttf</filename>
			<size>155</size>
		</font>
		<font>
			<name>lyr7b</name>
			<style>uppercase</style>
			<filename>lyrics/Luckiest Guy.ttf</filename>
			<size>205</size>
		</font>
		<font>
			<name>lyr7c</name>
			<filename>lyrics/Exo2-BlackItalic.ttf</filename>
			<linespacing>0.85</linespacing>
			<size>60</size>
		</font>
		<font>
			<name>lyr8</name>
			<filename>lyrics/SF Distant Galaxy.ttf</filename>
			<style>lowercase</style>
			<linespacing>0.9</linespacing>
			<size>120</size>
		</font>
		<font>
			<name>lyr8b</name>
			<filename>lyrics/nasalization-rg.ttf</filename>
			<style>bold</style>
			<size>54</size>
		</font>
		<font>
			<name>lyr9</name>
			<filename>lyrics/Geomancy - Extra Bold.ttf</filename>
			<linespacing>0.9</linespacing>
			<size>130</size>
		</font>
		<font>
			<name>lyr9b</name>
			<filename>lyrics/Fredoka One.ttf</filename>
			<linespacing>0.9</linespacing>
			<size>58</size>
		</font>
		<font>
			<name>lyr10</name>
			<filename>lyrics/SF Distant Galaxy.ttf</filename>
			<style>lowercase</style>
			<linespacing>0.9</linespacing>
			<size>120</size>
		</font>
		<font>
			<name>lyr10b</name>
			<filename>lyrics/Ranchers-Regular.ttf</filename>
			<aspect>1.4</aspect>
			<linespacing>0.9</linespacing>
			<size>52</size>
		</font>
		<font>
			<name>lyr11</name>
			<filename>lyrics/Theboldfont.ttf</filename>
			<linespacing>0.9</linespacing>
			<size>120</size>
		</font>
		<font>
			<name>lyr11b</name>
			<filename>lyrics/PollerOne.ttf</filename>
			<aspect>0.9</aspect>
			<size>60</size>
		</font>
		<font>
			<name>lyr12</name>
			<filename>lyrics/BOXING.ttf</filename>
			<style>lowercase</style>
			<linespacing>0.9</linespacing>
			<size>275</size>
		</font>
		<font>
			<name>lyr12b</name>
			<filename>lyrics/BOXING.ttf</filename>
			<style>lowercase</style>
			<linespacing>0.9</linespacing>
			<size>165</size>
		</font>
		<font>
			<name>lyr12c</name>
			<filename>lyrics/BOXING.ttf</filename>
			<style>lowercase</style>
			<linespacing>0.9</linespacing>
			<size>220</size>
		</font>
		<font>
			<name>lyr12d</name>
			<filename>lyrics/Fredoka One.ttf</filename>
			<linespacing>0.9</linespacing>
			<size>58</size>
		</font>
		<font>
			<name>lyr13</name>
			<filename>lyrics/SF Distant Galaxy.ttf</filename>
			<style>lowercase</style>
			<linespacing>0.9</linespacing>
			<size>120</size>
		</font>
		<font>
			<name>lyr13b</name>
			<filename>lyrics/Exo2-BlackItalic.ttf</filename>
			<linespacing>0.85</linespacing>
			<size>62</size>
		</font>
		<font>
			<name>lyr14</name>
			<style>uppercase</style>
			<filename>lyrics/Luckiest Guy.ttf</filename>
			<size>140</size>
		</font>
		<font>
			<name>lyr14b</name>
			<filename>lyrics/Ranchers-Regular.ttf</filename>
			<aspect>1.4</aspect>
			<linespacing>0.9</linespacing>
			<size>54</size>
		</font>
		<font>
			<name>lyr15</name>
			<filename>lyrics/Geomancy - Extra Bold.ttf</filename>
			<linespacing>0.9</linespacing>
			<size>130</size>
		</font>
		<font>
			<name>lyr15b</name>
			<filename>lyrics/nasalization-rg.ttf</filename>
			<style>bold</style>
			<size>56</size>
		</font>
		<font>
			<name>lyrsh16</name>
			<filename>lyrics/PollerOne.ttf</filename>
			<aspect>0.9</aspect>
			<size>76</size>
		</font>
		<font>
			<name>lyrsh38</name>
			<filename>lyrics/Exo2-BlackItalic.ttf</filename>
			<linespacing>0.85</linespacing>
			<size>86</size>
		</font>
		<font>
			<name>lyrsh50</name>
			<filename>lyrics/nasalization-rg.ttf</filename>
			<style>bold</style>
			<size>74</size>
		</font>
		<font>
			<name>lyrsh72</name>
			<filename>lyrics/Fredoka One.ttf</filename>
			<linespacing>0.9</linespacing>
			<size>88</size>
		</font>
		<font>
			<name>lyrsh94</name>
			<filename>lyrics/Ranchers-Regular.ttf</filename>
			<aspect>1.4</aspect>
			<linespacing>0.9</linespacing>
			<size>78</size>
		</font>
		<!-- Estuary Fallback Fonts -->
		<font>
			<name>font10</name>
			<filename>arial.ttf</filename>
			<size>23</size>
		</font>
		<font>
			<name>font12</name>
			<filename>arial.ttf</filename>
			<size>25</size>
		</font>
		<font>
			<name>font13</name>
			<filename>arial.ttf</filename>
			<size>30</size>
		</font>
		<font>
			<name>font14</name>
			<filename>arial.ttf</filename>
			<size>33</size>
		</font>
		<font>
			<name>font25_narrow</name>
			<filename>arial.ttf</filename>
			<size>25</size>
			<linespacing>0.8</linespacing>
		</font>
		<font>
			<name>font27</name>
			<filename>arial.ttf</filename>
			<size>27</size>
		</font>
		<font>
			<name>font27_narrow</name>
			<filename>arial.ttf</filename>
			<size>25</size>
			<linespacing>0.8</linespacing>
		</font>
		<font>
			<name>font37</name>
			<filename>arial.ttf</filename>
			<size>37</size>
		</font>
		<font>
			<name>font45</name>
			<filename>arial.ttf</filename>
			<size>45</size>
		</font>
		<font>
			<name>font60</name>
			<filename>arial.ttf</filename>
			<size>60</size>
		</font>
		<font>
			<name>font_clock</name>
			<filename>arial.ttf</filename>
			<size>70</size>
		</font>
		<font>
			<name>font_flag</name>
			<filename>arial.ttf</filename>
			<size>18</size>
		</font>
		<font>
			<name>font20_title</name>
			<filename>arial.ttf</filename>
			<size>20</size>
		</font>
		<font>
			<name>font25_title</name>
			<filename>arial.ttf</filename>
			<size>25</size>
		</font>
		<font>
			<name>font30_title</name>
			<filename>arial.ttf</filename>
			<size>30</size>
		</font>
		<font>
			<name>font32_title</name>
			<filename>arial.ttf</filename>
			<size>32</size>
		</font>
		<font>
			<name>font36_title</name>
			<filename>arial.ttf</filename>
			<size>36</size>
		</font>
		<font>
			<name>font45_title</name>
			<filename>arial.ttf</filename>
			<size>45</size>
		</font>
		<font>
			<name>font52_title</name>
			<filename>arial.ttf</filename>
			<size>52</size>
		</font>
		<font>
			<name>font_MainMenu</name>
			<filename>arial.ttf</filename>
			<size>60</size>
		</font>
		<font>
			<name>WeatherTemp</name>
			<aspect>0.85</aspect>
			<filename>arial.ttf</filename>
			<size>120</size>
		</font>
		<font>
			<name>Mono30</name>
			<filename>arial.ttf</filename>
			<size>30</size>
		</font>
	</fontset>
</fonts>