<?xml version='1.0' encoding='UTF-8'?>
<addon id="skin.ctouch"  version="3.6.5+fix" name="Cristal Touch" provider-name="STVA">
	<requires>
		<import addon="resource.language.es_es" version="0.0.0"/>		
	</requires>
	<extension debugging="false" effectslowdown="1" point="xbmc.gui.skin">
		<res aspect="16:9" default="true" folder="xml" width="1920" height="1080" />
        <res aspect="3:2" default="false" folder="xml" width="1620" height="1080" />
        <res aspect="4:3" default="false" folder="xml" width="1440" height="1080" />
        <res aspect="16:10" default="false" folder="xml" width="1728" height="1080" />
        <res aspect="17:9" default="false" folder="xml" width="2040" height="1080" />
        <res aspect="21:9" default="false" folder="xml" width="2520" height="1080" />
        <res aspect="19.5:9" default="false" folder="xml" width="2340" height="1080" />
        <res aspect="18:9" default="false" folder="xml" width="2160" height="1080" />	
		<res width="1920" height="1440" aspect="4:3" default="false" folder="xml" />
		<res width="1920" height="1280" aspect="3:2" default="false" folder="xml" />
		<res width="1920" height="1200" aspect="16:10" default="false" folder="xml" />
	</extension>
	<extension point="xbmc.addon.metadata">
		<summary lang="es_ES">Skin para Kodi y Forks. Compatible con Kodi Matrix y Nexus</summary>
		<summary lang="en_GB">Skin para Kodi y Forks. Compatible con Kodi Matrix y Nexus</summary>				
		<description lang="es_ES">Cristal Touch es un mod del skin AppTV realizado por STVA.[CR]Funciona perfectamente en dispositivos táctiles, pc/portátil, SmartTV o TV Box y raspberrys o similares[CR]Fácil personalización de los items del Inicio desde el menú contextual</description>
		<description lang="en_GB">Cristal Touch es un mod del skin AppTV realizado por STVA.[CR]Funciona perfectamente en dispositivos táctiles, pc/portátil, SmartTV o TV Box y raspberrys o similares[CR]Fácil personalización de los items del Inicio desde el menú contextual</description>		
		<disclaimer lang="en_GB">Para dudas, preguntas o sugerencias [CR]Telegram: t.me/stvabuild[CR]Web y Foro: stva.es</disclaimer>
		<disclaimer lang="es_ES">Para dudas, preguntas o sugerencias [CR]Telegram: t.me/stvabuild[CR]Web y Foro: stva.es</disclaimer>		
		<platform>all</platform>
		<license></license>
		<website />
		<email />
		<news>Versión 3.6.5+fix 1/4/24
- Corregido error en la resolución en algunos dispositivos
- Correcciones visuales menores		
		
Versión 3.6.5 - 30/3/24
- Añadidos títulos a canales en inicio Deportes
- Corregido buscador palantir para que no entre en bucle
- Modificada ventana para elegir enlaces, ahora desplaza el título
- Establecido tipo de widget y cantidad por defecto para que no queden ocultos los widgets personales al no elegir el tipo
- Modificados títulos del inicio widget para que no aparezcan los detalles
- Añadido trailers automáticos
- Añadido Clearlogo
- Añadida + info a películas y series en inicio y vistas
- Editado startup
- Ocultar icono del addon ahora también oculta la hora
- Cambiado widget1 series Alfa, Series en emisión
- Activado widget2 pelis Alfa
- Cambiada vista Slider
- Otras correcciones menores
- Agradecimientos a Ravnos23 por la ayuda en esta versión</news>
		<assets>
			<icon>icon.png</icon>
			<fanart>fanart.jpg</fanart>
			<screenshot>resources/screenshot001.jpg</screenshot>
			<screenshot>resources/screenshot002.jpg</screenshot>
			<screenshot>resources/screenshot006.jpg</screenshot>
			<screenshot>resources/screenshot003.jpg</screenshot>
			<screenshot>resources/screenshot004.jpg</screenshot>
			<screenshot>resources/screenshot005.jpg</screenshot>
		</assets>
	</extension>
</addon>