{
  "id": "cinemahd",
  "name": "CinemaHD",
  "active": true,
  "adult": false,
  "language": ["lat"],
  "thumbnail": "https://s13.postimg.cc/bnesayzcn/cinemahd.png",
  "banner": "",
  "fanart": "",
  "categories": [
    "movie"
  ],
  "force_unify": true,
  "version": 1,
  "settings": [
    {
      "id": "include_in_global_search",
      "type": "bool",
      "label": "Incluir en busqueda global",
      "default": false,
      "enabled": false,
      "visible": false
    },
    {
      "id": "filter_languages",
      "type": "list",
      "label": "Mostrar enlaces en idioma...",
      "default": 0,
      "enabled": true,
      "visible": true,
      "lvalues": [
        "No filtrar",
        "LAT",
        "CAST",
        "VOSE"
      ]
    },
    {
      "id": "include_in_newest_peliculas",
      "type": "bool",
      "label": "Incluir en Novedades - Peliculas",
      "default": true,
      "enabled": true,
      "visible": true
    },
    {
      "id": "include_in_newest_infantiles",
      "type": "bool",
      "label": "Incluir en Novedades - Infantiles",
      "default": true,
      "enabled": true,
      "visible": true
    },
    {
      "id": "include_in_newest_terror",
      "type": "bool",
      "label": "Incluir en Novedades - Terror",
      "default": true,
      "enabled": true,
      "visible": true
    }
  ]
}
