{
  "id": "cuevana2espanol",
  "name": "Cuevana2español",
  "active": true,
  "adult": false,
  "language": ["lat"],
  "thumbnail": "https://i.postimg.cc/gXb19hg3/cuevana2espanol.png",
  "banner": "",
  "fanart": "",
  "categories": [
    "movie"
  ],
  "settings": [
    {
      "id": "modo_grafico",
      "type": "bool",
      "label": "Buscar información extra",
      "default": true,
      "enabled": true,
      "visible": true
    },
    {
    "id": "include_in_global_search",
    "type": "bool",
    "label": "Incluir en busqueda global",
    "default": false,
    "enabled": true,
    "visible": true
    }
  ]
}
