{
  "id": "doramedplay",
  "name": "DoramedPlay",
  "active": true,
  "adult": false,
  "language": ["lat"],
  "thumbnail": "https://doramedplay.com/wp-content/uploads/2020/08/doramedlogo.png",
  "banner": "",
  "fanart": "",
  "categories": [
    "tvshow",
    "movie"
  ],
  "version": 1,
  "settings": [
    {
      "id": "include_in_global_search",
      "type": "bool",
      "label": "Incluir en busqueda global",
      "default": false,
      "enabled": false,
      "visible": false
    },
    {
      "id": "filter_languages",
      "type": "list",
      "label": "Mostrar enlaces en idioma...",
      "default": 0,
      "enabled": true,
      "visible": true,
      "lvalues": [
        "No filtrar",
        "VOSE",
        "LAT"
      ]
    }
  ]
}
