{
  "id": "fanpelis",
  "name":"Fanpelis",
  "active": false,
  "adult": false,
  "language": ["lat"],
  "thumbnail":"https://i.postimg.cc/KjrjvwQS/fanpelis.png",
  "banner": "",
  "fanart": "",
  "categories": [
    "movie",
    "tvshow"
  ],
  "version": 1,
  "settings": [
    {
      "id": "include_in_newest_peliculas",
      "type": "bool",
      "label": "Incluir en Novedades - Peliculas",
      "default": true,
      "enabled": true,
      "visible": true
    },
    {
      "id": "include_in_newest_infantiles",
      "type": "bool",
      "label": "Incluir en Novedades - Infantiles",
      "default": true,
      "enabled": true,
      "visible": true
    },
    {
      "id": "include_in_newest_terror",
      "type": "bool",
      "label": "Incluir en Novedades - terror",
      "default": true,
      "enabled": true,
      "visible": true
    }
  ]
}
