<?xml version="1.0" encoding="UTF-8"?>
<includes>
	<!-- Radio styles -->
	<include name="radio35_style">
		<radiowidth>55</radiowidth>
		<radioheight>35</radioheight>
		<textureradioonfocus colordiffuse="$VAR[AccentColor]">icons/misc/radio_on_fo.png</textureradioonfocus>
		<textureradioonnofocus colordiffuse="$VAR[AccentColor]">icons/misc/radio_on.png</textureradioonnofocus>
		<textureradioofffocus colordiffuse="softgrey">icons/misc/radio_off_fo.png</textureradioofffocus>
		<textureradiooffnofocus colordiffuse="softgrey">icons/misc/radio_off.png</textureradiooffnofocus>
		<textureradioondisabled colordiffuse="disabled">icons/misc/radio_off.png</textureradioondisabled>
		<textureradiooffdisabled colordiffuse="disabled">icons/misc/radio_off.png</textureradiooffdisabled>
	</include>
	<include name="radio20_style">
		<radiowidth>40</radiowidth>
		<radioheight>35</radioheight>
		<textureradioonfocus colordiffuse="$VAR[AccentColor]">icons/misc/radio20_on_fo.png</textureradioonfocus>
		<textureradioonnofocus colordiffuse="$VAR[AccentColor]">icons/misc/radio20_on.png</textureradioonnofocus>
		<textureradioofffocus colordiffuse="softgrey">icons/misc/radio20_off_fo.png</textureradioofffocus>
		<textureradiooffnofocus colordiffuse="softgrey">icons/misc/radio20_off.png</textureradiooffnofocus>
		<textureradioondisabled colordiffuse="disabled">icons/misc/radio20_off.png</textureradioondisabled>
		<textureradiooffdisabled colordiffuse="disabled">icons/misc/radio20_off.png</textureradiooffdisabled>
	</include>
	<include name="radio80_style">
		<radiowidth>100</radiowidth>
		<radioheight>35</radioheight>
		<textureradioonfocus colordiffuse="$VAR[AccentColor]">icons/misc/radio80_on_fo.png</textureradioonfocus>
		<textureradioonnofocus colordiffuse="$VAR[AccentColor]">icons/misc/radio80_on.png</textureradioonnofocus>
		<textureradioofffocus colordiffuse="softgrey">icons/misc/radio80_off_fo.png</textureradioofffocus>
		<textureradiooffnofocus colordiffuse="softgrey">icons/misc/radio80_off.png</textureradiooffnofocus>
		<textureradioondisabled colordiffuse="disabled">icons/misc/radio80_off.png</textureradioondisabled>
		<textureradiooffdisabled colordiffuse="disabled">icons/misc/radio80_off.png</textureradiooffdisabled>
	</include>
	<!-- Common Button -->
	<include name="CommonButton">
		<param name="height">50</param>
		<param name="width">100%</param>
		<param name="focusedcolor">panel_focus</param>
		<param name="color">panel_background</param>
		<param name="textcolor">text_white</param>
		<param name="textcolor_focused">text_white</param>
		<definition>
			<width>$PARAM[width]</width>
			<height>$PARAM[height]</height>
			<align>left</align>
			<aligny>center</aligny>
			<textoffsetx>80</textoffsetx>
			<font>Button</font>
			<textcolor>$PARAM[textcolor]</textcolor>
			<focusedcolor>$PARAM[textcolor_focused]</focusedcolor>
			<disabledcolor>grey</disabledcolor>
			<include>radio20_style</include>
			<texturefocus border="65,10,65,10" colordiffuse="$PARAM[focusedcolor]">dialogs/context/middle.png</texturefocus>
			<texturenofocus border="65,10,65,10"  colordiffuse="$PARAM[color]">dialogs/context/middle.png</texturenofocus>
			<alttexturefocus border="65,10,65,10"  colordiffuse="$PARAM[focusedcolor]">dialogs/context/middle.png</alttexturefocus>
			<alttexturenofocus border="65,10,65,10"  colordiffuse="$PARAM[color]">dialogs/context/middle.png</alttexturenofocus>
		</definition>
	</include>
	<!-- Playerprocess Button -->
	<include name="PlayerProcessButton">
		<param name="height">50</param>
		<param name="width">100%</param>
		<param name="focusedcolor">bb000000</param>
		<param name="color">bb000000</param>
		<param name="textcolor">context_textcolor</param>
		<param name="textcolor_focused">context_textcolor_focused</param>
		<definition>
			<width>$PARAM[width]</width>
			<height>$PARAM[height]</height>
			<align>left</align>
			<aligny>center</aligny>
			<textoffsetx>76</textoffsetx>
			<font>Button</font>
			<textcolor>$PARAM[textcolor]</textcolor>
			<focusedcolor>$PARAM[textcolor_focused]</focusedcolor>
			<disabledcolor>disabled</disabledcolor>
			<texturefocus border="65,10,65,10" colordiffuse="$PARAM[focusedcolor]">dialogs/context/middle.png</texturefocus>
			<texturenofocus border="65,10,65,10"  colordiffuse="$PARAM[color]">dialogs/context/middle.png</texturenofocus>
		</definition>
	</include>
	<!-- Context Button -->
	<include name="ContextButton">
		<param name="height">50</param>
		<param name="width">100%</param>
		<param name="focusedcolor">context_focusedcolor</param>
		<param name="color">context_color</param>
		<param name="textcolor">context_textcolor</param>
		<param name="textcolor_focused">context_textcolor_focused</param>
		<definition>
			<width>$PARAM[width]</width>
			<height>$PARAM[height]</height>
			<align>left</align>
			<aligny>center</aligny>
			<textoffsetx>80</textoffsetx>
			<font>Button</font>
			<textcolor>$PARAM[textcolor]</textcolor>
			<focusedcolor>$PARAM[textcolor_focused]</focusedcolor>
			<disabledcolor>disabled</disabledcolor>
			<include>radio80_style</include>
			<texturefocus border="65,10,65,10" colordiffuse="$PARAM[focusedcolor]">dialogs/context/middle.png</texturefocus>
			<texturenofocus border="65,10,65,10"  colordiffuse="$PARAM[color]">dialogs/context/middle.png</texturenofocus>
			<alttexturefocus border="65,10,65,10"  colordiffuse="$PARAM[focusedcolor]">dialogs/context/middle.png</alttexturefocus>
			<alttexturenofocus border="65,10,65,10"  colordiffuse="$PARAM[color]">dialogs/context/middle.png</alttexturenofocus>
		</definition>
	</include>
	<!-- Settings Button -->
	<include name="SettingsButtonSidePanel">
		<param name="height">50</param>
		<param name="width">100%</param>
		<param name="textoffsetx">50</param>
		<definition>
			<textoffsetx>$PARAM[textoffsetx]</textoffsetx>
			<width>$PARAM[width]</width>
			<height>$PARAM[height]</height>
			<aligny>center</aligny>
			<align>left</align>
			<font>Reg22</font>
			<invalidcolor>invalid</invalidcolor>
			<selectedcolor>$VAR[AccentColor]</selectedcolor>
			<textcolor>text_white</textcolor>
			<focusedcolor>text_white</focusedcolor>
			<disabledcolor>disabled</disabledcolor>
			<texturefocus colordiffuse="panel_focus">common/white.jpg</texturefocus>
			<texturenofocus/>
		</definition>
	</include>
	<include name="SettingsButton">
		<param name="height">50</param>
		<param name="width">100%</param>
		<param name="textoffsetx">20</param>
		<definition>
			<include>radio$PARAM[textoffsetx]_style</include>
			<textoffsetx>$PARAM[textoffsetx]</textoffsetx>
			<width>$PARAM[width]</width>
			<height>$PARAM[height]</height>
			<aligny>center</aligny>
			<align>left</align>
			<font>Reg22</font>
			<invalidcolor>invalid</invalidcolor>
			<selectedcolor>$VAR[AccentColor]</selectedcolor>
			<textcolor>text_white</textcolor>
			<focusedcolor>text_white</focusedcolor>
			<disabledcolor>disabled</disabledcolor>
			<texturefocus colordiffuse="panel_focus">common/white.jpg</texturefocus>
			<texturenofocus colordiffuse="panel_background">common/white.jpg</texturenofocus>
		</definition>
	</include>
	<include name="SettingsInitButton">
		<param name="height">50</param>
		<param name="width">100%</param>
		<param name="textoffsetx">20</param>
		<definition>
			<include>radio$PARAM[textoffsetx]_style</include>
			<textoffsetx>$PARAM[textoffsetx]</textoffsetx>
			<width>$PARAM[width]</width>
			<height>$PARAM[height]</height>
			<include>Animation_FocusBounceButton</include>
			<aligny>center</aligny>
			<align>center</align>
			<font>Button</font>
			<invalidcolor>invalid</invalidcolor>
			<selectedcolor>$VAR[AccentColor]</selectedcolor>
			<textcolor>text_white</textcolor>
			<focusedcolor>text_white</focusedcolor>
			<disabledcolor>disabled</disabledcolor>
			<texturefocus border="10" colordiffuse="$VAR[ButtonAccentColor]">items/button.png</texturefocus>
			<texturenofocus border="10" colordiffuse="grey_button">items/button.png</texturenofocus>
		</definition>
	</include>
	<include name="DialogSettingsButton">
		<param name="height">50</param>
		<param name="width">100%</param>
		<param name="textoffsetx">20</param>
		<definition>
			<include>radio$PARAM[textoffsetx]_style</include>
			<textoffsetx>$PARAM[textoffsetx]</textoffsetx>
			<width>$PARAM[width]</width>
			<height>$PARAM[height]</height>
			<aligny>center</aligny>
			<align>left</align>
			<font>Reg22</font>
			<invalidcolor>invalid</invalidcolor>
			<selectedcolor>$VAR[AccentColor]</selectedcolor>
			<textcolor>text_white</textcolor>
			<focusedcolor>text_white</focusedcolor>
			<disabledcolor>disabled</disabledcolor>
			<texturefocus colordiffuse="panel_focus">common/white.jpg</texturefocus>
			<texturenofocus />
		</definition>
	</include>
	<!-- Skin settings headline -->
	<include name="SkinSettingsHeadlineLabel">
		<param name="visible">true</param>
		<param name="color">text_white</param>
		<definition>
			<control type="label" id="$PARAM[id]">
				<top>$PARAM[top]</top>
				<height>80</height>
				<font>Med22</font>
				<textcolor>text_white</textcolor>
				<aligny>center</aligny>
				<label>$PARAM[label]</label>
				<visible>$PARAM[visible]</visible>
			</control>
		</definition>
	</include>
	<!-- Empty Keyboard Buttons -->
	<include name="EmptyKeyboardButtons">
		<control type="image">
			<width>68</width>
			<height>68</height>
			<align>center</align>
			<aligny>center</aligny>
			<texture border="10" colordiffuse="dark_button">dialogs/keyboard/keyboard_button_mask.png</texture>
			<animation effect="fade" end="0" start="33" time="0" condition="Control.IsVisible($PARAM[ID])">Conditional</animation>
		</control>
	</include>
	<!-- Keyboard buttons -->
	<include name="KeyboardButtons">
		<width>68</width>
		<height>68</height>
		<font>Med24</font>
		<textoffsetx>15</textoffsetx>
		<textcolor>text_white</textcolor>
		<shadowcolor>text_shadow</shadowcolor>
		<disabledcolor>lightgrey</disabledcolor>
		<focusedcolor>white</focusedcolor>
		<texturenofocus border="10" colordiffuse="dark_button">dialogs/keyboard/keyboard_button_mask.png</texturenofocus>
		<texturefocus border="10" colordiffuse="$VAR[ButtonAccentColor]">dialogs/keyboard/keyboard_button_mask.png</texturefocus>
	</include>
	<!-- Numeric buttons -->
	<include name="NumericButtons">
		<width>148</width>
		<height>148</height>
		<font>Med24</font>
		<textoffsetx>15</textoffsetx>
		<textcolor>text_white</textcolor>
		<shadowcolor>text_shadow</shadowcolor>
		<disabledcolor>lightgrey</disabledcolor>
		<focusedcolor>white</focusedcolor>
		<texturenofocus border="10" colordiffuse="dark_button">dialogs/keyboard/keyboard_button_mask.png</texturenofocus>
		<texturefocus border="10" colordiffuse="$VAR[ButtonAccentColor]">dialogs/keyboard/keyboard_button_mask.png</texturefocus>
	</include>
	<!-- small meta labels -->
	<include name="MetaLabel">
		<aligny>center</aligny>
		<width>auto</width>
		<height>24</height>
		<font>Reg22</font>
		<textcolor>text_white</textcolor>
	</include>
	<include name="MetaLabelPlot">
		<aligny>top</aligny>
		<width>auto</width>
		<height>40</height>
		<height>24</height>
		<font>Reg22</font>
		<textcolor>text_white</textcolor>
	</include>
	<!-- flags button -->
	<include name="MetaFlagsButton">
		<width min="50">auto</width>
		<height>48</height>
		<font>Reg18</font>
		<textoffsetx>15</textoffsetx>
		<align>center</align>
		<disabledcolor>text_white</disabledcolor>
		<texturefocus border="10" colordiffuse="dark_button">items/button.png</texturefocus>
		<texturenofocus border="10" colordiffuse="dark_button">items/button.png</texturenofocus>
		<enable>false</enable>
	</include>
	<!-- Header Button -->
	<include name="HeaderButton">
		<param name="color">text_header</param>
		<definition>
			<include>NoTextures</include>
			<height>58</height>
			<width>auto</width>
			<aligny>center</aligny>
			<font>Med26</font>
			<textcolor>$PARAM[color]</textcolor>
			<focusedcolor>$VAR[AccentColor]</focusedcolor>
			<textoffsetx>0</textoffsetx>
		</definition>
	</include>
	<!-- lightgrey button -->
	<include name="LightGreyButton">
		<param name="align-left">true</param>
		<definition>
			<animation effect="slide" time="0" end="-2,0" condition="$PARAM[align-left]">Conditional</animation>
			<include>Animation_FocusBounceButton</include>
			<height>56</height>
			<font>Button</font>
			<textcolor>text_white</textcolor>
			<focusedcolor>white</focusedcolor>
			<selectedcolor>text_white</selectedcolor>
			<shadowcolor>text_shadow</shadowcolor>
			<aligny>center</aligny>
			<align>center</align>
			<texturefocus border="10" colordiffuse="$VAR[ButtonAccentColor]">items/button.png</texturefocus>
			<texturenofocus border="10" colordiffuse="$VAR[LightButtonAccentColor]">items/button.png</texturenofocus>
			<alttexturefocus border="10" colordiffuse="$VAR[ButtonAccentColor]">items/button.png</alttexturefocus>
			<alttexturenofocus border="10" colordiffuse="$VAR[LightButtonAccentColor]">items/button.png</alttexturenofocus>
			<pulseonselect>no</pulseonselect>
		</definition>
	</include>
	<include name="LightGreyButtonRound">
		<param name="align-left">true</param>
		<definition>
			<animation effect="slide" time="0" end="-2,0" condition="$PARAM[align-left]">Conditional</animation>
			<include>Animation_FocusBounceButton</include>
			<textoffsetx>0</textoffsetx>
			<height>56</height>
			<width>56</width>
			<font>Button</font>
			<textcolor>text_white</textcolor>
			<focusedcolor>white</focusedcolor>
			<selectedcolor>text_white</selectedcolor>
			<shadowcolor>text_shadow</shadowcolor>
			<aligny>center</aligny>
			<align>center</align>
			<texturefocus border="0" colordiffuse="$VAR[ButtonAccentColor]">items/round_button.png</texturefocus>
			<texturenofocus border="0" colordiffuse="$VAR[LightButtonAccentColor]">items/round_button.png</texturenofocus>
			<alttexturefocus border="0" colordiffuse="$VAR[ButtonAccentColor]">items/round_button.png</alttexturefocus>
			<alttexturenofocus border="0" colordiffuse="$VAR[LightButtonAccentColor]">items/round_button.png</alttexturenofocus>
			<pulseonselect>no</pulseonselect>
		</definition>
	</include>
	<!-- darkgrey button -->
	<include name="DarkGreyButton">
		<param name="align-left">true</param>
		<definition>
			<include>Animation_FocusBounceButton</include>
			<height>50</height>
			<font>Button</font>
			<textcolor>white</textcolor>
			<focusedcolor>white</focusedcolor>
			<selectedcolor>white</selectedcolor>
			<shadowcolor>text_shadow</shadowcolor>
			<textoffsetx>20</textoffsetx>
			<aligny>center</aligny>
			<align>center</align>
			<texturefocus border="10" colordiffuse="$VAR[ButtonAccentColor]">items/button.png</texturefocus>
			<texturenofocus border="10" colordiffuse="grey_button">items/button.png</texturenofocus>
			<alttexturefocus border="10" colordiffuse="$VAR[ButtonAccentColor]">items/button.png</alttexturefocus>
			<alttexturenofocus border="10" colordiffuse="grey_button">items/button.png</alttexturenofocus>
		</definition>
	</include>
	<!-- Player Control Buttons -->
	<include name="PlayerButtons">
		<param name="alt">$PARAM[type]</param>
		<definition>
			<include>Animation_FocusBounceButton</include>
			<texturenofocus colordiffuse="$PARAM[colordiffuse]">icons/player/$PARAM[type]_nf.png</texturenofocus>
			<texturefocus colordiffuse="$VAR[PlayerAccentColor]">icons/player/$PARAM[type]_fo.png</texturefocus>
			<alttexturenofocus colordiffuse="$PARAM[colordiffuse]">icons/player/$PARAM[alt]_nf.png</alttexturenofocus>
			<alttexturefocus colordiffuse="$VAR[PlayerAccentColor]">icons/player/$PARAM[alt]_fo.png</alttexturefocus>
			<width>50</width>
			<height>50</height>
		</definition>
	</include>
</includes>