<?xml version="1.0" encoding="utf-8"?>
<window id="5111">
    <defaultcontrol>333</defaultcontrol>
    <controls>
		<control type="image">
			<left>330</left>
			<bottom>420</bottom>
			<width>65%</width>
			<height>65%</height>
			<texture background="true">firstrun.jpg</texture>
		</control>
		<control type="group">
			<centerleft>50%</centerleft>
			<top>280</top>
			<height>1000</height>
			<width>1400</width>
			<control type="textbox">
				<top>120</top>
				<width>1400</width>
				<height>500</height>
				<shadowcolor>black</shadowcolor>
				<pagecontrol>3000</pagecontrol>
				<font>font13</font>
				<align>center</align>
				<label>Este es el primer arranque del Skin.
Debes instalar los complementos que se soliciten para nutrir de contenido al Skin STVA y mantener actualizados los addons.
Podrás cambiar entre dos tipos de inicio, uno pensado para dispositivos táctiles y otro para TV.</label>
			</control>
			<control type="grouplist" id="9000">
				<orientation>vertical</orientation>
				<left>100</left>
				<itemgap>10</itemgap>
				<top>50</top>
				<width>1200</width>
				<align>center</align>
				<font>font13</font>
					<control type="radiobutton" id="333">
						<font>font14</font>
						<radioposx>1100</radioposx>
						<label>Repositorio STVA Matrix $INFO[System.AddonVersion(repository.repostva.matrix),(,)]</label>
						<height>60</height>
						<radiowidth>100</radiowidth>
						<radioheight>100</radioheight>
						<textureradioonfocus colordiffuse="ffffffff">buttons/status-on.png</textureradioonfocus>
						<textureradioonnofocus colordiffuse="ffffffff">buttons/status-on.png</textureradioonnofocus>
						<textureradioofffocus colordiffuse="fff02222">buttons/status-off.png</textureradioofffocus>
						<textureradiooffnofocus colordiffuse="fff02222">buttons/status-off.png</textureradiooffnofocus>
						<onclick condition="!System.HasAddon(repository.repostva.matrix)">InstallAddon(repository.repostva.matrix)</onclick>																		
						<onclick condition="System.HasAddon(repository.github)">ActivateWindow(10040,&quot;addons://repository.repostva.matrix/&quot;,return)</onclick>
						<selected>System.HasAddon(repository.repostva.matrix)</selected>
						<include>DefaultSettingButton</include>
					</control>
					<control type="radiobutton" id="334">
						<font>font14</font>
						<radioposx>1100</radioposx>
						<label>Repositorio Alfa $INFO[System.AddonVersion(repository.alfa-addon),(,)]</label>
						<height>60</height>
						<radiowidth>100</radiowidth>
						<radioheight>100</radioheight>
						<textureradioonfocus colordiffuse="ffffffff">buttons/status-on.png</textureradioonfocus>
						<textureradioonnofocus colordiffuse="ffffffff">buttons/status-on.png</textureradioonnofocus>
						<textureradioofffocus colordiffuse="fff02222">buttons/status-off.png</textureradioofffocus>
						<textureradiooffnofocus colordiffuse="fff02222">buttons/status-off.png</textureradiooffnofocus>
						<onclick condition="!System.HasAddon(repository.alfa-addon)">InstallAddon(repository.alfa-addon)</onclick>																		
						<selected>System.HasAddon(repository.alfa-addon)</selected>
						<include>DefaultSettingButton</include>
					</control>
					<control type="radiobutton" id="335">
						<font>font14</font>
						<radioposx>1100</radioposx>
						<label>Repositorio Balandro $INFO[System.AddonVersion(repository.balandro),(,)]</label>
						<height>60</height>
						<radiowidth>100</radiowidth>
						<radioheight>100</radioheight>
						<textureradioonfocus colordiffuse="ffffffff">buttons/status-on.png</textureradioonfocus>
						<textureradioonnofocus colordiffuse="ffffffff">buttons/status-on.png</textureradioonnofocus>
						<textureradioofffocus colordiffuse="fff02222">buttons/status-off.png</textureradioofffocus>
						<textureradiooffnofocus colordiffuse="fff02222">buttons/status-off.png</textureradiooffnofocus>
						<onclick condition="!System.HasAddon(repository.balandro)">InstallAddon(repository.balandro)</onclick>																		
						<selected>System.HasAddon(repository.balandro)</selected>
						<include>DefaultSettingButton</include>
					</control>
					<control type="radiobutton" id="329">
						<radioposx>1100</radioposx>
						<font>font14</font>
						<label>Repositorio Camaradas $INFO[System.AddonVersion(repository.camaradas.repo),(,)]</label>
						<height>60</height>
						<radiowidth>100</radiowidth>
						<radioheight>100</radioheight>
						<textureradioonfocus colordiffuse="ffffffff">buttons/status-on.png</textureradioonfocus>
						<textureradioonnofocus colordiffuse="ffffffff">buttons/status-on.png</textureradioonnofocus>
						<textureradioofffocus colordiffuse="fff02222">buttons/status-off.png</textureradioofffocus>
						<textureradiooffnofocus colordiffuse="fff02222">buttons/status-off.png</textureradiooffnofocus>
						<onclick condition="!System.HasAddon(repoository.camaradas.repo)">InstallAddon(repository.camaradas.repo)</onclick>																		
						<selected>System.HasAddon(repository.camaradas.repo)</selected>
						<include>DefaultSettingButton</include>
					</control>
					<control type="radiobutton" id="330">
						<radioposx>1100</radioposx>
						<font>font14</font>
						<label>Repositorio Github (Torrest) $INFO[System.AddonVersion(repository.github),(,)]</label>
						<height>60</height>
						<radiowidth>100</radiowidth>
						<radioheight>100</radioheight>
						<textureradioonfocus colordiffuse="ffffffff">buttons/status-on.png</textureradioonfocus>
						<textureradioonnofocus colordiffuse="ffffffff">buttons/status-on.png</textureradioonnofocus>
						<textureradioofffocus colordiffuse="fff02222">buttons/status-off.png</textureradioofffocus>
						<textureradiooffnofocus colordiffuse="fff02222">buttons/status-off.png</textureradiooffnofocus>
						<onclick condition="!System.HasAddon(repoository.github)">InstallAddon(repository.github)</onclick>																		
						<onclick condition="System.HasAddon(repository.github)">ActivateWindow(10040,&quot;addons://repository.github/&quot;,return)</onclick>
						<selected>System.HasAddon(repository.github)</selected>
						<include>DefaultSettingButton</include>
					</control>
					<control type="radiobutton" id="332">
						<radioposx>1100</radioposx>
						<height>60</height>
						<font>font14</font>
						<label>Repositorio TVADDONS $INFO[System.AddonVersion(repository.xbmchub),(,)]</label>
						<radiowidth>100</radiowidth>
						<radioheight>100</radioheight>
						<textureradioonfocus colordiffuse="ffffffff">buttons/status-on.png</textureradioonfocus>
						<textureradioonnofocus colordiffuse="ffffffff">buttons/status-on.png</textureradioonnofocus>
						<textureradioofffocus colordiffuse="fff02222">buttons/status-off.png</textureradioofffocus>
						<textureradiooffnofocus colordiffuse="fff02222">buttons/status-off.png</textureradiooffnofocus>
						<onclick condition="!System.HasAddon(repoository.xbmchub)">InstallAddon(repository.xbmchub)</onclick>																		
						<selected>System.HasAddon(repository.xbmchub)</selected>
						<include>DefaultSettingButton</include>
					</control>
				<control type="button" id="308">
					<top>50</top>
					<height>60</height>
					<label>Continuar</label>
					<font>font14</font>
					<textoffsetx>30</textoffsetx>
					<onclick>Close</onclick>
					<onclick>ActivateWindow(1131)</onclick>
					<align>center</align>
				</control>
			</control>
		</control>
	</controls>
</window>