<?xml version="1.0" encoding="utf-8"?>
<window id="1129">
    <defaultcontrol>320</defaultcontrol>
    <controls>
		<control type="image">
			<left>330</left>
			<bottom>420</bottom>
			<width>65%</width>
			<height>65%</height>
			<texture background="true">firstrun.jpg</texture>
		</control>
		<control type="group">
			<centerleft>50%</centerleft>
			<top>280</top>
			<height>900</height>
			<width>1200</width>
			<control type="textbox">
				<top>100</top>
				<width>1200</width>
				<height>500</height>
				<shadowcolor>black</shadowcolor>
				<pagecontrol>3000</pagecontrol>
				<font>font13</font>
				<align>center</align>
				<label>Instala los siguientes addons que nutrirán de contenido y otras funciones al Skin.</label>
			</control>
			<control type="grouplist" id="9000">
				<orientation>vertical</orientation>
				<left>0</left>
				<itemgap>10</itemgap>
				<top>50</top>
				<width>1200</width>
				<align>center</align>
				<font>font13</font>
				<control type="button" id="320">
					<font>font14</font>
					<height>60</height>
					<label>Addon de Contenido (Películas y Series)</label>
					<label2>$VAR[Label_ContentAddon]</label2>
					<onclick>ActivateWindow(1130)</onclick>
					<include>DefaultSettingButton</include>
				</control>
				<control type="radiobutton" id="321">
					<font>font14</font>
					<label>Cristal Azul $INFO[System.AddonVersion(plugin.video.cristalazul),(,)] - Pelis, Series, TV, Deportes, Documentales, Varios</label>
					<height>60</height>
					<radiowidth>100</radiowidth>
					<radioheight>100</radioheight>
					<textureradioonfocus colordiffuse="ffffffff">buttons/status-on.png</textureradioonfocus>
					<textureradioonnofocus colordiffuse="ffffffff">buttons/status-on.png</textureradioonnofocus>
					<textureradioofffocus colordiffuse="fff02222">buttons/status-off.png</textureradioofffocus>
					<textureradiooffnofocus colordiffuse="fff02222">buttons/status-off.png</textureradiooffnofocus>
					<onclick condition="!System.HasAddon(plugin.video.cristalazul)">InstallAddon(plugin.video.cristalazul)</onclick>
					<selected>System.HasAddon(plugin.video.cristalazul)</selected>
					<include>DefaultSettingButton</include>
				</control>
				<control type="radiobutton" id="322">
					<font>font14</font>
					<height>60</height>
					<label>Winner $INFO[System.AddonVersion(plugin.video.winner),(,)] - Deportes</label>
					<radiowidth>100</radiowidth>
					<radioheight>100</radioheight>
					<textureradioonfocus colordiffuse="ffffffff">buttons/status-on.png</textureradioonfocus>
					<textureradioonnofocus colordiffuse="ffffffff">buttons/status-on.png</textureradioonnofocus>
					<textureradioofffocus colordiffuse="fff02222">buttons/status-off.png</textureradioofffocus>
					<textureradiooffnofocus colordiffuse="fff02222">buttons/status-off.png</textureradiooffnofocus>
					<onclick condition="!System.HasAddon(repository.camaradas)">InstallAddon(repository.camaradas.repo)</onclick>																		
					<onclick condition="!System.HasAddon(plugin.video.winner)">InstallAddon(plugin.video.winner)</onclick>																		
					<selected>System.HasAddon(plugin.video.winner)</selected>
					<include>DefaultSettingButton</include>
				</control>
				<control type="radiobutton" id="323">
					<font>font14</font>
					<height>60</height>
					<label>Horus $INFO[System.AddonVersion(script.module.horus),(,)] - Requerido para ver Deportes</label>
					<radiowidth>100</radiowidth>
					<radioheight>100</radioheight>
					<textureradioonfocus colordiffuse="ffffffff">buttons/status-on.png</textureradioonfocus>
					<textureradioonnofocus colordiffuse="ffffffff">buttons/status-on.png</textureradioonnofocus>
					<textureradioofffocus colordiffuse="fff02222">buttons/status-off.png</textureradioofffocus>
					<textureradiooffnofocus colordiffuse="fff02222">buttons/status-off.png</textureradiooffnofocus>
					<onclick condition="!System.HasAddon(script.module.horus)">InstallAddon(script.module.horus)</onclick>
					<onclick condition="System.HasAddon(script.module.horus)">Addon.OpenSettings(script.module.horus)</onclick>
					<selected>System.HasAddon(script.module.horus)</selected>
					<include>DefaultSettingButton</include>
				</control>
				<control type="radiobutton" id="326">
					<label>ResolveURL $INFO[System.AddonVersion(script.module.resolveurl),(,)] - Requerido por Cristal Azul</label>
					<font>font14</font>
					<height>60</height>
					<radiowidth>100</radiowidth>
					<radioheight>100</radioheight>
					<textureradioonfocus colordiffuse="ffffffff">buttons/status-on.png</textureradioonfocus>
					<textureradioonnofocus colordiffuse="ffffffff">buttons/status-on.png</textureradioonnofocus>
					<textureradioofffocus colordiffuse="fff02222">buttons/status-off.png</textureradioofffocus>
					<textureradiooffnofocus colordiffuse="fff02222">buttons/status-off.png</textureradiooffnofocus>
					<onclick condition="!System.HasAddon(script.module.resolveurl)">InstallAddon(script.module.resolveurl)</onclick>																		
					<selected>System.HasAddon(script.module.resolveurl)</selected>
					<include>DefaultSettingButton</include>
				</control>
				<control type="radiobutton" id="327">
					<font>font14</font>
					<label>Skin Helper Service $INFO[System.AddonVersion(script.skin.helper.service),(,)] - Dependencia del Skin</label>
					<height>60</height>
					<radiowidth>100</radiowidth>
					<radioheight>100</radioheight>
					<textureradioonfocus colordiffuse="ffffffff">buttons/status-on.png</textureradioonfocus>
					<textureradioonnofocus colordiffuse="ffffffff">buttons/status-on.png</textureradioonnofocus>
					<textureradioofffocus colordiffuse="fff02222">buttons/status-off.png</textureradioofffocus>
					<textureradiooffnofocus colordiffuse="fff02222">buttons/status-off.png</textureradiooffnofocus>
					<onclick condition="!System.HasAddon(script.skin.helper.service)">InstallAddon(script.skin.helper.service)</onclick>																		
					<selected>System.HasAddon(script.skin.helper.service)</selected>
					<include>DefaultSettingButton</include>
				</control>
				<control type="radiobutton" id="328">
					<font>font14</font>
					<label>Torrest $INFO[System.AddonVersion(plugin.video.torrest),(,)] - Cliente Torrent</label>
					<height>60</height>
					<radiowidth>100</radiowidth>
					<radioheight>100</radioheight>
					<textureradioonfocus colordiffuse="ffffffff">buttons/status-on.png</textureradioonfocus>
					<textureradioonnofocus colordiffuse="ffffffff">buttons/status-on.png</textureradioonnofocus>
					<textureradioofffocus colordiffuse="fff02222">buttons/status-off.png</textureradioofffocus>
					<textureradiooffnofocus colordiffuse="fff02222">buttons/status-off.png</textureradiooffnofocus>
					<onclick condition="!System.HasAddon(plugin.video.torrest)">InstallAddon(plugin.video.torrest)</onclick>																		
					<selected>System.HasAddon(plugin.video.torrest)</selected>
					<include>DefaultSettingButton</include>
				</control>
				<control type="button" id="308">
					<top>70</top>
					<height>60</height>
					<label>Continuar</label>
					<font>font14</font>
					<textoffsetx>30</textoffsetx>
					<onclick>Skin.SetBool(FirstRunSetup,true)</onclick>
					<onclick>Close</onclick>
					<onclick>ReloadSkin()</onclick>
					<onclick>ReplaceWindow(Home)</onclick>
					<align>center</align>
				</control>
			</control>
		</control>
	</controls>
</window>