<?xml version="1.0" encoding="utf-8"?>
<window>
	<defaultcontrol>7</defaultcontrol>
	<controls>
		<include>fadebackground</include>
		<control type="image">
			<!-- Dialog background -->
			<left>45</left>
			<top>45</top>
			<width>1830</width>
			<height>978</height>
			<texture border="14">button-menu-background.png</texture>
		</control>
		<control type="label">
			<!-- Dialog heading -->
			<left>66</left>
			<top>57</top>
			<width>1788</width>
			<height>54</height>
			<align>center</align>
			<label>$VAR[PVRChannelManagerHeading]</label>
			<font>stouch25</font>
		</control>
		<control type="image">
			<left>66</left>
			<top>117</top>
			<width>1788</width>
			<height>6</height>
			<texture>separator.png</texture>
		</control>
		<control type="group">
			<left>51</left>
			<top>132</top>
			<control type="scrollbar" id="60">
				<left>20</left>
				<top>0</top>
				<width>18</width>
				<height>798</height>
				<onright>20</onright>
				<animation condition="!Control.HasFocus(60) + !Container.Scrolling + !String.IsEqual(Skin.String(show-scrollbar),$LOCALIZE[31875])" effect="fade" start="100" end="0" time="200" reversible="true">Conditional</animation>
				<visible>$EXP[isEnabledScrollbar]</visible>
			</control>
			<control type="list" id="20">
				<left>54</left>
				<top>0</top>
				<width>825</width>
				<height>798</height>
				<itemgap>0</itemgap>
				<onup>20</onup>
				<ondown>9000</ondown>
				<onleft condition="String.IsEqual(Skin.String(show-scrollbar),$LOCALIZE[31877])">noop</onleft>
				<onleft condition="!String.IsEqual(Skin.String(show-scrollbar),$LOCALIZE[31877])">60</onleft>
				<onright>9002</onright>
				<pagecontrol>60</pagecontrol>
				<animation effect="fade" start="100" end="60" time="50" condition="ControlGroup(9002).HasFocus">Conditional</animation>
				<itemlayout height="114" width="816">
					<control type="image">
						<left>0</left>
						<top>0</top>
						<width>816</width>
						<height>114</height>
						<texture border="9" colordiffuse="midgrey">button-default.png</texture>
					</control>
					<control type="image">
						<left>15</left>
						<top>15</top>
						<width>42</width>
						<height>42</height>
						<texture>$VAR[PVRIcon]</texture>
						<visible>ListItem.Property(ActiveChannel)</visible>
					</control>
					<control type="label">
						<left>68</left>
						<top>12</top>
						<width>681</width>
						<height>36</height>
						<font>stouch23</font>
						<selectedcolor>listselected-text</selectedcolor>
						<label>$INFO[ListItem.Property(Number),(,) - ]$INFO[ListItem.Property(Name)]</label>
						<visible>ListItem.Property(ActiveChannel)</visible>
					</control>
					<control type="label">
						<left>68</left>
						<top>12</top>
						<width>681</width>
						<height>36</height>
						<font>stouch23</font>
						<selectedcolor>listselected-text</selectedcolor>
						<label>$INFO[ListItem.Property(Number),(,) - ]$INFO[ListItem.Property(Name)]</label>
						<visible>!ListItem.Property(ActiveChannel)</visible>
					</control>
					<control type="image">
						<left>765</left>
						<top>15</top>
						<width>30</width>
						<height>30</height>
						<texture>OverlayWatched.png</texture>
						<visible>ListItem.Property(Changed)</visible>
					</control>
				</itemlayout>
				<focusedlayout height="114" width="816">
					<control type="image">
						<left>0</left>
						<top>0</top>
						<width>816</width>
						<height>114</height>
						<texture border="9">button-default-focus.png</texture>
					</control>
					<control type="image">
						<left>15</left>
						<top>15</top>
						<width>42</width>
						<height>42</height>
						<texture>$VAR[PVRIcon]</texture>
					</control>
					<control type="label">
						<left>68</left>
						<top>12</top>
						<width>681</width>
						<height>36</height>
						<font>stouch23</font>
						<selectedcolor>listselected-text</selectedcolor>
						<label>$INFO[ListItem.Property(Number),(,) - ]$INFO[ListItem.Property(Name)]</label>
						<visible>ListItem.Property(ActiveChannel)</visible>
					</control>
					<control type="label">
						<left>68</left>
						<top>12</top>
						<width>681</width>
						<height>36</height>
						<font>stouch23</font>
						<selectedcolor>listselected-text</selectedcolor>
						<label>$INFO[ListItem.Property(Number),(,) - ]$INFO[ListItem.Property(Name)]</label>
						<visible>!ListItem.Property(ActiveChannel)</visible>
					</control>
					<control type="image">
						<left>765</left>
						<top>15</top>
						<width>30</width>
						<height>30</height>
						<texture>OverlayWatched.png</texture>
						<visible>ListItem.Property(Changed)</visible>
					</control>
					<control type="label">
						<left>27</left>
						<top>60</top>
						<width>750</width>
						<height>36</height>
						<font>stouch22</font>
						<selectedcolor>listselected-text</selectedcolor>
						<label>$LOCALIZE[19210]: $INFO[ListItem.Property(ClientName)]</label>
					</control>
				</focusedlayout>
			</control>
		</control>
		<control type="group" id="9002">
			<control type="group">
				<left>960</left>
				<top>132</top>
				<control type="label">
					<!-- Channel option header -->
					<left>0</left>
					<top>0</top>
					<width>870</width>
					<height>36</height>
					<label>[I]$VAR[PVRChannelManagerSubHeading][/I]</label>
				</control>
				<control type="radiobutton" id="7">
					<!-- Channel activated -->
					<left>0</left>
					<top>42</top>
					<width>870</width>
					<height>75</height>
					<font>stouch22</font>
					<focusedcolor>button-text</focusedcolor>
					<label>$LOCALIZE[19074]</label>
					<radioposx>810</radioposx>
					<onleft>20</onleft>
					<onright>7</onright>
					<onup>7</onup>
					<ondown>8</ondown>
				</control>
				<control type="edit" id="8">
					<!-- Channel name -->
					<left>0</left>
					<top>117</top>
					<width>870</width>
					<height>75</height>
					<font>stouch22</font>
					<focusedcolor>button-text</focusedcolor>
					<label>$LOCALIZE[19201] </label>
					<textwidth>807</textwidth>
					<onright>8</onright>
					<onleft>20</onleft>
					<onup>7</onup>
					<ondown>9</ondown>
				</control>
				<control type="button" id="9">
					<!-- Channel logo -->
					<left>0</left>
					<top>192</top>
					<width>870</width>
					<height>75</height>
					<font>stouch22</font>
					<label>$LOCALIZE[19202]</label>
					<onleft>20</onleft>
					<onright>9</onright>
					<onup>8</onup>
					<ondown>12</ondown>
				</control>
				<control type="image" id="10">
					<!-- Current channel icon -->
					<left>802</left>
					<top>208</top>
					<width>42</width>
					<height>42</height>
					<texture>$VAR[PVRIcon]</texture>
				</control>
				<control type="radiobutton" id="12">
					<!-- EPG activated -->
					<left>0</left>
					<top>267</top>
					<width>870</width>
					<height>75</height>
					<font>stouch22</font>
					<focusedcolor>button-text</focusedcolor>
					<label>$LOCALIZE[19206]</label>
					<radioposx>810</radioposx>
					<onleft>20</onleft>
					<onright>12</onright>
					<onup>9</onup>
					<ondown>13</ondown>
				</control>
				<control type="spincontrolex" id="13">
					<!-- EPG Source -->
					<left>0</left>
					<top>342</top>
					<width>870</width>
					<height>75</height>
					<font>stouch22</font>
					<label>$LOCALIZE[19200]</label>
					<onright>13</onright>
					<onleft>20</onleft>
					<onup>12</onup>
					<ondown>14</ondown>
				</control>
				<control type="radiobutton" id="14">
					<!-- Parental locked -->
					<left>0</left>
					<top>417</top>
					<width>870</width>
					<height>75</height>
					<font>stouch22</font>
					<focusedcolor>button-text</focusedcolor>
					<label>$LOCALIZE[19267]</label>
					<radioposx>810</radioposx>
					<onleft>20</onleft>
					<onright>14</onright>
					<onup>13</onup>
					<ondown>30</ondown>
				</control>
			</control>
			<control type="group">
				<left>960</left>
				<top>660</top>
				<control type="label">
					<!-- Advanced channel options Header -->
					<left>0</left>
					<top>0</top>
					<width>720</width>
					<height>36</height>
					<label>[I]$LOCALIZE[31706][/I]</label>
				</control>
				<control type="button" id="30">
					<!-- Group manager -->
					<left>0</left>
					<top>42</top>
					<width>435</width>
					<height>75</height>
					<font>stouch22</font>
					<align>center</align>
					<label>$LOCALIZE[19205]</label>
					<onleft>20</onleft>
					<onright>34</onright>
					<onup>14</onup>
					<ondown>9000</ondown>
				</control>
				<control type="button" id="34">
					<!-- TV/Radio -->
					<left>442</left>
					<top>42</top>
					<width>428</width>
					<height>75</height>
					<font>stouch22</font>
					<visible>String.IsEmpty(Window.Property(IsRadio))</visible>
					<align>center</align>
					<label>$LOCALIZE[19024]</label>
					<onleft>30</onleft>
					<onright>34</onright>
					<onup>14</onup>
					<ondown>9000</ondown>
				</control>
				<control type="button" id="34">
					<!-- TV/Radio -->
					<left>442</left>
					<top>42</top>
					<width>428</width>
					<height>75</height>
					<font>stouch22</font>
					<visible>!String.IsEmpty(Window.Property(IsRadio))</visible>
					<align>center</align>
					<label>$LOCALIZE[19023]</label>
					<onleft>30</onleft>
					<onright>34</onright>
					<onup>14</onup>
					<ondown>9000</ondown>
				</control>
			</control>
		</control>
		<control type="group" id="9000">
			<left>270</left>
			<top>933</top>
			<control type="button" id="4">
				<!-- OK -->
				<left>0</left>
				<top>0</top>
				<width>450</width>
				<height>69</height>
				<label>$LOCALIZE[186]</label>
				<font>stouch22</font>
				<align>center</align>
				<onleft>6</onleft>
				<onright>5</onright>
				<onup>30</onup>
			</control>
			<control type="button" id="5">
				<!-- Apply changes -->
				<left>465</left>
				<top>0</top>
				<width>450</width>
				<height>69</height>
				<label>$LOCALIZE[14070]</label>
				<font>stouch22</font>
				<align>center</align>
				<onleft>4</onleft>
				<onright>6</onright>
				<onup>30</onup>
			</control>
			<control type="button" id="6">
				<!-- Cancel -->
				<left>930</left>
				<top>0</top>
				<width>450</width>
				<height>69</height>
				<label>$LOCALIZE[222]</label>
				<font>stouch22</font>
				<align>center</align>
				<onleft>5</onleft>
				<onright>4</onright>
				<onup>30</onup>
			</control>
		</control>
	</controls>
</window>