<?xml version="1.0" encoding="utf-8"?>
<window>
	<defaultcontrol>9000</defaultcontrol>
	<coordinates>
		<left>0</left>
		<top>0</top>
	</coordinates>
	<controls>
		<include>fadebackground</include>
		<control type="image">
			<!-- Dialog background image -->
			<left>376</left>
			<top>342</top>
			<width>1169</width>
			<height>360</height>
			<texture border="14">button-menu-background.png</texture>
		</control>
		<control type="label" id="1">
			<!-- Dialog heading -->
			<left>398</left>
			<top>351</top>
			<width>1125</width>
			<height>45</height>
			<align>center</align>
			<font>stouch25</font>
		</control>
		<control type="image">
			<left>398</left>
			<top>402</top>
			<width>1125</width>
			<height>6</height>
			<texture>separator.png</texture>
		</control>
		<control type="textbox" id="9">
			<!-- Dialog info prompt -->
			<left>398</left>
			<top>408</top>
			<width>1125</width>
			<height>165</height>
			<align>center</align>
			<font>stouch22</font>
			<autoscroll time="2000" delay="8000" repeat="5000">Skin.HasSetting(text-autoscroll) + !System.ScreenSaverActive</autoscroll>
		</control>
		<control type="progress" id="20">
			<left>398</left>
			<top>584</top>
			<width>1125</width>
			<height>18</height>
			<info>System.Progressbar</info>
		</control>
		<control type="grouplist" id="9000">
			<orientation>horizontal</orientation>
			<left>398</left>
			<top>609</top>
			<width>1125</width>
			<height>75</height>
			<align>center</align>
			<control type="button" id="10">
				<width>375</width>
				<height>75</height>
				<font>stouch23</font>
				<texturefocus border="9" colordiffuse="orange">button-default.png</texturefocus>
				<texturenofocus border="9"></texturenofocus>				
				<align>center</align>
			</control>
			<control type="button" id="11">
				<width>375</width>
				<height>75</height>
				<font>stouch23</font>
				<align>center</align>
				<texturefocus border="9" colordiffuse="orange">button-default.png</texturefocus>
				<texturenofocus border="9"></texturenofocus>				
			</control>
			<control type="button" id="12">
				<width>375</width>
				<height>75</height>
				<font>stouch23</font>
				<align>center</align>
				<texturefocus border="9" colordiffuse="orange">button-default.png</texturefocus>
				<texturenofocus border="9"></texturenofocus>				
			</control>
		</control>
	</controls>
</window>