<?xml version="1.0" encoding="utf-8"?>
<window>
	<controls>
		<control type="group" id="1">
			<visible>[Player.ShowInfo | Window.IsActive(videoosd)] + ![Window.IsVisible(sliderdialog) | Window.IsVisible(osdvideosettings) | Window.IsVisible(osdaudiosettings) | Window.IsVisible(videobookmarks)]</visible>
			<control type="image" id="1">
				<!-- Dialog background -->
				<left>0</left>
				<top>40</top>
				<height>1080</height>
				<width>1920</width>
				<texture colordiffuse="ff000000">grandient_overlay_osd.png</texture>
			</control>
			<include>player-mediaicon</include>
			<control type="label" id="1">
				<!-- Title of currently playing video -->
				<left>370</left>
				<top>755</top>
				<width>1100</width>
				<height>38</height>
				<font>stouch38</font>
				<label>[B]$INFO[VideoPlayer.Title][/B]</label>
				<align>left</align>
				<visible>!VideoPlayer.Content(LiveTV)</visible>
			</control>
			<control type="group" id="1">
				<!-- Details of Live TV Program -->
				<visible>VideoPlayer.Content(LiveTV)</visible>
				<control type="label" id="1">
					<!-- TV Channel Name -->
					<left>370</left>
					<top>735</top>
					<width>320</width>
					<height>38</height>
					<font>stouch20</font>
					<label>[B]$INFO[VideoPlayer.ChannelName][/B]</label>
					<align>left</align>
				</control>
				<control type="label" id="1">
					<!-- Title of Live TV Program -->
					<left>370</left>
					<top>765</top>
					<width>726</width>
					<height>38</height>
					<font>stouch16</font>
					<label>[B]$INFO[VideoPlayer.Title,$LOCALIZE[19030]: ,][/B]</label>
					<align>left</align>
				</control>
				<control type="label" id="1">
					<!-- Tv Show title up next -->
					<left>1100</left>
					<top>765</top>
					<width>800</width>
					<height>38</height>
					<font>stouch16</font>
					<label>[B]$INFO[VideoPlayer.NextTitle,$LOCALIZE[19031]: ,][/B]</label>
					<align>left</align>
					<textcolor>disabled-text</textcolor>
				</control>
			</control>
			<control type="textbox" id="1">
				<!-- Plot -->
				<left>370</left>
				<top>820</top>
				<width>1500</width>
				<height>110</height>
				<font>stouch18l</font>
				<label>$INFO[VideoPlayer.Plot]</label>
				<align>justify</align>
				<include condition="Skin.Hasetting(text-autoscroll)">scrolltext</include>
				<visible>!String.IsEmpty(VideoPlayer.Plot)</visible>
			</control>
			<control type="grouplist" id="1">
				<!-- Media flags -->
				<right>45</right>
				<top>760</top>
				<width>310</width>
				<height>60</height>
				<align>center</align>
				<orientation>horizontal</orientation>
				<itemgap>6</itemgap>
				<animation effect="fade" start="0" end="100" time="1000">WindowOpen</animation>
				<control type="image" id="1">
					<!-- Audio Codec -->
					<width>75</width>
					<height>55</height>
					<texture background="true">$INFO[VideoPlayer.AudioCodec,special://skin/extras/images/audio/,.png]</texture>
					<visible>!VideoPlayer.Content(LiveTV)</visible>				
				</control>
				<control type="image" id="1">
					<!-- Video Codec -->
					<width>75</width>
					<height>55</height>
					<texture background="true">$INFO[VideoPlayer.VideoCodec,special://skin/extras/images/video/,.png]</texture>
					<visible>!VideoPlayer.Content(LiveTV)</visible>				
				</control>
				<control type="image" id="1">
					<!-- Video Aspect Ratio -->
					<width>75</width>
					<height>55</height>
					<texture background="true">$INFO[VideoPlayer.VideoAspect,special://skin/extras/images/aspectratio/,.png]</texture>
					<visible>!VideoPlayer.Content(LiveTV)</visible>				
				</control>
				<control type="image" id="1">
					<!-- Video Resolution -->
					<width>75</width>
					<height>55</height>
					<texture background="true">$INFO[VideoPlayer.VideoResolution,special://skin/extras/images/resolution/,.png]</texture>
					<visible>!VideoPlayer.Content(LiveTV)</visible>				
				</control>
			</control>
			<control type="grouplist" id="1">
				<!-- Media flags -->
				<right>55x</right>
				<top>760</top>
				<width>80</width>
				<height>60</height>
				<align>center</align>
				<orientation>horizontal</orientation>
				<itemgap>6</itemgap>
				<animation effect="fade" start="0" end="100" time="1000">WindowOpen</animation>		
				<visible>VideoPlayer.Content(LiveTV)</visible>								
				<control type="image" id="1">
					<!-- Video Resolution -->
					<width>75</width>
					<height>55</height>
					<texture background="true">$INFO[VideoPlayer.VideoResolution,special://skin/extras/images/resolution/,.png]</texture>
				</control>				
			</control>
			<control type="group" id="1">
				<visible>[Window.IsVisible(fullscreenvideo)] + ![Window.IsVisible(sliderdialog) | Window.IsVisible(osdvideosettings) | Window.IsVisible(osdaudiosettings) | Window.IsVisible(videobookmarks)]</visible>
				<control type="group" id="1">
					<visible>!VideoPlayer.Content(LiveTV)</visible>
					<control type="label" id="1">
						<left>30</left>
						<top>1015</top>
						<width>140</width>
						<height>30</height>
						<font>stouch18</font>
						<label>Hora $INFO[System.Time(hh:mm)]</label>
						<align>right</align>
					</control>
					<control type="label" id="1">
						<left>180</left>
						<top>1015</top>
						<width>200</width>
						<height>30</height>
						<font>stouch18</font>
						<label>[COLOR orange]|[/COLOR] Termina $INFO[Player.FinishTime]</label>
						<align>left</align>
					</control>
					<control type="label" id="1">
						<right>145</right>
						<top>1015</top>
						<width>140</width>
						<height>30</height>
						<font>stouch18</font>
						<label>$INFO[VideoPlayer.Time(hh:mm:ss)] [COLOR orange] |[/COLOR] </label>
						<align>right</align>
					</control>
					<control type="label" id="1">
						<right>30</right>
						<top>1015</top>
						<width>130</width>
						<height>30</height>
						<font>stouch18</font>
						<label>$INFO[VideoPlayer.Duration(hh:mm:ss)]</label>
						<align>right</align>
					</control>					
				</control>
				<control type="group" id="1">
					<visible>VideoPlayer.Content(LiveTV)</visible>
					<control type="label" id="1">
						<left>30</left>
						<top>1015</top>
						<width>140</width>
						<height>30</height>
						<font>stouch18</font>
						<label>Hora $INFO[System.Time(hh:mm)]</label>
						<align>right</align>
					</control>
					<control type="label" id="1">
						<left>185</left>
						<top>1015</top>
						<width>200</width>
						<height>30</height>
						<font>stouch18</font>
						<label>[COLOR orange]|[/COLOR] Termina $INFO[PVR.EpgEventFinishTime]</label>
						<align>left</align>
					</control>							
				</control>
				<control type="group" id="1">
					<visible>![Window.IsVisible(seekbar)] + ![Window.IsVisible(videoosd)]</visible>
					<control type="image">
						<left>25</left>
						<top>960</top>
						<width>1870</width>
						<height>22</height>
						<texture border="8" colordiffuse="FF1f1f1f">progress-bar-focus.png</texture>	
					</control>
					<control type="progress" id="1">
						<left>25</left>
						<top>950</top>
						<width>1870</width>
						<height>22</height>
						<info>Player.ProgressCache</info>
						<colordiffuse>CacheBarColor</colordiffuse>
						<visible>!Pvr.IsPlayingTv</visible>
					</control>
					<control type="progress" id="1">
						<left>25</left>
						<top>950</top>
						<width>1870</width>
						<height>22</height>
						<info>Player.Progress</info>
						<visible>!Pvr.IsPlayingTv</visible>
					</control>
					<control type="slider" id="1">
						<left>25</left>
						<top>950</top>
						<width>1870</width>
						<height>22</height>
						<info>Player.Progress</info>
						<visible>!Pvr.IsPlayingTv</visible>
					</control>
					<control type="progress" id="1">
						<left>25</left>
						<top>950</top>
						<width>1870</width>
						<height>22</height>
						<info>PVR.EpgEventProgress</info>
						<visible>Pvr.IsPlayingTv</visible>
					</control>
				</control>
			</control>
		</control>
		<!-- Aspect Ratio / Zoom Info Overlay -->
		<control type="group">
			<left>0</left>
			<top>100</top>
			<width>100%</width>
			<height>275</height>
			<!-- Row 1 label -->
			<control type="label" id="10">
				<left>50</left>
				<top>20</top>
				<width>70%</width>
				<height>50</height>
				<font>stouch20</font>
			</control>
			<!-- Row 2 label -->
			<control type="label" id="11">
				<left>50</left>
				<top>110</top>
				<width>70%</width>
				<height>50</height>
				<font>stouch20</font>
			</control>
			<!-- Row 3 label -->
			<control type="label" id="12">
				<left>50</left>
				<top>200</top>
				<width>70%</width>
				<height>50</height>
				<font>stouch20</font>
			</control>
		</control>
	</controls>
</window>