<?xml version="1.0" encoding="utf-8"?>
<includes>
	<include name="VideoListView">
		<control type="fixedlist" id="50">
			<viewtype label="31941">list</viewtype>
			<left>700</left>
			<top>145</top>
			<width>1180</width>
			<height>890</height>
			<itemgap>0</itemgap>
			<focusposition>3</focusposition>
			<movement>9</movement>
			<onleft>$VAR[ListScrollNavSets]</onleft>
			<onright>$VAR[ListScrollNavVideo]</onright>
			<onup>Control.SetFocus(80001,$INFO[Container(50).Position])</onup>
			<ondown>50</ondown>
            <include content="View_Forced">
                <param name="string" value="$LOCALIZE[31941]" />
            </include>
			<preloaditems>9</preloaditems>
			<pagecontrol>1250</pagecontrol>	
			<itemlayout width="1180" height="100">
				<control type="image">
					<left>15</left>
					<top>28</top>
					<width>36</width>
					<height>36</height>
					<texture>$VAR[Overlaylist]</texture>
				</control>
				<control type="image">
					<top>34</top>
					<left>70</left>
					<width>35</width>					
					<height>25</height>
					<colordiffuse>dimgrey</colordiffuse>
					<texture>$VAR[Overlaytype]</texture>
				</control>	
				<control type="label">
					<!-- Year -->
					<left>125</left>
					<top>0</top>
					<height>85</height>
					<width>100</width>						
					<textcolor>disabled-text</textcolor>						
					<label>$INFO[ListItem.Year]</label>
					<font>stouch20</font>
				</control>				
				<control type="group">
					<visible>![Container.Content(movies) | Container.Content(musicvideos) | Container.Content(tvshows) | Container.Content(seasons) | Container.Content(episodes) | Container.Content(addons)]</visible>
					<control type="label">
						<left>120</left>
						<top>0</top>
						<width>750</width>
						<height>85</height>
						<font>stouch22</font>
						<label>$INFO[ListItem.Label]</label>
					</control>
				</control>
				<control type="group">
					<visible>Container.Content(addons) | [Container.Content(movies) + String.isEmpty(ListItem.Duration) + String.isEmpty(ListItem.Year) + String.isEmpty(ListItem.Rating)]</visible>
					<control type="label">
						<left>120</left>
						<top>0</top>
						<width>970</width>
						<height>85</height>
						<font>stouch22</font>
						<label>$INFO[ListItem.Label]</label>
					</control>
				</control>
				<control type="group">
					<visible>Container.Content(tvshows) | Container.Content(seasons)</visible>
					<control type="label">
						<left>220</left>
						<top>0</top>
						<width>750</width>
						<height>85</height>
						<font>stouch22</font>
						<label>$INFO[ListItem.Label]</label>
					</control>
				</control>
				<control type="group">
					<visible>[Container.Content(movies) + !String.isEmpty(ListItem.Duration) | !String.isEmpty(ListItem.Year) | !String.isEmpty(ListItem.Rating)] | Container.Content(musicvideos) | Container.Content(episodes)</visible>
					<control type="label">
						<left>220</left>
						<top>0</top>
						<width>750</width>
						<height>85</height>
						<font>stouch22</font>
						<label>$INFO[ListItem.Label]</label>
					</control>
				</control>
					<!-- Duration -->
					<control type="label">
						<right>20</right>
						<top>0</top>
						<width>125</width>
						<height>85</height>
						<font>stouch20</font>
						<textcolor>disabled-text</textcolor>						
						<label>$INFO[Listitem.Duration(h),,h] $INFO[Listitem.Duration(mm),,m]</label>
						<visible>!String.IsEmpty(ListItem.Duration) + !String.IsEqual(ListItem.DBTYPE,tvshow) + !String.IsEqual(ListItem.DBTYPE,season)</visible>	
					</control>				
			</itemlayout>
			<focusedlayout width="1180" height="100">
				<control type="image">
					<!-- Button focus slider -->
					<left>0</left>
					<top>0</top>
					<width>1180</width>
					<height>90</height>
					<texture border="9">button-default-focus.png</texture>
					<aspectratio>stretch</aspectratio>
				</control>				
				<control type="image">
					<left>15</left>
					<top>28</top>
					<width>36</width>
					<height>36</height>
					<texture>$VAR[Overlaylist]</texture>
				</control>
				<control type="image">
					<left>70</left>
					<top>34</top>
					<width>35</width>
					<height>25</height>
					<colordiffuse>orange</colordiffuse>
					<texture>$VAR[Overlaytype]</texture>
				</control>										
				<control type="group">
					<visible>![Container.Content(movies) | Container.Content(musicvideos) | Container.Content(tvshows) | Container.Content(seasons) | Container.Content(episodes) | Container.Content(addons)]</visible>
					<control type="label">
						<left>120</left>
						<top>0</top>
						<width>750</width>
						<height>85</height>
						<font>stouch22</font>
						<textcolor>orange</textcolor>
						<label>$INFO[ListItem.Label]</label>
						<include>scrolltext</include>
					</control>
				</control>
				<control type="group">
					<visible>Container.Content(addons) | [Container.Content(movies) + String.isEmpty(ListItem.Duration) + String.isEmpty(ListItem.Year) + String.isEmpty(ListItem.Rating)]</visible>
					<control type="label">
						<left>120</left>
						<top>0</top>
						<width>970</width>
						<height>85</height>
						<font>stouch22</font>
						<textcolor>orange</textcolor>
						<label>$INFO[ListItem.Label]</label>
						<include>scrolltext</include>						
					</control>
				</control>
				<control type="group">
					<visible>Container.Content(tvshows) | Container.Content(seasons)</visible>
					<control type="label">
						<left>220</left>
						<top>0</top>
						<width>750</width>
						<height>85</height>
						<font>stouch22</font>
						<textcolor>orange</textcolor>
						<label>$INFO[ListItem.Label]</label>
					</control>
				</control>
				<control type="group">
					<visible>[Container.Content(movies) + !String.isEmpty(ListItem.Duration) | !String.isEmpty(ListItem.Year) | !String.isEmpty(ListItem.Rating)] | Container.Content(musicvideos) | Container.Content(episodes)</visible>
					<control type="label">
						<left>220</left>
						<top>0</top>
						<width>750</width>
						<height>85</height>
						<textcolor>orange</textcolor>
						<font>stouch22</font>
						<label>$INFO[ListItem.Label]</label>
					</control>
				</control>
					<control type="label">
						<!-- Year -->
						<left>125</left>
						<top>0</top>
						<width>100</width>
						<height>85</height>
						<textcolor>orange</textcolor>
						<label>$INFO[ListItem.Year]</label>
						<font>stouch20</font>
					</control>	
					<!-- Duration -->
					<control type="label">
						<right>20</right>
						<top>0</top>
						<width>125</width>
						<height>85</height>
						<font>stouch20</font>
						<textcolor>orange</textcolor>
						<label>$INFO[Listitem.Duration(h),,h] $INFO[Listitem.Duration(mm),,m]</label>
						<visible>!String.IsEmpty(ListItem.Duration) + !String.IsEqual(ListItem.DBTYPE,tvshow) + !String.IsEqual(ListItem.DBTYPE,season)</visible>	
					</control>								
			</focusedlayout>
		</control>
		<control type="group"><!-- Listitem icons -->
			<visible>Control.IsVisible(50)</visible>
			<control type="image">
				<left>40</left>
				<top>120</top>
				<width>620</width>
				<height>925</height>
				<texture background="true" fallback="DefaultVideo.png">$INFO[ListItem.Icon]</texture>
				<aspectratio scalediffuse="true" align="center" aligny="center">keep</aspectratio>
				<visible>$EXP[isParentFolder]</visible>
			</control>
			<control type="group">
				<visible>$EXP[isnotParentFolder]</visible>
				<control type="image">
					<left>40</left>
					<top>120</top>
					<width>620</width>
					<height>925</height>
					<texture background="true" fallback="DefaultVideo.png" diffuse="diffuse/bigposter.png">$VAR[IconPoster]</texture>
					<aspectratio scalediffuse="false" align="center" aligny="center">scale</aspectratio>
				</control>
				<control type="group"><!-- TV Shows, Seasons or Episodes -->
					<visible>[Container.Content(tvshows) | Container.Content(seasons) | Container.Content(episodes)]</visible>
					<include content="listitem-count">
						<param name="left" value="888" />
						<param name="top" value="634" />
						<param name="count" value="ListItem.Property(UnwatchedEpisodes)" />
						<param name="size" value="100" />
					</include>
				</control>
			</control>
		</control>
		<control type="scrollbar" id="1250">
			<left>1892</left>
			<top>150</top>
			<width>18</width>
			<height>880</height>
			<onright>4504</onright>
			<onleft condition="Skin.HasSetting(show-letterbar) + [Container.Content(sets) | Container.Content(movies) | Container.Content(tvshows) | Container.Content(musicvideos)]">1260</onleft>
			<onleft condition="!Skin.HasSetting(show-letterbar) | ![Container.Content(sets) | Container.Content(movies) | Container.Content(tvshows) | Container.Content(musicvideos)]">50</onleft>
			<animation condition="!Control.HasFocus(1250) + !Container.Scrolling + !String.IsEqual(Skin.String(show-scrollbar),$LOCALIZE[31875])" effect="fade" start="100" end="0" time="200" reversible="true">Conditional</animation>
			<animation condition="Skin.HasSetting(show-letterbar) + [Container.Content(sets) | Container.Content(movies) | Container.Content(tvshows) | Container.Content(musicvideos)]" effect="slide" end="15,0" reversible="true">Conditional</animation>
			<visible>Control.IsVisible(50) + !String.IsEqual(Skin.String(show-scrollbar),$LOCALIZE[31877])</visible>
		</control>
	</include>	

	
<!-- Lista Detalles -->
	<include name="ListPlot">
		<control type="fixedlist" id="57">
			<visible>!Container.Content(Addons)</visible>
			<viewtype label="31945">listPlot</viewtype>
			<left>960</left>
			<top>145</top>
			<width>1030</width>
			<height>890</height>
			<itemgap>0</itemgap>
			<focusposition>3</focusposition>
			<movement>9</movement>
			<onleft>$VAR[ListScrollNavSets]</onleft>
			<onright>$VAR[ListScrollNavVideo]</onright>
			<onup>Control.SetFocus(80001,$INFO[Container(57).Position])</onup>
			<ondown>57</ondown>
            <include content="View_Forced">
                <param name="string" value="$LOCALIZE[31945]" />
            </include>			
			<preloaditems>9</preloaditems>
			<pagecontrol>1257</pagecontrol>	
			<itemlayout width="915" height="100">
				<control type="image">
					<left>10</left>
					<top>24</top>
					<width>40</width>
					<height>40</height>
					<texture>$VAR[Overlaylist]</texture>
				</control>
				<control type="group">
					<visible>![Container.Content(movies) | Container.Content(musicvideos) | Container.Content(tvshows) | Container.Content(seasons) | Container.Content(episodes) | Container.Content(addons)]</visible>
					<control type="label">
						<left>75</left>
						<top>0</top>
						<width>800</width>
						<height>85</height>
						<font>stouch22</font>
						<label>$INFO[ListItem.Label]</label>
					</control>
				</control>
				<control type="group">
					<visible>Container.Content(addons)</visible>
					<control type="label">
						<left>75</left>
						<top>0</top>
						<width>800</width>
						<height>85</height>
						<font>stouch22</font>
						<label>$INFO[ListItem.Label]</label>
					</control>
				</control>
				<control type="group">
					<visible>Container.Content(tvshows) | Container.Content(seasons)</visible>
					<control type="label">
						<left>75</left>
						<top>0</top>
						<width>800</width>
						<height>85</height>
						<font>stouch22</font>
						<label>$INFO[ListItem.Label]</label>
					</control>
				</control>
				<control type="group">
					<visible>Container.Content(movies) | Container.Content(musicvideos) | Container.Content(episodes)</visible>
					<control type="label">
						<left>75</left>
						<top>0</top>
						<width>800</width>
						<height>85</height>
						<font>stouch22</font>
						<label>$INFO[ListItem.Label]</label>
					</control>
				</control>	
			</itemlayout>
			<focusedlayout width="915" height="100">
				<control type="image">
					<!-- Button focus slider -->
					<left>0</left>
					<top>0</top>
					<width>915</width>
					<height>90</height>
					<texture border="9">button-default-focus.png</texture>
					<aspectratio>stretch</aspectratio>
				</control>				
				<control type="image">
					<left>10</left>
					<top>24</top>
					<width>40</width>
					<height>40</height>
					<texture>$VAR[Overlaylist]</texture>
				</control>
				<control type="group">
					<visible>![Container.Content(movies) | Container.Content(musicvideos) | Container.Content(tvshows) | Container.Content(seasons) | Container.Content(episodes) | Container.Content(addons)]</visible>
					<control type="label">
						<left>75</left>
						<top>0</top>
						<width>800</width>
						<height>85</height>
						<font>stouch22</font>
						<textcolor>orange</textcolor>
						<label>$INFO[ListItem.Label]</label>
						<include>scrolltext</include>
					</control>
					<control type="label">
						<left>75</left>
						<top>48</top>
						<width>800</width>
						<height>85</height>
						<font>stouch22</font>
						<textcolor>orange</textcolor>
						<label>$INFO[ListItem.Label2]</label>
						<include>scrolltext</include>
					</control>
				</control>
				<control type="group">
					<visible>Container.Content(addons)</visible>
					<control type="label">
						<left>75</left>
						<top>0</top>
						<width>800</width>
						<height>85</height>
						<font>stouch22</font>
						<textcolor>orange</textcolor>
						<label>$INFO[ListItem.Label]</label>
						<include>scrolltext</include>
					</control>
				</control>
				<control type="group">
					<visible>Container.Content(tvshows) | Container.Content(seasons)</visible>
					<control type="label">
						<left>75</left>
						<top>0</top>
						<width>800</width>
						<height>85</height>
						<font>stouch22</font>
						<textcolor>orange</textcolor>
						<label>$INFO[ListItem.Label]</label>
						<include>scrolltext</include>
					</control>
				</control>
				<control type="group">
					<visible>Container.Content(movies) | Container.Content(musicvideos) | Container.Content(episodes)</visible>
					<control type="label">
						<left>75</left>
						<top>0</top>
						<width>800</width>
						<height>85</height>
						<font>stouch22</font>
						<textcolor>orange</textcolor>
						<label>$INFO[ListItem.Label]</label>
						<include>scrolltext</include>
					</control>
				</control>
			</focusedlayout>
		</control>
		<control type="group"><!-- Listitem icons -->
			<visible>Control.IsVisible(57)</visible>
			<control type="image" id="7116">
				<!-- Show logo -->
				<right>875</right>
				<top>610</top>
				<width>495</width>
				<height>140</height>
				<texture >$VAR[VideoLogo]</texture>
				<aspectratio align="left" aligny="bottom">keep</aspectratio>
				<align>right</align>
				<animation effect="fade" delay="200" start="0" end="100" time="200">Visible</animation>
			</control>
			<control type="image">
				<left>50</left>
				<top>95</top>
				<width>850</width>
				<height>500</height>
				<texture background="true" diffuse="diffuse/bigposter.png">$INFO[ListItem.Art(fanart)]</texture>
				<aspectratio scalediffuse="false" align="center" aligny="center">keep</aspectratio>
				<visible>String.isEmpty(ListItem.Art(thumb)) + $EXP[isnotParentFolder] | $EXP[isSeason] | $EXP[isTvshow] | $EXP[isMovie] + !Player.HasVideo</visible>					
			</control>	
			<control type="image">
				<left>50</left>
				<top>95</top>
				<width>850</width>
				<height>500</height>
				<aspectratio scalediffuse="false" align="center" aligny="center">keep</aspectratio>	
				<texture background="true" fallback="DefaultVideo.png" diffuse="diffuse/bigposter.png">$INFO[ListItem.Art(poster)]</texture>
				<visible>String.isEmpty(ListItem.Art(fanart)) + $EXP[isnotParentFolder] + !Player.HasVideo</visible>	
			</control>
			<control type="image">
				<left>50</left>
				<top>95</top>
				<width>850</width>
				<height>500</height>
				<aspectratio scalediffuse="false" align="center" aligny="center">keep</aspectratio>	
				<texture background="true" fallback="DefaultVideo.png" diffuse="diffuse/bigposter.png">$VAR[IconPoster]</texture>
				<visible>$EXP[isParentFolder] | $EXP[isVideo] + !Player.HasVideo</visible>	
			</control>				
			<control type="image">
				<left>50</left>
				<top>95</top>
				<width>850</width>
				<height>500</height>
				<aspectratio scalediffuse="false" align="center" aligny="center">scale</aspectratio>	
				<texture background="true" fallback="DefaultVideo.png" diffuse="diffuse/bigposter.png">$INFO[ListItem.Art(thumb)]</texture>
				<visible>$EXP[isnotParentFolder] + $EXP[isnotSeason] + $EXP[isnotTvshow] + $EXP[isEpisode] + !Player.HasVideo</visible>
			</control>	
			<control type="group">
				<left>50</left>
				<width>850</width>
				<height>500</height>
				<top>110</top>
				<visible>Player.HasVideo</visible>
				<control type="videowindow">
					<width>850</width>
					<height>475</height>
				</control>
			</control>									
			<control type="grouplist">
				<visible>!String.IsEmpty(ListItem.Title)</visible>
				<left>50</left>
				<top>615</top>
				<align>left</align>
				<itemgap>10</itemgap>
				<orientation>horizontal</orientation>
				<control type="image">
					<!-- Star Rating -->
					<width>130</width>
					<height>25</height>
					<texture>$VAR[MediaRating]</texture>
					<aspectratio>keep</aspectratio>
				</control>								
				<control type="label">
					<!-- Rating -->
					<width>50</width>
					<height>26</height>
					<label>$INFO[ListItem.Rating]</label>
					<font>stouch16</font>
				</control>
			</control>		
			<control type="grouplist">	
				<visible>!String.IsEmpty(ListItem.Title)</visible>
				<left>50</left>
				<top>655</top>
				<align>left</align>
				<itemgap>10</itemgap>
				<orientation>horizontal</orientation>
				<control type="label">
					<!-- Año -->
					<width>70</width>
					<height>39</height>
					<label>$INFO[ListItem.Year]</label>
					<font>stouch18</font>
				</control>		
				<control type="label">
					<!-- Duration -->
					<width>130</width>
					<align>center</align>
					<height>39</height>
					<font>stouch18</font>
					<label>[B][COLOR orange]| [/COLOR][/B] $INFO[Listitem.Duration(h),,h] $INFO[Listitem.Duration(mm),,m]</label>
					<visible>!Container.Content(seasons) + !String.isEmpty(ListItem.Duration)</visible>
				</control>
				<control type="label">
					<!-- Director -->
					<width>275</width>
					<height>39</height>
					<label>$INFO[ListItem.Director,[B][COLOR orange]| [/COLOR][/B] ]</label>	
					<font>stouch18</font>
				</control>				
			</control>
				<control type="label">
					<!-- Estrenado -->
					<top>700</top>
					<left>50</left>
					<width>260</width>
					<height>39</height>
					<font>stouch18</font>
					<label>Estreno: $INFO[ListItem.Premiered]</label>
					<visible>!String.isEmpty(ListItem.Premiered)</visible>				
				</control>
				<control type="label">
					<!-- Género -->
					<left>50</left>
					<top>790</top>						
					<width>850</width>
					<height>39</height>
					<label>$INFO[ListItem.Genre]</label>	
					<font>stouch18</font>
				</control>				
				<control type="label">
					<!-- Estado -->
					<top>745</top>
					<left>50</left>
					<width>300</width>
					<align>left</align>
					<height>39</height>
					<font>stouch18</font>
					<label>Estado: $INFO[Window(home).Property(SkinHelper.ListItem.Status)]</label>
					<visible>!String.isEmpty(Window(home).Property(SkinHelper.ListItem.Status)) + $EXP[isTvshow]</visible>
				</control>	
				<control type="label">
					<top>845</top>
					<left>50</left>
					<align>left</align>
					<!-- Lema -->
					<width>850</width>
					<height>25</height>
					<font>stouch16</font>
					<label>[I]$INFO[ListItem.Tagline][/I]</label>
				</control>														
				<control type="textbox">
					<!-- Plot Outline -->
					<left>50</left>
					<top>890</top>
					<width>850</width>
					<height>150</height>
					<font>stouch18l</font>
					<textcolor>lightgrey</textcolor>
					<label>$VAR[ListPlotLong]</label>
				</control>							
		</control>
		<control type="scrollbar" id="1257">
			<left>1892</left>
			<top>150</top>
			<width>18</width>
			<height>880</height>
			<onright>4504</onright>
			<onleft condition="Skin.HasSetting(show-letterbar) + [Container.Content(sets) | Container.Content(movies) | Container.Content(tvshows) | Container.Content(musicvideos)]">1267</onleft>
			<onleft condition="!Skin.HasSetting(show-letterbar) | ![Container.Content(sets) | Container.Content(movies) | Container.Content(tvshows) | Container.Content(musicvideos)]">57</onleft>
			<animation condition="!Control.HasFocus(1257) + !Container.Scrolling + !String.IsEqual(Skin.String(show-scrollbar),$LOCALIZE[31875])" effect="fade" start="100" end="0" time="200" reversible="true">Conditional</animation>
			<animation condition="Skin.HasSetting(show-letterbar) + [Container.Content(sets) | Container.Content(movies) | Container.Content(tvshows) | Container.Content(musicvideos)]" effect="slide" end="15,0" reversible="true">Conditional</animation>
			<visible>Control.IsVisible(57) + !String.IsEqual(Skin.String(show-scrollbar),$LOCALIZE[31877])</visible>
		</control>
	</include>
		
<!-- Muro Detalles -->	
	<include name="VideoWallView">
		<control type="panel" id="58">
			<visible>[Container.Content(movies) | Container.Content(tvshows) | Container.Content(seasons) | Container.Content(episodes) | Container.Content(sets)]</visible>		
			<left>960</left>
			<top>150</top>
			<width>1000</width>
			<height>900</height>
			<onleft>$VAR[ListScrollNavSets]</onleft>
			<onright>$VAR[ListScrollNavVideo]</onright>
			<onup>Control.SetFocus(80001,$INFO[Container(58).Position])</onup>
			<ondown>58</ondown>
            <include content="View_Forced">
                <param name="string" value="$LOCALIZE[31944]" />
            </include>			
			<viewtype label="31944">wall</viewtype>
			<pagecontrol>1258</pagecontrol>
			<preloaditems>6</preloaditems>
			<animation type="TYPE" condition="Skin.HasSetting(tiltvideowallicon)" reversible="false">
				<effect type="rotatey" end="-15" />
				<effect type="slide" end="105,0" />
				<effect type="zoom" end="120" center="auto" />
			</animation>
			<itemlayout height="450" width="310" condition="Container.Content(Sets) | Container.Content(movies) | Container.Content(tvshows) | Container.Content(seasons)">
				<control type="image">
					<left>0</left>
					<top>0</top>
					<width>280</width>
					<height>430</height>
					<aspectratio scalediffuse="false" align="center" aligny="center">scale</aspectratio>
					<texture diffuse="diffuse/bigposter.png" background="true" fallback="DefaultVideo.png">$VAR[IconPoster]</texture>
					<bordersize>8</bordersize>											
					<visible>String.IsEmpty(ListItem.Art(thumb))</visible>
				</control>
				<control type="image">
					<left>0</left>
					<top>0</top>
					<width>280</width>
					<height>430</height>
					<aspectratio scalediffuse="false" align="center" aligny="center">scale</aspectratio>
					<texture diffuse="diffuse/bigposter.png" background="true" fallback="DefaultVideo.png">$VAR[IconPoster]</texture>
					<bordersize>8</bordersize>											
					<visible>!String.IsEmpty(ListItem.Art(thumb))</visible>
				</control>			
				<control type="image">
					<top>8</top>
					<right>38</right>
					<width>60</width>
					<height>60</height>
					<texture colordiffuse="ff000000" border="10">$VAR[Overlay_Corner]</texture>
				</control>				
				<control type="image">
					<!-- Watched Overlay -->
					<right>38</right>
					<top>8</top>
					<width>32</width>
					<height>32</height>
					<texture>$VAR[Overlay]</texture>
				</control>
				<include content="listitem-count">
					<param name="left" value="120" />
					<param name="top" value="238" />
					<param name="count" value="ListItem.Property(UnwatchedEpisodes)" />
					<param name="size" value="70" />
				</include>
			</itemlayout>
			<itemlayout height="210" width="210" condition="Container.Content(addons) | Container.Content(musicvideos)">
				<control type="image">
					<left>6</left>
					<top>6</top>
					<width>198</width>
					<height>198</height>
					<aspectratio scalediffuse="true" align="center" aligny="center">scale</aspectratio>
					<texture diffuse="mask-squ.png" background="true" fallback="DefaultVideo.png">$VAR[IconPoster]</texture>
				</control>
			</itemlayout>
			<focusedlayout height="450" width="310" condition="Container.Content(Sets) | Container.Content(movies) | Container.Content(tvshows) | Container.Content(seasons)">
				<control type="group">
					<control type="image">
						<left>0</left>
						<top>0</top>
						<width>280</width>
						<height>430</height>
						<aspectratio scalediffuse="false" align="center" aligny="center">scale</aspectratio>
						<texture diffuse="diffuse/bigposter.png" background="true" fallback="DefaultVideo.png">$VAR[IconPoster]</texture>
						<bordertexture border="8">homeiconliteorange.png</bordertexture>
						<bordersize>8</bordersize>												
						<visible>$EXP[isnotParentFolder]</visible>
					</control>
					<control type="image">
						<left>0</left>
						<top>0</top>
						<width>280</width>
						<height>430</height>
						<colordiffuse>orange</colordiffuse>						
						<aspectratio scalediffuse="false" align="center" aligny="center">scale</aspectratio>
						<texture diffuse="diffuse/bigposter.png" background="true" fallback="DefaultVideo.png">$VAR[IconPoster]</texture>
						<visible>$EXP[isParentFolder]</visible>
					</control>									
					<control type="image">
						<top>8</top>
						<right>38</right>
						<width>60</width>
						<height>60</height>
						<texture colordiffuse="ff000000" border="10">$VAR[Overlay_Corner]</texture>
					</control>										
					<control type="image">
						<!-- Watched Overlay -->
						<right>38</right>
						<top>8</top>
						<width>32</width>
						<height>32</height>
						<texture>$VAR[Overlay]</texture>
					</control>
					<include content="listitem-count">
						<param name="left" value="112" />
						<param name="top" value="228" />
						<param name="count" value="ListItem.Property(UnwatchedEpisodes)" />
						<param name="size" value="70" />
					</include>
				</control>
			</focusedlayout>
			<focusedlayout height="210" width="210" condition="Container.Content(addons) | Container.Content(musicvideos)">
				<control type="image">
					<left>6</left>
					<top>6</top>
					<width>198</width>
					<height>198</height>
					<aspectratio scalediffuse="true" align="center" aligny="center">keep</aspectratio>
					<texture diffuse="mask-squ.png" background="true" fallback="DefaultVideo.png">$VAR[IconPoster]</texture>
					<animation effect="zoom" start="90" end="112" center="auto" time="400" tween="back" easing="out" reversible="false">focus</animation>
				</control>
			</focusedlayout>
		</control>
		<control type="group">
			<visible>Control.IsVisible(58)</visible>
			<control type="image" id="7116">
				<!-- Show logo -->
				<left>50</left>
				<top>70</top>
				<width>500</width>
				<height>140</height>
				<texture >$VAR[VideoLogo]</texture>
				<aspectratio align="left" aligny="bottom">keep</aspectratio>
				<aligny>bottom</aligny>
				<animation effect="fade" delay="200" start="0" end="100" time="200">Visible</animation>
			</control>
			<control type="label">
				<!-- Title -->
				<left>50</left>
				<top>100</top>
				<width>850</width>
				<alignx>bottom</alignx>
				<height>100</height>
				<font>stouch30</font>
				<include>scrolltext</include>
				<label>[B]$INFO[ListItem.Label][/B]</label>
				<wrapmultiline>true</wrapmultiline>
				<visible>String.IsEmpty(ListItem.Art(tvshow.clearlogo)) + String.IsEmpty(ListItem.Art(clearlogo)) + String.IsEmpty(Window(Home).Property(SkinHelper.ListItem.Art.ClearLogo))</visible>
			</control>
			<control type="label">
				<!-- Title -->
				<right>1025</right>
				<top>130</top>
				<width>500</width>
				<align>right</align>
				<height>100</height>
				<font>stouch18</font>
				<include>scrolltext</include>
				<label>[B]$INFO[ListItem.Label][/B]</label>
				<wrapmultiline>true</wrapmultiline>
				<visible>$EXP[isEpisode]</visible>
			</control>			
			<control type="label">
				<!-- Title Seasons-->
				<right>1025</right>
				<top>120</top>
				<width>350</width>
				<align>right</align>
				<height>100</height>
				<font>stouch30</font>
				<include>scrolltext</include>
				<label>[B]$INFO[ListItem.Label][/B]</label>
				<wrapmultiline>true</wrapmultiline>
				<visible>$EXP[isSeason]</visible>
			</control>			
			<control type="image">
				<left>50</left>
				<top>220</top>
				<width>850</width>
				<height>500</height>
				<texture background="true" diffuse="diffuse/bigposter.png">$INFO[ListItem.Art(fanart)]</texture>
				<aspectratio scalediffuse="false" align="center" aligny="center">keep</aspectratio>
				<visible>String.isEmpty(ListItem.Art(thumb)) + $EXP[isnotParentFolder] | $EXP[isSeason] | $EXP[isTvshow] | $EXP[isMovie] + !Player.HasVideo</visible>					
			</control>	
			<control type="image">
				<left>50</left>
				<top>220</top>
				<width>850</width>
				<height>500</height>
				<aspectratio scalediffuse="false" align="center" aligny="center">keep</aspectratio>	
				<texture background="true" fallback="DefaultVideo.png" diffuse="diffuse/bigposter.png">$INFO[ListItem.Art(poster)]</texture>
				<visible>String.isEmpty(ListItem.Art(fanart)) + $EXP[isnotParentFolder] + !Player.HasVideo</visible>	
			</control>
			<control type="image">
				<left>50</left>
				<top>220</top>
				<width>850</width>
				<height>500</height>
				<aspectratio scalediffuse="false" align="center" aligny="center">keep</aspectratio>	
				<texture background="true" fallback="DefaultVideo.png" diffuse="diffuse/bigposter.png">$VAR[IconPoster]</texture>
				<visible>$EXP[isParentFolder] | $EXP[isVideo] + !Player.HasVideo</visible>	
			</control>				
			<control type="image">
				<left>50</left>
				<top>220</top>
				<width>850</width>
				<height>485</height>
				<aspectratio scalediffuse="false" align="center" aligny="center">scale</aspectratio>	
				<texture background="true" fallback="DefaultVideo.png" diffuse="diffuse/bigposter.png">$INFO[ListItem.Art(thumb)]</texture>
				<visible>$EXP[isnotParentFolder] + $EXP[isnotSeason] + $EXP[isnotTvshow] + $EXP[isEpisode] + !Player.HasVideo</visible>
			</control>	
			<control type="group">
				<left>50</left>
				<width>850</width>
				<height>500</height>
				<top>220</top>
				<visible>Player.HasVideo</visible>
				<control type="videowindow">
					<width>850</width>
					<height>475</height>
				</control>
			</control>						
			<control type="grouplist">
				<visible>!String.IsEmpty(ListItem.Title)</visible>
				<right>1025</right>
				<top>725</top>
				<align>right</align>
				<itemgap>10</itemgap>
				<orientation>horizontal</orientation>			
				<control type="label">
					<!-- Rating -->
					<width>50</width>
					<height>26</height>
					<label>$INFO[ListItem.Rating]</label>
					<font>stouch16</font>
				</control>
				<control type="image">
					<!-- Star Rating -->
					<width>130</width>
					<height>25</height>
					<texture>$VAR[MediaRating]</texture>
					<aspectratio>keep</aspectratio>
				</control>				
			</control>		
			<control type="grouplist">	
				<visible>!String.IsEmpty(ListItem.Title)</visible>
				<left>50</left>
				<top>720</top>
				<align>left</align>
				<itemgap>10</itemgap>
				<orientation>horizontal</orientation>
				<control type="label">
					<!-- Año -->
					<width>70</width>
					<height>39</height>
					<label>$INFO[ListItem.Year]</label>
					<font>stouch18</font>
				</control>		
				<control type="label">
					<!-- Duration -->
					<width>120</width>
					<align>center</align>
					<height>39</height>
					<font>stouch18</font>
					<label>[B][COLOR orange]| [/COLOR][/B] $INFO[Listitem.Duration(h),,h] $INFO[Listitem.Duration(mm),,m]</label>
					<visible>!Container.Content(seasons) + !String.isEmpty(ListItem.Duration)</visible>
				</control>
				<control type="label">
					<!-- Director -->
					<width>410</width>
					<height>39</height>
					<label>$INFO[ListItem.Director,[B][COLOR orange]| [/COLOR][/B] ]</label>	
					<font>stouch18</font>
				</control>				
			</control>
				<control type="label">
					<!-- Estrenado -->
					<top>762</top>
					<left>50</left>
					<width>300</width>
					<height>39</height>
					<font>stouch18</font>
					<label>Estreno $INFO[ListItem.Premiered]</label>
					<visible>!String.isEmpty(ListItem.Premiered)</visible>				
				</control>
				<control type="label">
					<!-- Género -->
					<left>50</left>
					<top>805</top>						
					<width>850</width>
					<height>39</height>
					<label>$INFO[ListItem.Genre]</label>	
					<font>stouch18</font>
				</control>				
				<control type="label">
					<!-- Estado -->
					<top>762</top>
					<right>1025</right>
					<width>300</width>
					<align>right</align>
					<height>39</height>
					<font>stouch18</font>
					<label>Estado: $INFO[Window(home).Property(SkinHelper.ListItem.Status)]</label>
					<visible>!String.isEmpty(Window(home).Property(SkinHelper.ListItem.Status)) + $EXP[isTvshow]</visible>
				</control>	
				<control type="label">
					<top>850</top>
					<left>50</left>
					<align>left</align>
					<!-- Descripción breve -->
					<width>850</width>
					<height>25</height>
					<font>stouch18</font>
					<label>[I]$INFO[ListItem.Tagline][/I]</label>
				</control>														
				<control type="textbox">
					<!-- Plot Outline -->
					<left>50</left>
					<top>885</top>
					<width>850</width>
					<height>150</height>
					<font>stouch18l</font>
					<textcolor>lightgrey</textcolor>
					<label>$VAR[ListPlotLong]</label>
				</control>							
			<control type="scrollbar" id="1258">
				<left>1900</left>
				<top>150</top>
				<width>18</width>
				<height>865</height>
				<onright>4583</onright>
				<onleft condition="Skin.HasSetting(show-letterbar) + [Container.Content(sets) | Container.Content(movies) | Container.Content(tvshows) | Container.Content(musicvideos)]">1268</onleft>
				<onleft condition="!Skin.HasSetting(show-letterbar) | ![Container.Content(sets) | Container.Content(movies) | Container.Content(tvshows) | Container.Content(musicvideos)]">58</onleft>
				<animation condition="!Control.HasFocus(1258) + !Container.Scrolling + !String.IsEqual(Skin.String(show-scrollbar),$LOCALIZE[31875])" effect="fade" start="100" end="0" time="200" reversible="true">Conditional</animation>
				<animation condition="Skin.HasSetting(show-letterbar) + [Container.Content(sets) | Container.Content(movies) | Container.Content(tvshows) | Container.Content(musicvideos)]" effect="slide" end="15,0" reversible="true">Conditional</animation>
				<visible>$EXP[isEnabledScrollbar] + Control.IsVisible(58)</visible>
			</control>
		</control>
	</include>

<!-- Muro -->
	<include name="VideoIconView">
		<control type="panel" id="52">
			<visible>[Container.Content(movies) | Container.Content(tvshows) | Container.Content(seasons) | Container.Content(episodes) | Container.Content(sets)]</visible>				
			<left>50</left>
			<top>130</top>
			<width>1900</width>
			<height>950</height>
			<onleft condition="Skin.HasSetting(lock-screensettings)">4521</onleft>
			<onleft condition="!Skin.HasSetting(lock-screensettings)">9000</onleft>
			<onright>$VAR[ListScrollNavVideo]</onright>
			<onup>Control.SetFocus(80001,$INFO[Container(52).Position])</onup>
			<ondown>52</ondown>
            <include content="View_Forced">
                <param name="string" value="$LOCALIZE[31943]" />
            </include>			
			<viewtype label="31943">icon</viewtype>
			<pagecontrol>1252</pagecontrol>
			<itemlayout height="480" width="310">
				<control type="image">
					<left>0</left>
					<top>0</top>
					<width>260</width>
					<height>390</height>
					<aspectratio scalediffuse="false" align="center" aligny="center">keep</aspectratio>
					<align>center</align>
					<texture background="true" fallback="DefaultVideo.png" diffuse="diffuse/bigposter.png">$VAR[IconPoster]</texture>
					<bordersize>8</bordersize>					
					<visible>$EXP[isDefaultIcon] | ![Container.Content(movies) | Container.Content(tvshows)]</visible>
				</control>
				<control type="image">
					<left>0</left>
					<top>0</top>
					<width>260</width>
					<height>390</height>
					<aspectratio scalediffuse="false" align="center" aligny="center">scale</aspectratio>
					<align>center</align>
					<texture background="true" fallback="DefaultVideo.png" diffuse="diffuse/bigposter.png">$VAR[IconPoster]</texture>
					<bordersize>8</bordersize>										
					<visible>$EXP[isnotDefaultIcon] + [Container.Content(movies) | Container.Content(tvshows)]</visible>
				</control>
				<control type="image">
					<top>8</top>
					<right>58</right>
					<width>60</width>
					<height>60</height>
					<texture colordiffuse="ff000000" border="10">$VAR[Overlay_Corner]</texture>
				</control>														
				<control type="image">
					<!-- Watched Overlay -->
					<right>58</right>
					<top>8</top>
					<width>32</width>
					<height>32</height>
					<texture>$VAR[Overlay]</texture>
				</control>
				<control type="textbox">
					<left>0</left>
					<top>395</top>
					<width>260</width>
					<height>63</height>
					<font>stouch16</font>
					<textcolor>disabled-text</textcolor>											
					<align>center</align>
					<include>scrolltext</include>
					<label>$INFO[ListItem.Label]</label>
				</control>				
				<include content="listitem-count">
					<param name="left" value="225" />
					<param name="top" value="222" />
					<param name="count" value="ListItem.Property(UnwatchedEpisodes)" />
					<param name="size" value="70" />
				</include>
			</itemlayout>
			<focusedlayout height="480" width="310">
				<control type="group">
					<control type="image">
						<left>0</left>
						<top>0</top>
						<width>260</width>
						<height>390</height>
						<colordiffuse>orange</colordiffuse>
						<aspectratio scalediffuse="true" align="center" aligny="center">keep</aspectratio>
						<align>center</align>						
						<texture background="true" fallback="DefaultVideo.png" diffuse="diffuse/bigposter.png">$VAR[IconPoster]</texture>
						<visible>$EXP[isDefaultIcon]</visible>
					</control>
					<control type="image">
						<left>0</left>
						<top>0</top>
						<width>260</width>
						<height>390</height>
						<align>center</align>								
						<texture diffuse="diffuse/bigposter.png" background="true" fallback="DefaultVideo.png">$VAR[IconPoster]</texture>
						<bordertexture border="8">homeiconliteorange.png</bordertexture>
						<bordersize>8</bordersize>
						<aspectratio scalediffuse="false" align="center" aligny="center">keep</aspectratio>
						<visible>$EXP[isnotDefaultIcon] + ![Container.Content(movies) | Container.Content(tvshows)]</visible>
					</control>
					<control type="image">
						<left>0</left>
						<top>0</top>
						<width>260</width>
						<height>390</height>
						<align>center</align>								
						<texture diffuse="diffuse/bigposter.png" background="true" fallback="DefaultVideo.png">$VAR[IconPoster]</texture>
						<bordertexture border="8">homeiconliteorange.png</bordertexture>
						<bordersize>8</bordersize>
						<aspectratio scalediffuse="false" align="center" aligny="center">scale</aspectratio>
						<visible>$EXP[isnotDefaultIcon] + [Container.Content(movies) | Container.Content(tvshows)]</visible>
					</control>
					<control type="image">
						<top>8</top>
						<right>58</right>
						<width>60</width>
						<height>60</height>
						<texture colordiffuse="ff000000" border="10">$VAR[Overlay_Corner]</texture>
					</control>															
					<control type="image">
						<!-- Watched Overlay -->
						<right>58</right>
						<top>8</top>
						<width>32</width>
						<height>32</height>
						<texture>$VAR[Overlay]</texture>
					</control>
					<include content="listitem-count">
						<param name="left" value="216" />
						<param name="top" value="212" />
						<param name="count" value="ListItem.Property(UnwatchedEpisodes)" />
						<param name="size" value="70" />
					</include>
				</control>												
				<control type="textbox">
					<left>0</left>
					<top>395</top>
					<width>260</width>
					<height>63</height>
					<font>stouch16</font>
					<align>center</align>
					<include>scrolltext</include>
					<label>[COLOR orange]$INFO[ListItem.Label][/COLOR]</label>
					<visible>!Container().Scrolling</visible>
				</control>
			</focusedlayout>
		</control>
		<control type="scrollbar" id="1252">
			<left>1890</left>
			<top>135</top>
			<width>18</width>
			<height>900</height>
			<onright>4523</onright>
			<onleft condition="Skin.HasSetting(show-letterbar) + [Container.Content(movies) | Container.Content(tvshows) | Container.Content(musicvideos)]">1262</onleft>
			<onleft condition="!Skin.HasSetting(show-letterbar) | ![Container.Content(movies) | Container.Content(tvshows) | Container.Content(musicvideos)]">52</onleft>
			<animation condition="!Control.HasFocus(1252) + !Container.Scrolling + !String.IsEqual(Skin.String(show-scrollbar),$LOCALIZE[31875])" effect="fade" start="100" end="0" time="200" reversible="true">Conditional</animation>
			<animation condition="Skin.HasSetting(show-letterbar) + [Container.Content(movies) | Container.Content(tvshows) | Container.Content(musicvideos)]" effect="slide" end="15,0" reversible="true">Conditional</animation>
			<visible>$EXP[isEnabledScrollbar] + Control.IsVisible(52)</visible>
		</control>
	</include>
	
	<include name="VideoPaisajeView">
		<control type="panel" id="59">
			<left>50</left>
			<top>130</top>
			<width>1900</width>
			<height>950</height>
			<onleft condition="Skin.HasSetting(lock-screensettings)">4521</onleft>
			<onleft condition="!Skin.HasSetting(lock-screensettings)">9000</onleft>
			<onright>$VAR[ListScrollNavVideo]</onright>
			<onup>Control.SetFocus(80001,$INFO[Container(59).Position])</onup>
			<ondown>59</ondown>
            <include content="View_Forced">
                <param name="string" value="$LOCALIZE[31947]" />
            </include>			
			<viewtype label="31947">paisaje</viewtype>
			<pagecontrol>1259</pagecontrol>
			<itemlayout height="320" width="455">
				<control type="image">
					<left>15</left>
					<top>0</top>
					<width>400</width>
					<height>240</height>
					<align>center</align>								
					<texture diffuse="diffuse/bigposter.png" background="true" fallback="DefaultVideo.png">$VAR[IconPoster]</texture>
					<bordersize>8</bordersize>
					<aspectratio scalediffuse="false" align="center" aligny="center">scale</aspectratio>
					<visible>[String.isEmpty(ListItem.Duration) + String.isEmpty(ListItem.Year) + String.isEmpty(ListItem.Genre)] + $EXP[isnotDefaultIcon] + $EXP[isnotParentFolder]</visible>	
				</control>			
				<control type="image">
					<left>15</left>
					<top>0</top>
					<width>400</width>
					<height>240</height>
					<aspectratio scalediffuse="false" align="center" aligny="center">scale</aspectratio>
					<align>center</align>
					<texture background="true" diffuse="diffuse/bigposter.png">$VAR[Landscape]</texture>
					<bordersize>8</bordersize>
					<visible>[Container.Content(movies) | Container.Content(tvshows) | Container.Content(seasons) | Container.Content(episodes)] | $EXP[isParentFolder]</visible>
				</control>	
				<control type="image">
					<top>8</top>
					<right>48</right>
					<width>50</width>
					<height>50</height>
					<texture colordiffuse="ff000000" border="10">$VAR[Overlay_Corner]</texture>
				</control>																							
				<control type="image">
					<!-- Watched Overlay -->
					<right>48</right>
					<top>8</top>
					<width>28</width>
					<height>28</height>
					<texture>$VAR[Overlay]</texture>
				</control>
				<control type="textbox">
					<left>0</left>
					<top>245</top>
					<width>420</width>
					<height>62</height>
					<font>stouch16</font>
					<align>center</align>
					<label>$INFO[ListItem.Label]</label>
				</control>				
				<include content="listitem-count">
					<param name="left" value="225" />
					<param name="top" value="222" />
					<param name="count" value="ListItem.Property(UnwatchedEpisodes)" />
					<param name="size" value="70" />
				</include>
			</itemlayout>
			<focusedlayout height="320" width="455">
				<control type="group">
					<control type="image">
						<left>15</left>
						<top>0</top>
						<width>400</width>
						<height>240</height>
						<align>center</align>								
						<texture diffuse="diffuse/bigposter.png" background="true" fallback="DefaultVideo.png">$VAR[IconPoster]</texture>
						<bordertexture border="8">homeiconliteorange.png</bordertexture>
						<bordersize>8</bordersize>
						<aspectratio scalediffuse="false" align="center" aligny="center">scale</aspectratio>
						<visible>$EXP[isnotDefaultIcon]</visible>
					</control>
					<control type="image">
						<left>15</left>
						<top>0</top>
						<width>400</width>
						<height>240</height>
						<align>center</align>								
						<texture diffuse="diffuse/bigposter.png" background="true">$VAR[Landscape]</texture>
						<bordertexture border="8">homeiconliteorange.png</bordertexture>
						<bordersize>8</bordersize>
						<aspectratio scalediffuse="false" fallback="DefaultVideo.png">scale</aspectratio>
						<visible>[Container.Content(movies) | Container.Content(tvshows)] | $EXP[isParentFolder]</visible>
					</control>		
					<control type="image">
						<top>8</top>
						<right>48</right>
						<width>50</width>
						<height>50</height>
						<texture colordiffuse="ff000000" border="10">$VAR[Overlay_Corner]</texture>
					</control>																												
					<control type="image">
						<!-- Watched Overlay -->
						<right>48</right>
						<top>8</top>
						<width>28</width>
						<height>28</height>
						<texture>$VAR[Overlay]</texture>
					</control>
					<control type="textbox">
						<left>0</left>
						<top>245</top>
						<width>420</width>
						<height>62</height>
						<font>stouch16</font>
						<textcolor>listselected-text</textcolor>						
						<align>center</align>
						<include>scrolltext</include>
						<label>$INFO[ListItem.Label]</label>
					</control>									
					<include content="listitem-count">
						<param name="left" value="216" />
						<param name="top" value="212" />
						<param name="count" value="ListItem.Property(UnwatchedEpisodes)" />
						<param name="size" value="70" />
					</include>
				</control>												
			</focusedlayout>
		</control>
		<control type="scrollbar" id="1259">
			<left>1892</left>
			<top>130</top>
			<width>18</width>
			<height>935</height>
			<onright>4523</onright>
			<onleft condition="Skin.HasSetting(show-letterbar) + [Container.Content(sets) | Container.Content(movies) | Container.Content(tvshows) | Container.Content(musicvideos)]">1269</onleft>
			<onleft condition="!Skin.HasSetting(show-letterbar) | ![Container.Content(sets) | Container.Content(movies) | Container.Content(tvshows) | Container.Content(musicvideos)]">59</onleft>
			<animation condition="!Control.HasFocus(1258) + !Container.Scrolling + !String.IsEqual(Skin.String(show-scrollbar),$LOCALIZE[31875])" effect="fade" start="100" end="0" time="200" reversible="true">Conditional</animation>
			<animation condition="Skin.HasSetting(show-letterbar) + [Container.Content(sets) | Container.Content(movies) | Container.Content(tvshows) | Container.Content(musicvideos)]" effect="slide" end="15,0" reversible="true">Conditional</animation>
			<visible>$EXP[isEnabledScrollbar] + Control.IsVisible(59)</visible>
		</control>	
	</include>	
	
<!-- Slider -->
	<include name="VideoWrapView">		
		<control type="wraplist" id="54">
			<visible>[Container.Content(movies) | Container.Content(tvshows) | Container.Content(seasons) | Container.Content(episodes) | Container.Content(sets)]</visible>		
			<viewtype label="31942">icon</viewtype>
			<left>-50</left>
			<top>120</top>
			<right>-70</right>
			<height>1000</height>
			<onleft>54</onleft>
			<onright>54</onright>
			<movement>7</movement>
			<preloaditems>7</preloaditems>
			<focusposition>0</focusposition>
			<scrolltime>250</scrolltime>			
			<onup>Control.SetFocus(80001,$INFO[Container(54).Position])</onup>
			<ondown>9000</ondown>
            <include content="View_Forced">
                <param name="string" value="$LOCALIZE[31942]" />
            </include>			
			<orientation>horizontal</orientation>
			<itemlayout height="430" width="295" condition="Container.Content(movies) | Container.Content(tvshows) | Container.Content(seasons)">
				<control type="image">
					<left>90</left>
					<top>493</top>
					<height>430</height>
					<width>270</width>
					<texture background="true" fallback="DefaultVideo.png" diffuse="diffuse/bigposter.png">$VAR[IconPoster]</texture>
					<aspectratio scalediffuse="false">scale</aspectratio>
				</control>
					<control type="image">
					<top>492</top>
					<left>300</left>
					<width>60</width>
					<height>60</height>
					<texture colordiffuse="ff000000" border="1">$VAR[Overlay_Corner]</texture>
				</control>																			
				<control type="image">
					<left>325</left>
					<top>492</top>
					<height>32</height>
					<width>32</width>
					<texture>$VAR[Overlay]</texture>
				</control>
				<include content="listitem-count">
					<param name="left" value="42" />
					<param name="top" value="666" />
					<param name="count" value="ListItem.Property(UnwatchedEpisodes)" />
					<param name="size" value="54" />
				</include>
			</itemlayout>
			<focusedlayout height="940" width="660" condition="Container.Content(movies) | Container.Content(tvshows) | Container.Content(seasons)">
			  <control type="group">
				<include content="listitem-count">
					<param name="left" value="255" />
					<param name="top" value="648" />
					<param name="count" value="ListItem.Property(UnwatchedEpisodes)" />
					<param name="size" value="90" />
				</include>
			  </control>	
			</focusedlayout>
		</control>
			<control type="label">
				<left>30</left>
				<top>5</top>
				<width>200</width>
				<height>50</height>
				<label>[B]Balandro[/B]</label>
				<font>stouch18</font>
				<visible>Skin.HasSetting(homemenu-horizontal) + String.Contains(Container.FolderPath,plugin://plugin.video.balandro) + !Window.isVisible(Dialognotification.xml) + !Window.isVisible(DialogExtendedProgressBar.xml)</visible>
			</control>
			<control type="label">
				<left>30</left>
				<top>5</top>
				<width>200</width>
				<height>50</height>
				<label>[B]Alfa[/B]</label>
				<font>stouch18</font>
				<visible>Skin.HasSetting(homemenu-horizontal) + String.Contains(Container.FolderPath,plugin://plugin.video.alfa) + !Window.isVisible(Dialognotification.xml) + !Window.isVisible(DialogExtendedProgressBar.xml)</visible>
			</control>
			<control type="label">
				<left>30</left>
				<top>5</top>
				<width>200</width>
				<height>50</height>
				<label>[B]Cristal Azul[/B]</label>
				<font>stouch18</font>
				<visible>Skin.HasSetting(homemenu-horizontal) + String.Contains(Container.FolderPath,plugin://plugin.video.cristalazul) + !Window.isVisible(Dialognotification.xml) + !Window.isVisible(DialogExtendedProgressBar.xml)</visible>
			</control>										
			<control type="label">
				<left>30</left>
				<top>5</top>
				<width>200</width>
				<height>50</height>
				<label>[B]Palantir2[/B]</label>
				<font>stouch18</font>
				<visible>Skin.HasSetting(homemenu-horizontal) + String.Contains(Container.FolderPath,plugin://plugin.video.palantir2) + !Window.isVisible(Dialognotification.xml) + !Window.isVisible(DialogExtendedProgressBar.xml)</visible>
			</control>
		<control type="group">
			<visible>Control.IsVisible(54)</visible>
				<control type="image">
					<left>40</left>
					<top>120</top>
					<width>620</width>
					<height>925</height>
					<aspectratio scalediffuse="false" align="center" aligny="center">keep</aspectratio>
					<texture background="true" fallback="DefaultVideo.png" diffuse="diffuse/bigposter.png">$VAR[IconPoster]</texture>
				</control>			
					<control type="image">
					<top>120</top>
					<left>564</left>
					<width>96</width>
					<height>96</height>
					<texture colordiffuse="ff000000" border="10">$VAR[Overlay_Corner]</texture>
				</control>																							
				<control type="image">
					<left>605</left>
					<top>120</top>
					<height>56</height>
					<width>56</width>
					<texture>$VAR[Overlay]</texture>
				</control>			
			<control type="image" id="7216">
				<!-- Show logo -->
				<left>700</left>
				<top>100</top>
				<width>500</width>
				<height>280</height>
				<texture>$VAR[VideoLogo]</texture>
				<aspectratio alignx="left" aligny="top">keep</aspectratio>
				<animation effect="fade" delay="100" start="0" end="100" time="200">Visible</animation>
				<visible>$EXP[isnotParentFolder]</visible>
			</control>
			<control type="label">
				<!-- Title -->
				<left>700</left>
				<top>120</top>
				<aligny>bottom</aligny>
				<alignx>left</alignx>
				<width>500</width>
				<height>300</height>
				<font>stouch38</font>
				<include>scrolltext</include>
				<label>[B]$INFO[ListItem.Label][/B]</label>
				<wrapmultiline>true</wrapmultiline>
				<animation effect="fade" delay="100" start="0" end="100" time="200">Visible</animation>
				<visible>String.IsEmpty(ListItem.Art(tvshow.clearlogo)) + String.IsEmpty(ListItem.Art(clearlogo)) + String.IsEmpty(Window(Home).Property(SkinHelper.ListItem.Art.ClearLogo))</visible>
			</control>
			<control type="label">
				<top>300</top>
				<left>700</left>
				<align>left</align>
				<!-- Lema -->
				<width>1200</width>
				<height>30</height>
				<font>stouch18</font>
				<label>[I]$INFO[ListItem.Tagline][/I]</label>
			</control>																					
			<control type="grouplist">
				<left>700</left>
				<align>left</align>
				<top>340</top>
				<orientation>horizontal</orientation>
				<control type="image">
					<!-- Star Rating -->
					<width>180</width>
					<height>35</height>
					<texture>$VAR[MediaRating]</texture>
					<align>center</align>
					<aspectratio>keep</aspectratio>
					<visible>!String.isEmpty(ListItem.Rating)</visible>										
				</control>
				<control type="label">
					<!-- Star Rating -->
					<width>60</width>
					<height>40</height>
					<label>[B]$INFO[ListItem.Rating][/B]</label>
					<font>stouch18</font>
					<align>center</align>
					<visible>!String.isEmpty(ListItem.Rating)</visible>										
				</control>					
				<!-- Año -->			
				<control type="label">
					<width>90</width>
					<height>40</height>
					<label>[COLOR orange]| [/COLOR] $INFO[ListItem.Year]</label>
					<font>stouch18</font>
					<align>center</align>
					<visible>$EXP[isMovie] + !String.isEmpty(ListItem.Year)</visible>					
				</control>
				<control type="label">
					<width>100</width>
					<height>40</height>
					<align>center</align>
					<font>stouch18</font>
					<label>[COLOR orange]| [/COLOR] $INFO[ListItem.Premiered]</label>
					<visible>[$EXP[isTvshow] | $EXP[isEpisode] | $EXP[isSeason]] + !String.isEmpty(ListItem.Premiered)</visible>
				</control>								
				<!-- Duration -->				
				<control type="label">
					<width>120</width>
					<height>40</height>
					<align>center</align>
					<font>stouch18</font>
					<label>[COLOR orange]| [/COLOR] $INFO[Listitem.Duration(h),,h] $INFO[Listitem.Duration(mm),,m]</label>
					<visible>!String.isEmpty(ListItem.Duration)</visible>
				</control>
				<control type="label">
					<!-- Genero -->
					<width>650</width>
					<height>40</height>
					<label>[COLOR orange]| [/COLOR] $INFO[ListItem.Genre]</label>
					<font>stouch18</font>
					<visible>!String.isEmpty(ListItem.Genre)</visible>					
				</control>				
			</control>				
				<control type="textbox">
					<!-- Plot (Show if no outline available) -->
					<left>700</left>
					<top>390</top>
					<width>1200</width>
					<height>180</height>
					<font>stouch18l</font>
					<textcolor>lightgrey</textcolor>											
					<label>$INFO[ListItem.Plot]</label>
					<align>justify</align>
					<visible>String.IsEmpty(ListItem.PlotOutline) + !String.IsEmpty(ListItem.Plot)</visible>
				</control>
		</control>
	</include>
	
	<include name="BannerView">
		<control type="group">
			<visible>Control.IsVisible(53)</visible>
			<control type="list" id="53">
				<visible>container.content(musicvideo) + !String.IsEmpty(Container.FolderPath)</visible>
				<viewtype label="31946">banner</viewtype>
				<left>1000</left>
				<top>100</top>
				<width>870</width>
				<height>900</height>
				<pagecontrol>1253</pagecontrol>
				<onup>Control.SetFocus(80001,$INFO[Container(53).Position])</onup>
				<ondown>53</ondown>
				<onleft condition="Skin.HasSetting(lock-screensettings)">4531</onleft>
				<onleft condition="!Skin.HasSetting(lock-screensettings)">9000</onleft>
				<onright>$VAR[ListScrollNavVideo]</onright>
				<include content="View_Forced">
					<param name="string" value="$LOCALIZE[31946]" />
				</include>				
				<itemlayout width="813" height="200">
					<control type="image">
						<!-- Banner image -->
						<left>670</left>
						<top>10</top>
						<width>870</width>
						<height>150</height>
						<texture colordiffuse="UnFocusedPosters" background="true">$INFO[ListItem.Art(landscape)]</texture>
						<aspectratio>keep</aspectratio>
						<visible>$EXP[isnotParentFolder]</visible>
					</control>
					<control type="image">
						<!-- Go Back image -->
						<left>0</left>
						<top>0</top>
						<width>813</width>
						<height>150</height>
						<texture colordiffuse="UnFocusedPosters" background="true">$INFO[ListItem.Icon]</texture>
						<aspectratio>keep</aspectratio>
						<visible>$EXP[isParentFolder]</visible>
					</control>
					<include content="listitem-count">
						<param name="left" value="730" />
						<param name="top" value="104" />
						<param name="count" value="ListItem.Property(UnwatchedEpisodes)" />
						<param name="size" value="85" />
					</include>
				</itemlayout>
				<focusedlayout width="813" height="200">
					<control type="group">
						<animation condition="true" effect="zoom" start="100" end="119" center="auto">Conditional</animation>
						<animation effect="fade" start="100" end="50" condition="!Control.HasFocus(53)">Conditional</animation>
						<control type="image">
							<!-- Go Back image -->
							<left>0</left>
							<top>0</top>
							<width>813</width>
							<height>150</height>
							<texture background="true">$INFO[ListItem.Icon]</texture>
							<aspectratio>keep</aspectratio>
							<visible>$EXP[isParentFolder]</visible>
						</control>
						<control type="image">
							<!-- Banner image -->
							<left></left>
							<top>10</top>
							<width>813</width>
							<height>150</height>
							<texture background="true">$VAR[IconBanner]</texture>
							<bordertexture border="8">mask-hilite.png</bordertexture>
							<bordersize>8</bordersize>
							<aspectratio>keep</aspectratio>
							<visible>$EXP[isnotParentFolder]</visible>
						</control>
					</control>
					<include content="listitem-count">
						<param name="left" value="730" />
						<param name="top" value="104" />
						<param name="count" value="ListItem.Property(UnwatchedEpisodes)" />
						<param name="size" value="85" />
					</include>
				</focusedlayout>
			</control>
			<control type="group">
				<animation effect="fade" delay="300" start="0" end="100" time="200">Visible</animation>
				<control type="label">
					<!-- Go Back -->
					<left>45</left>
					<top>477</top>
					<width>900</width>
					<height>57</height>
					<font>stouch38</font>
					<align>center</align>
					<label>$LOCALIZE[31688]</label>
					<visible>$EXP[isParentFolder]</visible>
				</control>
				<control type="group">
					<!-- Mini Fanart -->
					<visible>$EXP[isnotParentFolder]</visible>
					<control type="image">
						<left>201</left>
						<top>171</top>
						<width>588</width>
						<height>330</height>
						<texture background="true" fallback="DefaultTVShows.png">$INFO[ListItem.Art(fanart)]</texture>
						<aspectratio aligny="top">keep</aspectratio>
						<visible>Skin.HasSetting(background-fanarts)</visible>
					</control>
					<control type="image">
						<left>201</left>
						<top>171</top>
						<width>588</width>
						<height>330</height>
						<texture background="true" diffuse="mask-rect.png" fallback="DefaultTVShows.png">$INFO[ListItem.Art(thumb)]</texture>
						<aspectratio aligny="top">keep</aspectratio>
						<visible>!Skin.HasSetting(background-fanarts)</visible>
					</control>
				</control>
				<control type="grouplist">
					<left>45</left>
					<top>516</top>
					<width>900</width>
					<height>900</height>
					<itemgap>3</itemgap>
					<visible>$EXP[isnotEmptyIcon]</visible>
					<control type="group">
						<width>900</width>
						<height>75</height>
						<visible>$EXP[isnotParentFolder]</visible>
						<control type="image" id="7316">
							<!-- Show logo -->
							<left>352</left>
							<top>0</top>
							<width>194</width>
							<height>75</height>
							<texture>$VAR[VideoLogo]</texture>
							<aspectratio align="center" aligny="bottom">keep</aspectratio>
						</control>
						<control type="label">
							<!-- Title -->
							<left>0</left>
							<top>0</top>
							<width>900</width>
							<height>75</height>
							<label>[B]$INFO[ListItem.Label][/B]</label>
							<font>stouch25</font>
							<align>center</align>
							<wrapmultiline>true</wrapmultiline>
							<include>scrolltext</include>
							<visible>[String.IsEqual(ListItem.DBType,episode) | String.IsEqual(ListItem.DBType,movie) | String.IsEqual(ListItem.DBType,tvshow) | String.IsEqual(ListItem.DBType,season) | !String.IsEmpty(ListItem.ChannelName)] + String.IsEmpty(ListItem.Art(tvshow.clearlogo)) + String.IsEmpty(ListItem.Art(clearlogo)) + String.IsEmpty(Window(Home).Property(SkinHelper.ListItem.Art.ClearLogo))</visible>
						</control>
					</control>
					<control type="label">
						<!-- First Aired -->
						<width>900</width>
						<height>39</height>
						<label>$INFO[ListItem.Premiered,[B]$LOCALIZE[20416]:[/B] ]</label>
						<font>stouch22</font>
						<align>center</align>
					</control>
					<control type="label">
						<!-- Genre -->
						<width>900</width>
						<height>39</height>
						<label>$INFO[ListItem.Genre,[B]$LOCALIZE[515]:[/B] ]</label>
						<font>stouch22</font>
						<align>center</align>
						<include>scrolltext</include>
					</control>
					<control type="label">
						<!-- Rating -->
						<width>900</width>
						<height>39</height>
						<label>$INFO[ListItem.RatingAndVotes,[B]$LOCALIZE[563]:[/B] ]</label>
						<font>stouch22</font>
						<align>center</align>
					</control>
					<control type="image">
						<width>900</width>
						<height>6</height>
						<texture>separator.png</texture>
						<visible>$EXP[isnotParentFolder]</visible>
					</control>
					<control type="textbox">
						<!-- Plot Outline -->
						<width>900</width>
						<height>248</height>
						<label>$INFO[ListItem.PlotOutline]</label>
						<font>stouch20</font>
						<align>justify</align>
						<visible>!String.IsEmpty(ListItem.PlotOutline)</visible>
					</control>
					<control type="textbox">
						<!-- Plot (Show if no outline available)-->
						<width>900</width>
						<height>248</height>
						<label>$INFO[ListItem.Plot]</label>
						<font>stouch20</font>
						<align>justify</align>
						<visible>String.IsEmpty(ListItem.PlotOutline)</visible>
					</control>
				</control>
				<control type="scrollbar" id="1253">
					<left>1854</left>
					<top>150</top>
					<width>18</width>
					<height>880</height>
					<onright>4533</onright>
					<onleft condition="Skin.HasSetting(show-letterbar)">1263</onleft>
					<onleft condition="!Skin.HasSetting(show-letterbar) | Container.Content(tvshows)">53</onleft>
					<animation condition="!Control.HasFocus(1253) + !Container.Scrolling + !String.IsEqual(Skin.String(show-scrollbar),$LOCALIZE[31875])" effect="fade" start="100" end="0" time="200" reversible="true">Conditional</animation>
					<animation condition="Skin.HasSetting(show-letterbar)" effect="slide" end="15,0" reversible="true">Conditional</animation>
					<visible>Control.IsVisible(53) + $EXP[isEnabledScrollbar]</visible>
				</control>
			</control>
		</control>
	</include>
	
<!-- Lista Detalles Addons -->
	<include name="ListPlotAddons">
		<control type="fixedlist" id="56">
			<visible>Container.Content(Addons)</visible>
			<viewtype label="31945">listPlot</viewtype>
			<left>960</left>
			<top>145</top>
			<width>1030</width>
			<height>890</height>
			<itemgap>0</itemgap>
			<focusposition>3</focusposition>
			<movement>9</movement>
			<onleft>9000</onleft>
			<onright>1256</onright>
			<onup>Control.SetFocus(80001,$INFO[Container(56).Position])</onup>
			<ondown>56</ondown>
            <include content="View_Forced">
                <param name="string" value="$LOCALIZE[31945]" />
            </include>			
			<preloaditems>9</preloaditems>
			<pagecontrol>1256</pagecontrol>	
			<itemlayout width="915" height="100">
				<control type="image">
					<left>10</left>
					<top>24</top>
					<width>40</width>
					<height>40</height>
					<texture>$VAR[Overlaylist]</texture>
				</control>
				<control type="group">
					<visible>![Container.Content(movies) | Container.Content(musicvideos) | Container.Content(tvshows) | Container.Content(seasons) | Container.Content(episodes) | Container.Content(addons)]</visible>
					<control type="label">
						<left>75</left>
						<top>0</top>
						<width>800</width>
						<height>85</height>
						<font>stouch22</font>
						<textcolor>disabled-text</textcolor>						
						<label>$INFO[ListItem.Label]</label>
					</control>
				</control>
				<control type="group">
					<visible>Container.Content(addons)</visible>
					<control type="label">
						<left>75</left>
						<top>0</top>
						<width>800</width>
						<height>85</height>
						<font>stouch22</font>
						<label>$INFO[ListItem.Label]</label>
					</control>
				</control>
				<control type="group">
					<visible>Container.Content(tvshows) | Container.Content(seasons)</visible>
					<control type="label">
						<left>75</left>
						<top>0</top>
						<width>800</width>
						<height>85</height>
						<font>stouch22</font>
						<label>$INFO[ListItem.Label]</label>
					</control>
				</control>
				<control type="group">
					<visible>Container.Content(movies) | Container.Content(musicvideos) | Container.Content(episodes)</visible>
					<control type="label">
						<left>75</left>
						<top>0</top>
						<width>800</width>
						<height>85</height>
						<font>stouch22</font>
						<label>$INFO[ListItem.Label]</label>
					</control>
				</control>	
			</itemlayout>
			<focusedlayout width="915" height="100">
				<control type="image">
					<!-- Button focus slider -->
					<left>0</left>
					<top>0</top>
					<width>915</width>
					<height>90</height>
					<texture border="9">button-default-focus.png</texture>
					<aspectratio>stretch</aspectratio>
				</control>				
				<control type="image">
					<left>10</left>
					<top>24</top>
					<width>40</width>
					<height>40</height>
					<texture>$VAR[Overlaylist]</texture>
				</control>
				<control type="group">
					<visible>![Container.Content(movies) | Container.Content(musicvideos) | Container.Content(tvshows) | Container.Content(seasons) | Container.Content(episodes) | Container.Content(addons)]</visible>
					<control type="label">
						<left>75</left>
						<top>0</top>
						<width>800</width>
						<height>85</height>
						<font>stouch22</font>
						<textcolor>listselected-text</textcolor>						
						<label>$INFO[ListItem.Label]</label>
						<include>scrolltext</include>
					</control>
					<control type="label">
						<left>75</left>
						<top>48</top>
						<width>800</width>
						<height>85</height>	
						<font>stouch22</font>
						<textcolor>listselected-text</textcolor>						
						<label>$INFO[ListItem.Label2]</label>
						<include>scrolltext</include>
					</control>
				</control>
				<control type="group">
					<visible>Container.Content(addons)</visible>
					<control type="label">
						<left>75</left>
						<top>0</top>
						<width>800</width>
						<height>85</height>
						<font>stouch22</font>
						<textcolor>listselected-text</textcolor>						
						<label>$INFO[ListItem.Label]</label>
						<include>scrolltext</include>
					</control>
				</control>
				<control type="group">
					<visible>Container.Content(tvshows) | Container.Content(seasons)</visible>
					<control type="label">
						<left>75</left>
						<top>0</top>
						<width>800</width>
						<height>85</height>
						<font>stouch22</font>
						<textcolor>listselected-text</textcolor>						
						<label>$INFO[ListItem.Label]</label>
						<include>scrolltext</include>
					</control>
				</control>
				<control type="group">
					<visible>Container.Content(movies) | Container.Content(musicvideos) | Container.Content(episodes)</visible>
					<control type="label">
						<left>75</left>
						<top>0</top>
						<width>800</width>
						<height>85</height>
						<font>stouch22</font>
						<textcolor>listselected-text</textcolor>						
						<label>$INFO[ListItem.Label]</label>
						<include>scrolltext</include>
					</control>
				</control>
			</focusedlayout>
		</control>
		<control type="group"><!-- Listitem icons -->
			<visible>Control.IsVisible(56)</visible>
			<control type="image" id="7116">
				<!-- Show logo -->
				<right>870</right>
				<top>610</top>
				<width>500</width>
				<height>140</height>
				<texture >$VAR[VideoLogo]</texture>
				<aspectratio align="left" aligny="bottom">keep</aspectratio>
				<align>right</align>
				<animation effect="fade" delay="200" start="0" end="100" time="200">Visible</animation>
			</control>
				<control type="group">
					<visible>!Container.Content(addons)</visible>
					<control type="image">
						<left>212</left>
						<top>175</top>
						<width>512</width>
						<height>512</height>
						<texture background="true" diffuse="mask-squ.png">$INFO[ListItem.Icon]</texture>
						<aspectratio scalediffuse="false">keep</aspectratio>
					</control>
				</control>
				<control type="group">
					<visible>Container.Content(addons)</visible>
					<control type="group">
						<visible>!String.StartsWith(ListItem.Icon,DefaultFolder.png)</visible>
						<control type="image">
							<left>212</left>
							<top>175</top>
							<width>512</width>
							<height>512</height>
							<texture background="true" fallback="DefaultAddon.png" diffuse="mask-squ.png">$INFO[ListItem.Icon]</texture>
							<aspectratio>keep</aspectratio>
						</control>
						<control type="textbox">
							<!-- Addon description -->
							<left>30</left>
							<top>810</top>
							<width>780</width>
							<height>220</height>
							<label>$INFO[ListItem.AddonDescription]</label>
							<font>stouch18</font>
							<align>justify</align>
							<visible>!String.IsEmpty(ListItem.AddonDescription)</visible>
						</control>
						<control type="textbox">
							<!-- Addon summary (Show if no description available)-->
							<left>30</left>
							<top>810</top>
							<width>780</width>
							<height>270</height>
							<label>$INFO[ListItem.AddonSummary]</label>
							<font>stouch18</font>
							<align>justify</align>
							<aligny>top</aligny>
							<visible>String.IsEmpty(ListItem.AddonDescription)</visible>						
						</control>
						<control type="label">
							<left>30</left>
							<top>730</top>
							<width>290</width>
							<height>40</height>
							<textcolor>dimgrey</textcolor>
							<label>Versión del addon: </label>
							<font>stouch18</font>
							<visible>!String.IsEmpty(ListItem.AddonVersion)</visible>													
						</control>																		
						<control type="label">
							<left>300</left>
							<top>730</top>
							<width>300</width>
							<height>40</height>
							<label>$INFO[ListItem.AddonVersion]</label>
							<font>stouch18</font>
						</control>
						<control type="label">
							<left>30</left>
							<top>770</top>
							<width>250</width>
							<height>40</height>
							<textcolor>dimgrey</textcolor>
							<label>Autor del addon:</label>
							<font>stouch18</font>
							<visible>!String.IsEmpty(ListItem.AddonCreator)</visible>													
						</control>											
						<control type="label">
							<left>280</left>
							<top>770</top>
							<width>500</width>
							<height>40</height>
							<label>$INFO[ListItem.AddonCreator]</label>
							<font>stouch18</font>
						</control>																		
					</control>
					<control type="group">
						<visible>String.StartsWith(ListItem.Icon,DefaultFolder.png)</visible>
						<control type="image">
							<left>212</left>
							<top>175</top>
							<width>512</width>
							<height>512</height>
							<texture background="true">DefaultAddon.png</texture>
							<aspectratio>keep</aspectratio>
						</control>
					</control>
				</control>
		</control>
		<control type="scrollbar" id="1256">
			<left>1892</left>
			<top>150</top>
			<width>18</width>
			<height>880</height>
			<onright>4504</onright>
			<onleft condition="Skin.HasSetting(show-letterbar) + [Container.Content(sets) | Container.Content(movies) | Container.Content(tvshows) | Container.Content(musicvideos)]">1256</onleft>
			<onleft condition="!Skin.HasSetting(show-letterbar) | ![Container.Content(sets) | Container.Content(movies) | Container.Content(tvshows) | Container.Content(musicvideos)]">56</onleft>
			<animation condition="!Control.HasFocus(1257) + !Container.Scrolling + !String.IsEqual(Skin.String(show-scrollbar),$LOCALIZE[31875])" effect="fade" start="100" end="0" time="200" reversible="true">Conditional</animation>
			<animation condition="Skin.HasSetting(show-letterbar) + [Container.Content(sets) | Container.Content(movies) | Container.Content(tvshows) | Container.Content(musicvideos)]" effect="slide" end="15,0" reversible="true">Conditional</animation>
			<visible>Control.IsVisible(56) + !String.IsEqual(Skin.String(show-scrollbar),$LOCALIZE[31877])</visible>
		</control>
	</include>	

</includes>