<?xml version="1.0" encoding="UTF-8" standalone="yes"?>
<addon id="resource.images.studios.coloured.stva" name="Studio Icons - Coloured STVA" version="0.0.51" provider-name="Team Kodi, STVA">
	<extension point="kodi.resource.images" compile="true" type="studios" />
	<requires>
		<import addon="kodi.resource" version="1.0.0"/>
	</requires>
	<extension point="xbmc.addon.metadata">
		<summary lang="en">Coloured Studio Icons STVA</summary>
		<description lang="en">Coloured Studio Icons STVA</description>
		<platform>all</platform>
	</extension>
</addon>
