{
  "id": "danimados",
  "name": "Danimados",
  "active": false,
  "adult": false,
  "language": ["lat"],
  "thumbnail": "https://www.d-animados.com/wp-content/uploads/2022/01/Daniamdos-3.png",
  "banner": "https://imgur.com/xG5xqBq.png",
  "fanart": "",
  "categories": [
    "tvshow",
    "anime",
    "vos"
  ],
  "settings": [
    {
      "id": "include_in_global_search",
      "type": "bool",
      "label": "Incluir en busqueda global",
      "default": true,
      "enabled": true,
      "visible": true
    }
  ]
}
