<?xml version="1.0" encoding="utf-8"?>
<window id="1149">
	<defaultcontrol always="true">321</defaultcontrol>
	<include>Animation_DialogPopupOpenClose</include>
	<backgroundcolor>background</backgroundcolor>
	<controls>
		<control type="image">
			<centerleft>50%</centerleft>
			<top>-170</top>
			<width>60%</width>
			<height>60%</height>
			<texture background="true">special://skin/extras/backgrounds/splash.png</texture>
		</control>	
		<control type="group">
			<centerleft>50%</centerleft>
			<top>50</top>
			<height>1000</height>
			<width>1200</width>
			<control type="textbox">
				<left>30</left>
				<top>220</top>
				<width>1200</width>
				<height>500</height>
				<shadowcolor>black</shadowcolor>
				<pagecontrol>3000</pagecontrol>
				<font>font13</font>
				<label>$LOCALIZE[31204]</label>
			</control>
			<control type="grouplist" id="9000">
				<orientation>vertical</orientation>
				<left>0</left>
				<top>375</top>
				<width>1200</width>
				<align>center</align>
				<control type="radiobutton" id="321">
					<label>TVADDONS.CO Repository $INFO[System.AddonVersion(repository.xbmchub),(,)]</label>
					<textureradioonfocus colordiffuse="ffffffff">buttons/status-on.png</textureradioonfocus>
					<textureradioonnofocus colordiffuse="ffffffff">buttons/status-on.png</textureradioonnofocus>
					<textureradioofffocus colordiffuse="fff02222">buttons/status-off.png</textureradioofffocus>
					<textureradiooffnofocus colordiffuse="fff02222">buttons/status-off.png</textureradiooffnofocus>
					<onclick condition="!System.HasAddon(repository.rector.stuff)">InstallAddon(repository.xbmchub)</onclick>
					<selected>System.HasAddon(repository.xbmchub)</selected>
					<include>DefaultSettingButton</include>
				</control>
				<control type="radiobutton" id="326">
					<label>Repositorio Alfa-Addon $INFO[System.AddonVersion(repository.alfa-addon),(,)]</label>
					<textureradioonfocus colordiffuse="ffffffff">buttons/status-on.png</textureradioonfocus>
					<textureradioonnofocus colordiffuse="ffffffff">buttons/status-on.png</textureradioonnofocus>
					<textureradioofffocus colordiffuse="fff02222">buttons/status-off.png</textureradioofffocus>
					<textureradiooffnofocus colordiffuse="fff02222">buttons/status-off.png</textureradiooffnofocus>
					<onclick condition="!System.HasAddon(repository.alfa-addon)">InstallAddon(repository.alfa-addon)</onclick>																		
					<onclick condition="System.HasAddon(repository.alfa-addon)">ActivateWindow(10040,&quot;addons://repository.alfa-addon/&quot;,return)</onclick>
					<selected>System.HasAddon(repository.alfa-addon)</selected>
					<include>DefaultSettingButton</include>
				</control>
				<control type="radiobutton" id="327">
					<label>Repositorio Camaradas $INFO[System.AddonVersion(repository.camaradas.repo),(,)]</label>
					<textureradioonfocus colordiffuse="ffffffff">buttons/status-on.png</textureradioonfocus>
					<textureradioonnofocus colordiffuse="ffffffff">buttons/status-on.png</textureradioonnofocus>
					<textureradioofffocus colordiffuse="fff02222">buttons/status-off.png</textureradioofffocus>
					<textureradiooffnofocus colordiffuse="fff02222">buttons/status-off.png</textureradiooffnofocus>
					<onclick condition="!System.HasAddon(repoository.camaradas.repo)">InstallAddon(repository.camaradas.repo)</onclick>																		
					<onclick condition="System.HasAddon(repository.camaradas.repo)">ActivateWindow(10040,&quot;addons://repository.camaradas.repo/&quot;,return)</onclick>
					<selected>System.HasAddon(repository.camaradas.repo)</selected>
					<include>DefaultSettingButton</include>
				</control>	
				<control type="radiobutton" id="328">
					<label>Addon Repositorio Github $INFO[System.AddonVersion(repository.github),(,)]</label>
					<textureradioonfocus colordiffuse="ffffffff">buttons/status-on.png</textureradioonfocus>
					<textureradioonnofocus colordiffuse="ffffffff">buttons/status-on.png</textureradioonnofocus>
					<textureradioofffocus colordiffuse="fff02222">buttons/status-off.png</textureradioofffocus>
					<textureradiooffnofocus colordiffuse="fff02222">buttons/status-off.png</textureradiooffnofocus>
					<onclick condition="!System.HasAddon(repoository.github)">InstallAddon(repository.github)</onclick>																		
					<selected>System.HasAddon(repository.github)</selected>
					<include>DefaultSettingButton</include>
				</control>
				<control type="button" id="308">
					<top>70</top>
					<height>100</height>
					<label>$LOCALIZE[31201]</label>
					<font>font25_title</font>
					<textoffsetx>30</textoffsetx>
					<onclick>Dialog.Close(1149)</onclick>
					<onclick>ActivateWindow(1154)</onclick>
					<align>center</align>
					<texturefocus border="40" colordiffuse="$VAR[SkinColorVar]">buttons/dialogbutton-fo.png</texturefocus>
					<texturenofocus border="40">buttons/dialogbutton-nofo.png</texturenofocus>
				</control>
			</control>
		</control>
	</controls>
</window>