  <?xml version="1.0" encoding="utf-8"?>
<window>
	<defaultcontrol always="true">3</defaultcontrol>
	<coordinates>
		<left>0</left>
		<top>0</top>
	</coordinates>
	<controls>
		<control type="image">
			<include>fullscreenimage</include>
			<texture colordiffuse="mask-background">background-mask.png</texture>
			<aspectratio>scale</aspectratio>
		</control>
		<control type="image">
			<!-- Dialog background -->
			<left>75</left>
			<top>115</top>
			<width>1770</width>
			<height>855</height>
			<texture border="14">button-menu-background.png</texture>
		</control>
		<control type="label" id="2">
			<!-- Dialog heading -->
			<left>66</left>
			<top>65</top>
			<width>1788</width>
			<height>54</height>
			<align>center</align>
			<font>ctouch23w</font>
		</control>
		<control type="grouplist" id="3">
			<!-- Button area -->
			<left>115</left>
			<top>165</top>
			<width>424</width>
			<height>748</height>
			<itemgap>10</itemgap>
			<onright>5</onright>
			<ondown>9001</ondown>
		</control>
		<control type="image">
			<!-- Dialog background -->
			<left>560</left>
			<top>160</top>
			<width>15</width>
			<height>755</height>
			<texture>sep.png</texture>
		</control>
		<control type="grouplist" id="5">
			<!-- Control area -->
			<left>600</left>
			<top>165</top>
			<width>1228</width>
			<height>760</height>
			<itemgap>10</itemgap>
			<pagecontrol>60</pagecontrol>
			<onright condition="String.IsEqual(Skin.String(show-scrollbar),$LOCALIZE[31877])">noop</onright>
			<onright condition="!String.IsEqual(Skin.String(show-scrollbar),$LOCALIZE[31877])">60</onright>
			<onleft>3</onleft>
		</control>
		<control type="scrollbar" id="60">
			<left>1850</left>
			<top>165</top>
			<width>18</width>
			<height>755</height>
			<onleft>5</onleft>
			<animation condition="!Control.HasFocus(60) + !Container.Scrolling + !String.IsEqual(Skin.String(show-scrollbar),$LOCALIZE[31875])" effect="fade" start="100" end="0" time="200" reversible="true">Conditional</animation>
			<visible>$EXP[isEnabledScrollbar]</visible>
		</control>
		<control type="group" id="9001">
			<left>85</left>
			<top>970</top>
			<control type="button" id="28">
				<!-- OK Button -->
				<left>0</left>
				<top>0</top>
				<width>300</width>
				<height>68</height>
				<font>ctouch22</font>
				<align>center</align>
				<label>$LOCALIZE[186]</label>
				<onleft>30</onleft>
				<onright>29</onright>
				<onup>3</onup>
				<texturefocus border="9" colordiffuse="$VAR[AccentColor]">button-default-white.png</texturefocus>
				<texturenofocus border="9" colordiffuse="backgrey">button-default-white.png</texturenofocus>
			</control>
			<control type="button" id="29">
				<!-- Cancel Button -->
				<left>325</left>
				<top>0</top>
				<width>300</width>
				<height>68</height>
				<font>ctouch22</font>
				<align>center</align>
				<label>$LOCALIZE[222]</label>
				<onleft>28</onleft>
				<onright>30</onright>
				<onup>3</onup>
				<texturefocus border="9" colordiffuse="$VAR[AccentColor]">button-default-white.png</texturefocus>
				<texturenofocus border="9" colordiffuse="backgrey">button-default-white.png</texturenofocus>
			</control>
			<control type="button" id="30">
				<!-- Defaults Button -->
				<left>650</left>
				<top>0</top>
				<width>300</width>
				<height>68</height>
				<font>ctouch22</font>
				<align>center</align>
				<label>$LOCALIZE[409]</label>
				<onleft>29</onleft>
				<onright>28</onright>
				<onup>3</onup>
				<texturefocus border="9" colordiffuse="$VAR[AccentColor]">button-default-white.png</texturefocus>
				<texturenofocus border="9" colordiffuse="backgrey">button-default-white.png</texturenofocus>
			</control>
		</control>
		<control type="button" id="7">
			<!-- Default Button -->
			<width>1100</width>
			<height>68</height>
			<font>ctouch19</font>
			<textwidth>1215</textwidth>
			<texturenofocus></texturenofocus>
			<texturefocus border="9" colordiffuse="$VAR[AccentColor]">button-default-white.png</texturefocus>
		</control>
		<control type="radiobutton" id="8">
			<!-- Default RadioButton -->
			<width>1100</width>
			<height>68</height>
			<font>ctouch19</font>
			<textwidth>1100</textwidth>
			<radioposx>1170</radioposx>
			<texturenofocus></texturenofocus>
			<texturefocus border="9" colordiffuse="$VAR[AccentColor]">button-default-white.png</texturefocus>
		</control>
		<control type="spincontrolex" id="9">
			<!-- Default Spincontrolex -->
			<width>1100</width>
			<height>68</height>
			<font>ctouch19</font>
			<reverse>no</reverse>
			<texturenofocus></texturenofocus>
			<texturefocus border="9" colordiffuse="$VAR[AccentColor]">button-default-white.png</texturefocus>
		</control>
		<control type="button" id="10">
			<!-- Default Category Button -->
			<width>424</width>
			<height>68</height>
			<font>ctouch20</font>
			<texturenofocus></texturenofocus>
			<texturefocus border="9" colordiffuse="$VAR[AccentColor]">button-default-white.png</texturefocus>
		</control>
		<control type="edit" id="12">
			<!-- Default edit -->
			<width>1100</width>
			<height>68</height>
			<font>ctouch19</font>
			<texturenofocus></texturenofocus>
			<texturefocus border="9" colordiffuse="$VAR[AccentColor]">button-default-white.png</texturefocus>
		</control>
		<control type="sliderex" id="13">
			<!-- Default Slider -->
			<width>1100</width>
			<height>68</height>
			<font>ctouch19</font>
			<texturenofocus/>
			<texturesliderbar border="8" colordiffuse="midgrey">progress-bar-focus.png</texturesliderbar>
			<textureslidernib>progress-bar-focus.png</textureslidernib>
			<textureslidernibfocus>progress-bar-focus.png</textureslidernibfocus>
			<include>autscroll</include>
		</control>
		<control type="label" id="14">
			<!-- Default Label -->
			<width>1100</width>
			<height>40</height>
			<font>ctouch20</font>
			<textcolor>$VAR[AccentColor]</textcolor>
			<texturenofocus></texturenofocus>
			<texturefocus border="9" colordiffuse="$VAR[AccentColor]">button-default-white.png</texturefocus>
		</control>
	</controls>
</window>