<?xml version="1.0" encoding="utf-8"?>
<window>
	<defaultcontrol always="true">11</defaultcontrol>
	<coordinates>
		<left>0</left>
		<top>0</top>
	</coordinates>
	<controls>
		<include>fadebackground</include>
		<control type="group">
			<control type="image">
				<!-- Dialog background -->
				<left>580</left>
				<top>92</top>
				<width>740</width>
				<height>890</height>
				<texture border="14">button-menu-background.png</texture>
			</control>
			<control type="grouplist">
				<left>630</left>
				<top>105</top>
				<width>645</width>
				<height>60</height>
				<align>center</align>
				<aligny>top</aligny>
				<orientation>horizontal</orientation>
				<control type="label">
					<!-- Video screen heading -->
					<width max="550">auto</width>
					<height>60</height>
					<label>$VAR[PVRChannelOSDHeading]</label>
					<font>ctouch23</font>
					<wrapmultiline>true</wrapmultiline>
					<aligny>top</aligny>
				</control>
				<control type="label">
					<!-- Number of files -->
					<width max="95">auto</width>
					<height>60</height>
					<label>$INFO[Container(11).NumItems,(,)]</label>
					<font>ctouch23</font>
					<aligny>top</aligny>
				</control>
			</control>
			<control type="label">
				<!-- Header -->
				<left>598</left>
				<top>152</top>
				<width>684</width>
				<height>36</height>
				<font>ctouch23</font>
				<label>$INFO[System.Date(DDD)], $INFO[System.Date(d)] $INFO[System.Date(mmm)] $INFO[System.Date(yyyy)] • $INFO[System.Time]</label>
				<align>center</align>
			</control>
			<control type="button">
				<left>1287</left>
				<top>79</top>
				<width>48</width>
				<height>48</height>
				<texturefocus>touch-close.png</texturefocus>
				<texturenofocus>touch-close.png</texturenofocus>
				<onclick>Dialog.Close(pvrosdchannels)</onclick>
				
			</control>
			<control type="image">
				<left>598</left>
				<top>196</top>
				<width>704</width>
				<height>6</height>
				<texture>separator.png</texture>
			</control>
			<control type="list" id="11">
				<left>618</left>
				<top>205</top>
				<width>684</width>
				<height>765</height>
				<onleft>60</onleft>
				<onright>close</onright>
				<viewtype label="535">list</viewtype>
				<pagecontrol>60</pagecontrol>
				<itemlayout height="153" width="684">
					<control type="image">
						<left>0</left>
						<top>0</top>
						<width>630</width>
						<height>153</height>
						<texture border="9" colordiffuse="midgrey">button-default.png</texture>
					</control>
					<control type="label">
						<left>14</left>
						<top>18</top>
						<width>60</width>
						<height>36</height>
						<font>ctouch23</font>
						<label>$INFO[ListItem.ChannelNumberLabel]</label>
						<visible>$EXP[isEmptyPVRIcon]</visible>
					</control>
					<control type="image">
						<left>14</left>
						<top>18</top>
						<width>60</width>
						<height>60</height>
						<texture>$VAR[PVRIcon]</texture>
						<visible>$EXP[isnotEmptyPVRIcon]</visible>
					</control>
					<control type="image">
						<left>18</left>
						<top>100</top>
						<width>30</width>
						<height>30</height>
						<texture>overlayisrecording.png</texture>
						<visible>ListItem.IsRecording</visible>
					</control>
					<control type="label">
						<left>84</left>
						<top>18</top>
						<width>525</width>
						<height>36</height>
						<font>ctouch20</font>
						<label>$INFO[ListItem.Label]</label>
					</control>
					<control type="label">
						<left>84</left>
						<top>60</top>
						<width>525</width>
						<height>36</height>
						<font>ctouch20</font>
						<label>$INFO[ListItem.Title]</label>
					</control>
					<control type="label">
						<left>84</left>
						<top>102</top>
						<width>120</width>
						<height>36</height>
						<font>ctouch18</font>
						<selectedcolor>button-text</selectedcolor>
						<label>$INFO[ListItem.StartTime]</label>
						<visible>ListItem.HasEpg</visible>
					</control>
					<control type="progress">
						<left>215</left>
						<top>117</top>
						<width>318</width>
						<height>9</height>
						<info>ListItem.Progress</info>
						<visible>ListItem.HasEpg</visible>
					</control>
					<control type="label">
						<left>555</left>
						<top>102</top>
						<width>120</width>
						<height>36</height>
						<font>ctouch18</font>
						<selectedcolor>button-text</selectedcolor>
						<label>$INFO[ListItem.EndTime]</label>
						<visible>ListItem.HasEpg</visible>
					</control>
				</itemlayout>
				<focusedlayout height="153" width="684">
					<control type="image">
						<left>0</left>
						<top>0</top>
						<width>684</width>
						<height>153</height>
						<texture border="9">button-default-focus.png</texture>
						<visible>Control.HasFocus(11)</visible>
					</control>
					<control type="label">
						<left>14</left>
						<top>18</top>
						<width>60</width>
						<height>36</height>
						<font>ctouch23</font>
						<label>$INFO[ListItem.ChannelNumberLabel]</label>
						<visible>$EXP[isEmptyPVRIcon]</visible>
					</control>
					<control type="image">
						<left>14</left>
						<top>18</top>
						<width>60</width>
						<height>60</height>
						<texture>$VAR[PVRIcon]</texture>
						<visible>$EXP[isnotEmptyPVRIcon]</visible>
					</control>
					<control type="image">
						<left>18</left>
						<top>100</top>
						<width>30</width>
						<height>30</height>
						<texture>overlayisrecording.png</texture>
						<visible>ListItem.IsRecording</visible>
					</control>
					<control type="label">
						<left>84</left>
						<top>18</top>
						<width>525</width>
						<height>36</height>
						<font>ctouch20</font>
						<label>$INFO[ListItem.Label]</label>
					</control>
					<control type="label">
						<left>84</left>
						<top>60</top>
						<width>525</width>
						<height>36</height>
						<font>ctouch20</font>
						<selectedcolor>button-text</selectedcolor>
						<label>$INFO[ListItem.Title]</label>
					</control>
					<control type="label">
						<left>84</left>
						<top>102</top>
						<width>120</width>
						<height>36</height>
						<font>ctouch18</font>
						<selectedcolor>button-text</selectedcolor>
						<label>$INFO[ListItem.StartTime]</label>
						<visible>ListItem.HasEpg</visible>
					</control>
					<control type="progress">
						<left>215</left>
						<top>117</top>
						<width>318</width>
						<height>9</height>
						<info>ListItem.Progress</info>
						<visible>ListItem.HasEpg</visible>
					</control>
					<control type="label">
						<left>555</left>
						<top>102</top>
						<width>120</width>
						<height>36</height>
						<font>ctouch18</font>
						<selectedcolor>button-text</selectedcolor>
						<label>$INFO[ListItem.EndTime]</label>
						<visible>ListItem.HasEpg</visible>
					</control>
				</focusedlayout>
			</control>
			<control type="scrollbar" id="60">
				<left>596</left>
				<top>205</top>
				<width>18</width>
				<height>765</height>
				<onleft>close</onleft>
				<onright>11</onright>
				<animation condition="!Control.HasFocus(60) + !Container.Scrolling + !String.IsEqual(Skin.String(show-scrollbar),$LOCALIZE[31875])" effect="fade" start="100" end="0" time="200" reversible="true">Conditional</animation>
				<visible>$EXP[isEnabledScrollbar]</visible>
			</control>
		</control>
		<include>PVRChannelNumberInput</include>
	</controls>
</window>