<?xml version="1.0" encoding="utf-8"?>
<window>
	<defaultcontrol always="true">8000</defaultcontrol>
	<menucontrol>6100</menucontrol>
	<onload condition="!Skin.HasSetting(FirstRunSetup)">ActivateWindow(5111)</onload> 	
	<onload condition="!Skin.HasSetting(SkinHelper.EnablePVRThumbs)">Skin.SetBool(SkinHelper.EnablePVRThumbs)</onload>
	<onload>System.GetBool(input.enablemouse)</onload>	
	<onload condition="!Skin.HasSetting(SkinHelper.EnableMusicArt)">Skin.SetBool(SkinHelper.EnableMusicArt)</onload>
	<onload condition="!Skin.HasSetting(SkinHelper.EnableExtraFanart)">Skin.SetBool(SkinHelper.EnableExtraFanart)</onload>	  
	<onload condition="!Skin.HasSetting(SkinHelper.EnableExtendedArt)">Skin.SetBool(SkinHelper.EnableExtendedArt)</onload>	  
	  <onload condition="Skin.HasSetting(SkinHelper.EnableAnimatedPosters)">Skin.SetBool(SkinHelper.EnableAnimatedPosters)</onload>
	  <onload condition="!Skin.HasSetting(SkinHelper.EnableAnimatedPosters)">Skin.Reset(SkinHelper.EnableAnimatedPosters)</onload>	
	<onload>ClearProperty(ShowScreenSettings,home)</onload>
	<onload>SetFocus(9000)</onload>
	<onunload>ClearProperty(ShowScreenSettings,home)</onunload>
	<onunload>SetFocus(9000)</onunload>
	<onunload>ClearProperty(ShutdownKodi,home)</onunload>
	<onup>Control.SetFocus(80008,$INFO[Container(9000).Position])</onup>
	<include>zoom-openclose</include>
	<controls>
		<!-- Use Custom Home menu-->
		<include condition="Skin.HasSetting(homemenu-custom)" file="Includes_CustomHome.xml">CustomHomeMenu</include>
		<!-- Use Icon Home menu-->
		<include condition="Skin.HasSetting(homemenu-icon)" file="Includes_IconHome.xml">IconHomeMenu</include>	
		<!-- Use Icon Home menu-->
		<include condition="Skin.HasSetting(homemenu-stva)" file="Includes_stvaHome.xml">STVAHomeMenu</include>	

		<control type="group">
			<include content="page-indicator">
				<param name="indicatorleft" value="864" />
				<param name="indicatortop" value="-10" />
				<param name="indicatorwidth" value="192" />
				<param name="indicatorheight" value="48" />
				<param name="indicatororientation" value="horizontal" />
				<param name="grp1indicate" value="[ControlGroup(6100).HasFocus()|String.IsEqual(Window(home).Property(ShowScreenSettings),show)]" />
				<param name="grp1visible" value="[!Skin.HasSetting(lock-screensettings)]" />
				<param name="grp2indicate" value="[Skin.HasSetting(homemenu-vertical)+Control.HasFocus(9000)]" />
				<param name="grp2visible" value="[Skin.HasSetting(homemenu-vertical)+[!Skin.HasSetting(lock-screensettings)|!String.IsEqual(Skin.String(show-scrollbar),$LOCALIZE[31877])]]" />
				<param name="grp3indicate" value="[Skin.HasSetting(homemenu-vertical)+Control.HasFocus(23)]" />
				<param name="grp3visible" value="[Skin.HasSetting(homemenu-vertical)+!String.IsEqual(Skin.String(show-scrollbar),$LOCALIZE[31877])]" />
				<param name="grp4indicate" value="[Skin.HasSetting(homemenu-custom)]+[ControlGroup(9000).HasFocus()|ControlGroup(9800).HasFocus()]" />
				<param name="grp4visible" value="[Skin.HasSetting(homemenu-custom)+!Skin.HasSetting(lock-screensettings)]" />
				<param name="grp5indicate" value="Skin.HasSetting(homemenu-icon)+[Control.HasFocus(9000)|ControlGroup(9800).HasFocus()]" />
				<param name="grp5visible" value="[Skin.HasSetting(homemenu-icon)+!Skin.HasSetting(lock-screensettings)]" />
			</include>
			<include>touch-controls</include>
			<include>touch-controlsl</include>
			<include>fake-overlay</include>		
			<include>hora</include>	
		</control>
	</controls>
</window>