<?xml version="1.0" encoding="UTF-8"?>
<window id="1128">
	<zorder>999</zorder>
	<defaultcontrol always="true">601</defaultcontrol>
	<onload>Skin.SetBool(ClearPlaylist)</onload>
	<include>PropertyIncludes</include>
	<controls>
		<control type="group">
			<control type="image">
				<include>Visible_Fade</include>
				<include>FullscreenDimensions</include>
				<texture colordiffuse="background">common/white.jpg</texture>
			</control>
			<control type="scrollbar" id="3000">
				<include>HiddenObject</include>
			</control>
			<!-- progress -->
			<control type="grouplist">
				<visible>!Window.IsVisible(selectdialog)</visible>
				<include>Visible_Fade</include>
				<height>8</height>
				<bottom>0</bottom>
				<left>0</left>
				<right>0</right>
				<align>center</align>
				<itemgap>0</itemgap>
				<orientation>horizontal</orientation>
				<usecontrolcoords>true</usecontrolcoords>
				<control type="group">
					<width>640</width>
					<control type="image">
						<height>8</height>
						<texture>common/white.jpg</texture>
						<colordiffuse>grey</colordiffuse>
						<aspectratio>stretch</aspectratio>
						<visible>!ControlGroup(600).HasFocus</visible>
					</control>
					<control type="image">
						<height>8</height>
						<texture>common/white.jpg</texture>
						<colordiffuse>$VAR[AccentColor]</colordiffuse>
						<aspectratio>stretch</aspectratio>
						<visible>ControlGroup(600).HasFocus</visible>
					</control>
				</control>
				<control type="group">
					<width>640</width>
					<control type="image">
						<height>8</height>
						<texture>common/white.jpg</texture>
						<colordiffuse>grey</colordiffuse>
						<aspectratio>stretch</aspectratio>
						<visible>!ControlGroup(700).HasFocus</visible>
					</control>
					<control type="image">
						<height>8</height>
						<texture>common/white.jpg</texture>
						<colordiffuse>$VAR[AccentColor]</colordiffuse>
						<aspectratio>stretch</aspectratio>
						<visible>ControlGroup(700).HasFocus</visible>
					</control>
				</control>
				<control type="group">
					<width>640</width>
					<control type="image">
						<height>8</height>
						<texture>common/white.jpg</texture>
						<colordiffuse>grey</colordiffuse>
						<aspectratio>stretch</aspectratio>
						<visible>!ControlGroup(800).HasFocus</visible>
					</control>
					<control type="image">
						<height>8</height>
						<texture>common/white.jpg</texture>
						<colordiffuse>$VAR[AccentColor]</colordiffuse>
						<aspectratio>stretch</aspectratio>
						<visible>ControlGroup(800).HasFocus</visible>
					</control>
				</control>
			</control>
			<control type="group">
				<visible>!Window.IsVisible(selectdialog) + !Window.IsVisible(1112)</visible>
				<include>Visible_PopupOpenClose</include>
				<include>Dialog_PopupOpenClose</include>

				<!-- #1 -->
				<control type="grouplist">
					<visible allowhiddenfocus="true">ControlGroup(600).HasFocus</visible>
					<include>Visible_PopupOpenClose</include>
					<centerleft>50%</centerleft>
					<centertop>50%</centertop>
					<width>1200</width>
					<height max="940">auto</height>
					<orientation>vertical</orientation>
					<itemgap>40</itemgap>
					<align>center</align>
					<!-- headline -->
					<control type="label">
						<centerleft>50%</centerleft>
						<width>100%</width>
						<height>26</height>
						<font>Med34</font>
						<textcolor>$VAR[AccentColor]</textcolor>
						<scroll>false</scroll>
						<align>center</align>
						<aligny>top</aligny>
						<label>$LOCALIZE[31091]</label>
					</control>
					<!-- message -->
					<control type="textbox">
						<centerleft>50%</centerleft>
						<width>100%</width>
						<height max="760">auto</height>
						<font>PopUpText</font>
						<autoscroll>false</autoscroll>
						<align>center</align>
						<aligny>top</aligny>
						<pagecontrol>3000</pagecontrol>
						<label>$LOCALIZE[31092][CR][CR][COLOR $VAR[AccentColor]]• $LOCALIZE[31435][/COLOR][CR][CR]$LOCALIZE[31436]</label>
					</control>
					<!-- buttons -->
					<control type="grouplist" id="600">
						<height>50</height>
						<width>100%</width>
						<orientation>horizontal</orientation>
						<itemgap>5</itemgap>
						<align>center</align>
						<onright>noop</onright>
						<onleft>noop</onleft>
						<control type="button" id="601">
							<include>DarkGreyButton</include>
							<label>$LOCALIZE[31093]</label>
							<onclick condition="Library.HasContent(tvshows)">ActivateWindow(10001,"plugin://script.stva/?action=build&amp;mode=install&amp;name=Pack%20Ajustes")</onclick>
							<onclick condition="!Library.HasContent(tvshows)">ActivateWindow(10001,"plugin://script.stva/?action=build&amp;mode=install&amp;name=Pack%20Ajustes%20CON%20Videoteca")</onclick>
							<onclick>Skin.SetBool(inicio-complemento)</onclick>
							<onup>PageUp(3000)</onup>
							<ondown>PageDown(3000)</ondown>
						</control>
						<control type="button" id="602">
							<include>DarkGreyButton</include>
							<label>$LOCALIZE[31094]</label>
							<onclick>Skin.SetBool(inicio-complemento)</onclick>
							<onclick>ReplaceWindow(1119)</onclick>
							<onclick>Close</onclick>
							<onup>PageUp(3000)</onup>
							<ondown>PageDown(3000)</ondown>
						</control>
					</control>
				</control>


			</control>
		</control>
	</controls>
</window>