<?xml version="1.0" encoding="UTF-8"?>
<includes>
	<!-- menu items -->
	<include name="Home_Menu">
		<param name="id">100</param>
		<definition>
			<item>
				<label>$LOCALIZE[20186]</label>
				<icon>special://skin/extras/icons/menu_loading.jpg</icon>
				<onclick>noop</onclick>
				<visible>!String.IsEmpty(Window(home).Property(startup)) + [String.IsEmpty(Container($PARAM[id]).ListItemAbsolute(0).Property(id)) + String.IsEmpty(Container($PARAM[id]).ListItemAbsolute(1).Property(id))]</visible>
			</item>
			<item>
				<label>$LOCALIZE[31028]</label>
				<icon>special://skin/extras/icons/menu_conf.jpg</icon>
				<onclick>RunScript(script.skinshortcuts,type=manage&amp;group=mainmenu)</onclick>
				<visible>String.IsEmpty(Window(home).Property(startup)) + [String.IsEmpty(Container($PARAM[id]).ListItemAbsolute(0).Property(id)) + String.IsEmpty(Container($PARAM[id]).ListItemAbsolute(1).Property(id))]</visible>
			</item>
			<include>skinshortcuts-mainmenu</include>
			<item>
				<label>$LOCALIZE[341]</label>
				<icon>DefaultDVDRom.png</icon>
				<onclick>PlayDisc</onclick>
				<visible>System.HasMediaDVD</visible>
			</item>
		</definition>
	</include>
	<!-- default layout -->
	<include name="HomeDefaultLayout">
	<!-- plot mio -->
		<control type="grouplist" id="10">
			<include>Window_OpenClose</include>
			<defaultcontrol>100</defaultcontrol>
			<width>100%</width>
			<height>100%</height>
			<itemgap>-80</itemgap>
			<orientation>vertical</orientation>
			<usecontrolcoords>true</usecontrolcoords>
			<pagecontrol>17</pagecontrol>
			<include>ScrollTime</include>
			<ondown>noop</ondown>
			<include content="WidgetSpacer">
				<param name="id" value="11"/>
			</include>
			<include content="W_SeasonalSpecial">
				<param name="id" value="101"/>
				<param name="onup" value="6666"/>
				<param name="ondown" value="200"/>
			</include>
			<include content="WidgetCallTemplate">
				<param name="onup" value="6666"/>
				<param name="type" value="WidgetCall"/>
			</include>
		</control>
		<!-- header bar -->
		<include content="HeaderBar">
			<param name="id">10</param>
		</include>
	</include>
	<!-- panel layout -->
	<include name="HomePanelLayout">
		<!-- menu -->
		<control type="group" id="10">
			<include>Window_OpenClose</include>
			<include content="HomeWidgetPanelMenu">
				<param name="id" value="100"/>
				<param name="onup" value="6666"/>
				<param name="ondown" value="200"/>
				<param name="headline" value="$LOCALIZE[14211]"/>
			</include>
		</control>
		<!-- header bar -->
		<include content="HeaderBar">
			<param name="id">100</param>
		</include>
	</include>
</includes>