<?xml version="1.0" encoding="UTF-8"?>
<includes>
	<include name="Banner_View_58">
		<control type="group">
			<include>Visible_OpenClose</include>
			<animation effect="slide" condition="Skin.HasSetting(HideBannerLabels) + Window.IsVisible(myvideonav.xml) + ![Integer.IsGreaterOrEqual(Container(58).CurrentItem,11) | Container(58).HasPrevious]" time="200" end="0,30">Conditional</animation>
			<animation effect="slide" condition="[!Skin.HasSetting(HideBannerLabels) | !Window.IsVisible(myvideonav.xml)] + ![Integer.IsGreaterOrEqual(Container(58).CurrentItem,9) | Container(58).HasPrevious]" time="200" end="0,7">Conditional</animation>
			<visible>Control.IsVisible(58)</visible>
			<control id="58" type="panel">
				<visible>$EXP[BannerViewVisible]</visible>
				<include>FocusBounce</include>
				<width>auto</width>
				<height>1080</height>
				<onright condition="Control.IsVisible(7000)">SetFocus(7000)</onright>
				<onright condition="!Control.IsVisible(7000) + Control.IsVisible(17)">17</onright>
				<onright>noop</onright>
				<ondown>noop</ondown>
				<onup>SetFocus(6666)</onup>
				<onleft>noop</onleft>
				<include>ScrollTime</include>
				<orientation>vertical</orientation>
				<preloaditems>4</preloaditems>
				<defaultcontrol always="true">0</defaultcontrol>
				<viewtype label="$LOCALIZE[20020]">panel</viewtype>
				<pagecontrol>17</pagecontrol>
				<itemlayout condition="!Skin.HasSetting(HideBannerLabels) | !Window.IsVisible(myvideonav.xml)" width="900" height="229">
					<control type="group">
						<left>70</left>
						<top>115</top>
						<include content="BannerLayout">
							<param name="mainlabel" value="$VAR[MainListLabel]$INFO[ListItem.Year, - ]" />
							<param name="sublabel" value="" />
							<param name="focused" value="false" />
							<param name="id" value="58" />
						</include>
					</control>
				</itemlayout>
				<focusedlayout condition="!Skin.HasSetting(HideBannerLabels) | !Window.IsVisible(myvideonav.xml)" width="900" height="229">
					<include content="SetPropertyOnFocus">
						<param name="id" value="58"/>
					</include>
					<control type="group">
						<left>70</left>
						<top>115</top>
						<include content="BannerLayout">
							<param name="mainlabel" value="$VAR[MainListLabel]$INFO[ListItem.Year, - ]" />
							<param name="sublabel" value="" />
							<param name="focused" value="true" />
							<param name="id" value="58" />
							<param name="visible_forced" value="true"/>
						</include>
					</control>
				</focusedlayout>
				<itemlayout condition="Skin.HasSetting(HideBannerLabels) + Window.IsVisible(myvideonav.xml)" width="900" height="183">
					<control type="group">
						<left>70</left>
						<top>92</top>
						<include content="BannerLayout">
							<param name="mainlabel" value="" />
							<param name="sublabel" value="" />
							<param name="focused" value="false" />
							<param name="labels_visible" value="false" />
							<param name="id" value="58" />
						</include>
					</control>
				</itemlayout>
				<focusedlayout condition="Skin.HasSetting(HideBannerLabels) + Window.IsVisible(myvideonav.xml)" width="900" height="183">
					<include content="SetPropertyOnFocus">
						<param name="id" value="58"/>
					</include>
					<control type="group">
						<left>70</left>
						<top>92</top>
						<include content="BannerLayout">
							<param name="mainlabel" value="" />
							<param name="sublabel" value="" />
							<param name="focused" value="true" />
							<param name="labels_visible" value="false" />
							<param name="id" value="58" />
							<param name="visible_forced" value="true"/>
						</include>
					</control>
				</focusedlayout>
			</control>
		</control>
	</include>
</includes>