<?xml version="1.0" encoding="UTF-8"?>
<includes>
	<include name="Genre_View">
		<control type="group">
			<include>Visible_OpenClose</include>
			<control id="51" type="panel">
				<include>FocusBounce</include>
				<width>auto</width>
				<height>1133</height>
				<onright condition="Control.IsVisible(7000)">SetFocus(7000)</onright>
				<onright condition="!Control.IsVisible(7000) + Control.IsVisible(17)">17</onright>
				<onright>noop</onright>
				<ondown>noop</ondown>
				<onup>SetFocus(6666)</onup>
				<onleft>noop</onleft>
				<include>ScrollTime</include>
				<orientation>vertical</orientation>
				<preloaditems>4</preloaditems>
				<defaultcontrol always="true">0</defaultcontrol>
				<pagecontrol>17</pagecontrol>
				<onclick>SetProperty(SkipFocusReset,1,home)</onclick>
				<onclick condition="String.IsEmpty(ListItem.Filenameandpath)">ActivateWindow(videos,$INFO[ListItem.Path],return)</onclick>
				<onclick condition="!String.IsEmpty(ListItem.Filenameandpath)">ActivateWindow(videos,$INFO[ListItem.Filenameandpath],return)</onclick>
				<itemlayout width="257" height="445">
					<control type="group">
						<left>70.5</left>
						<top>122</top>
						<include content="PosterLayout">
							<param name="mainlabel" value="$PARAM[mainlabel]" />
							<param name="sublabel" value="$PARAM[sublabel]" />
							<param name="thumblabel" value="$PARAM[thumblabel]" />
							<param name="ar" value="$PARAM[ar]" />
							<param name="focused" value="false" />
							<param name="id" value="51" />
						</include>
					</control>
				</itemlayout>
				<focusedlayout width="257" height="445">
					<include content="SetPropertyOnFocus">
						<param name="id" value="51"/>
					</include>
					<control type="group">
						<left>70.5</left>
						<top>122</top>
						<include content="PosterLayout">
							<param name="mainlabel" value="$PARAM[mainlabel]" />
							<param name="sublabel" value="$PARAM[sublabel]" />
							<param name="thumblabel" value="$PARAM[thumblabel]" />
							<param name="ar" value="$PARAM[ar]" />
							<param name="focused" value="true" />
							<param name="id" value="51" />
							<param name="visible_forced" value="true"/>
						</include>
					</control>
				</focusedlayout>
				<content>$PARAM[content]</content>
			</control>
		</control>
	</include>
</includes>