<?xml version="1.0" encoding="utf-8"?>
<window type="dialog" id="1119">
	<defaultcontrol always="true">11000</defaultcontrol>
	<include>Animation_DialogPopupOpenClose</include>
	<controls>
		<control type="group">
			<centerleft>50%</centerleft>
			<height>660</height>
			<centertop>50%</centertop>
			<width>1000</width>
			<include content="DialogBackgroundCommons">
				<param name="width" value="1000" />
				<param name="height" value="710" />
				<param name="header_label" value="$LOCALIZE[31208]" />
				<param name="header_id" value="1" />
			</include>
			<control type="group" id="11000">
				<left>0</left>
				<top>80</top>
				<control type="grouplist" id="11100">
					<width>1000</width>
					<height>560</height>
					<itemgap>0</itemgap>
					<orientation>vertical</orientation>
					<control type="radiobutton" id="11111">
						<label>$LOCALIZE[40097] : $LOCALIZE[31148]</label>
						<include>DefaultSettingButton</include>
						<selected>Skin.HasSetting(hide_sportscategory)</selected>
						<onclick>Skin.ToggleSetting(hide_sportscategory)</onclick>
					</control>
					<control type="radiobutton" id="11112">
						<label>$LOCALIZE[40097] : $LOCALIZE[31190]</label>
						<include>DefaultSettingButton</include>
						<selected>Skin.HasSetting(hide_envivo)</selected>
						<onclick>Skin.ToggleSetting(hide_envivo)</onclick>
					</control>
					<control type="radiobutton" id="11113">
						<label>$LOCALIZE[40097] : $LOCALIZE[31189]</label>
						<include>DefaultSettingButton</include>
						<selected>Skin.HasSetting(hide_categoriasdeportes)</selected>
						<onclick>Skin.ToggleSetting(hide_categoriasdeportes)</onclick>
					</control>
					<control type="radiobutton" id="11114">
						<label>$LOCALIZE[40097] : $LOCALIZE[31195]</label>
						<include>DefaultSettingButton</include>
						<selected>Skin.HasSetting(hide_repeticiones)</selected>
						<onclick>Skin.ToggleSetting(hide_repeticiones)</onclick>
					</control>
				</control>
			</control>
		</control>
	</controls>
</window>
