<?xml version='1.0' encoding='UTF-8'?>
<addon id="skin.ctouch"  version="3.2.1" name="Cristal Touch" provider-name="STVA">
	<requires>
		<import addon="resource.language.es_es" version="0.0.0"/>		
	</requires>
	<extension debugging="false" effectslowdown="1" point="xbmc.gui.skin">
		<res aspect="16:9" default="true" folder="xml" height="1080" width="1920" />
	</extension>
	<extension point="xbmc.addon.metadata">
		<summary lang="es_ES">Skin para Kodi y Forks. Compatible con Kodi Matrix y Nexus</summary>
		<summary lang="en_GB">Skin para Kodi y Forks. Compatible con Kodi Matrix y Nexus</summary>				
		<description lang="es_ES">Cristal Touch es un mod del skin AppTV realizado por STVA.[CR]Funciona perfectamente en dispositivos táctiles, pc/portátil, SmartTV o TV Box y raspberrys o similares[CR]Fácil personalización de los items del Inicio desde el menú contextual</description>
		<description lang="en_GB">Cristal Touch es un mod del skin AppTV realizado por STVA.[CR]Funciona perfectamente en dispositivos táctiles, pc/portátil, SmartTV o TV Box y raspberrys o similares[CR]Fácil personalización de los items del Inicio desde el menú contextual</description>		
		<disclaimer lang="en_GB">Para dudas, preguntas o sugerencias [CR]Telegram: t.me/stvabuild[CR]Web y Foro: stva.ga</disclaimer>
		<disclaimer lang="es_ES">Para dudas, preguntas o sugerencias [CR]Telegram: t.me/stvabuild[CR]Web y Foro: stva.ga</disclaimer>		
		<platform>all</platform>
		<license></license>
		<website />
		<email />
		<news>Versión 3.2.1 - 30/1/23
- Corregido error del menú contextual que hacía aparecer una segunda opción de Buscar Trailer

Versión 3.2 - 29/1/23
- Añadida opción de Instalar Alfa en el item Repeticiones Deportivas
- Corregido error que no ocultaba el item de documentales palantir
- Cambiada ruta del item de la videoteca
- Cambiado color de la barra de caché
- Etiquetas ocultables en items del inicio iconos
- Ahora puedes agregar Buscadores Personales
- Se pueden desactivar los Buscadores del Skin
- Ahora se muestran los títulos de los widgets
- Corregida la visibilidad del fondo
- La Vista Paisaje ahora solo muestra el título del item al hacer foco
- Aumentado el tamaño de la sinopsis en los addons que no sean Alfa
- Levemente mejorada la ventana de información de vídeo</news>
		<assets>
			<icon>icon.png</icon>
			<fanart>fanart.jpg</fanart>
			<screenshot>resources/screenshot001.jpg</screenshot>
			<screenshot>resources/screenshot002.jpg</screenshot>
			<screenshot>resources/screenshot003.jpg</screenshot>
			<screenshot>resources/screenshot004.jpg</screenshot>
			<screenshot>resources/screenshot005.jpg</screenshot>
		</assets>
	</extension>
</addon>