{
  "addons": [
    {
      "name": "Embuary STVA",
      "type": "addon",
      "section": false,
      "plugin": "skin.embuary.stva",
      "url": "https://github.com/stvabuild/stvabuild.github.io/raw/master/complemento/embuary.zip",
      "repository": "",
      "repositoryxml": "",
      "repositoryurl": "",
      "icon": "https://stva.ga/wp-content/uploads/2022/04/portada3.4.22.gif",
      "adult": false,
      "description": "Skin Wizard. +info stva.ga/embuary-stva"
    },
    {
      "name": "Estuary STVA",
      "type": "skin",
      "section": false,
      "plugin": "skin.estuary.stva",
      "url": "https://github.com/stvabuild/stvabuild.github.io/raw/master/complemento/estuary.zip",
      "repository": "repository.repostva.matrix",
      "repositoryxml": "https://raw.githubusercontent.com/stvabuild/repostva.matrix/main/addons.xml",
      "repositoryurl": "https://github.com/stvabuild/repostva.matrix/blob/main/repository.repostva.matrix/repository.repostva.matrix-1.0.zip?raw=true",
      "icon": "https://github.com/stvabuild/repostva.matrix/raw/main/skin.estuary.stva/icon.png",
      "adult": false,
      "description": "Skin Wizard. +info stva.ga/skin-estuary-stva"
    },
    {
      "name": "Cristal Touch",
      "type": "addon",
      "section": false,
      "plugin": "skin.ctouch",
      "url": "https://github.com/stvabuild/stvabuild.github.io/raw/master/complemento/ctouch.zip",
      "repository": "repository.repostva.matrix",
      "repositoryxml": "https://raw.githubusercontent.com/stvabuild/repostva.matrix/main/addons.xml",
      "repositoryurl": "https://github.com/stvabuild/repostva.matrix/blob/main/repository.repostva.matrix/repository.repostva.matrix-1.0.zip?raw=true",
      "icon": "https://github.com/stvabuild/repostva.matrix/raw/main/skin.ctouch/icon.png",
      "adult": false,
      "description": "Skin Wizard. +info stva.ga/skin-cristal-touch"
    }
  ]
}