{
  "id": "dilo",
  "name": "Dilo",
  "thumbnail": "dilo.png",

  "active": true,

  "searchable": true,
  "search_types": ["tvshow"],

  "categories": ["tvshow"],
  "language": ["cast", "lat", "vose"],

  "clusters": ["inestable", "lasts", "years", "countries", "adults", "kids", "docs", "vos"],

  "notes": "Series por género, año, país, en emisión o finalizadas, populares (aunque también dispone de Películas catalogadas como episodios). Puede requerir el uso de proxies en función del país/operadora desde el que se accede."
}
