<?xml version="1.0" encoding="utf-8"?>
<window id="1130">
    <defaultcontrol>321</defaultcontrol>
    <controls>
		<include>background</include>
		<control type="image">
			<include>fullscreenimage</include>
			<texture colordiffuse="mask-background-black">background-mask.png</texture>
			<aspectratio>scale</aspectratio>
		</control>
		<control type="image">
			<right>30</right>
			<top>10</top>
			<width>150</width>
			<height>150</height>
			<texture background="true">special://skin/resources/icon.png</texture>
		</control>	
		<control type="image">
			<!-- Dialog background image -->
			<centerleft>50%</centerleft>
			<top>390</top>
			<width>1400</width>
			<height>665</height>
			<texture border="14" colordiffuse="midgrey">backtransparent.png</texture>
		</control>
		<control type="label">
			<centerleft>50%</centerleft>
			<width>1300</width>
			<height>50</height>
			<top>60</top>
			<shadowcolor>black</shadowcolor>
			<font>ctouch25w</font>
			<align>center</align>
			<label>Instalación de addons</label>
			<textcolor>$VAR[AccentColor]</textcolor>
		</control>
		<control type="textbox">
			<centerleft>50%</centerleft>
			<width>1400</width>
			<height>550</height>
			<top>130</top>
			<shadowcolor>black</shadowcolor>
			<pagecontrol>3000</pagecontrol>
			<font>font14</font>
			<align>center</align>
			<label>Instala los siguientes addons que nutrirán de contenido y otras funciones al Skin.
Al instalar algunos addons primero pedirá instalar su repositorio y después el addon.[CR]
Si tu dispositivo es Windows, después de instalar Winner, pulsa de nuevo para que descargue los módulos Acestream para poder ver los enlaces deportivos.
Si tu dispositivo es Android, descarga Acestream desde stva.ga</label>
		</control>
		<control type="group">
			<centerleft>50%</centerleft>
			<top>220</top>
			<height>900</height>
			<width>1300</width>
			<control type="grouplist" id="9000">
				<orientation>vertical</orientation>
				<left>0</left>
				<itemgap>7</itemgap>
				<top>100</top>
				<width>1300</width>
				<align>center</align>
				<font>font14</font>
				<control type="radiobutton" id="321">
					<font>font14</font>
					<label>Cristal Azul $INFO[System.AddonVersion(plugin.video.cristalazul),(,)][COLOR lightgrey] - Pelis, Series, TV, Deportes, Documentales, Varios[/COLOR]</label>
					<height>60</height>
					<radiowidth>100</radiowidth>
					<radioheight>100</radioheight>
					<textureradioonfocus colordiffuse="ffffffff">buttons/status-on.png</textureradioonfocus>
					<textureradioonnofocus colordiffuse="ffffffff">buttons/status-on.png</textureradioonnofocus>
					<textureradioofffocus colordiffuse="fff02222">buttons/status-off.png</textureradioofffocus>
					<textureradiooffnofocus colordiffuse="fff02222">buttons/status-off.png</textureradiooffnofocus>
					<texturenofocus/>
					<radioposx>1200</radioposx>
					<onclick condition="!System.HasAddon(plugin.video.cristalazul)">InstallAddon(plugin.video.cristalazul)</onclick>
					<selected>System.HasAddon(plugin.video.cristalazul)</selected>
					<include>DefaultSettingButton</include>
				</control>
				<control type="radiobutton" id="324">
					<radioposx>1200</radioposx>
					<font>font14</font>
					<label>Alfa $INFO[System.AddonVersion(plugin.video.alfa),(,)][COLOR lightgrey] - Pelis, Series, Documentales[/COLOR]</label>
					<height>60</height>
					<radiowidth>100</radiowidth>
					<radioheight>100</radioheight>
					<textureradioonfocus colordiffuse="ffffffff">buttons/status-on.png</textureradioonfocus>
					<textureradioonnofocus colordiffuse="ffffffff">buttons/status-on.png</textureradioonnofocus>
					<textureradioofffocus colordiffuse="fff02222">buttons/status-off.png</textureradioofffocus>
					<textureradiooffnofocus colordiffuse="fff02222">buttons/status-off.png</textureradiooffnofocus>
					<onclick condition="!System.HasAddon(repository.alfa-addon)">InstallAddon(repository.alfa-addon)</onclick>																		
					<onclick condition="!System.HasAddon(plugin.video.alfa)">InstallAddon(plugin.video.alfa)</onclick>																		
					<texturenofocus/>
					<selected>System.HasAddon(plugin.video.alfa)</selected>
					<include>DefaultSettingButton</include>
				</control>
				<control type="radiobutton" id="322">
					<radioposx>1200</radioposx>
					<font>font14</font>
					<height>60</height>
					<label>Palantir2 $INFO[System.AddonVersion(plugin.video.palantir2),(,)][COLOR lightgrey] - Películas, Series, Documentales, Dibujos y Novelas[/COLOR]</label>
					<radiowidth>100</radiowidth>
					<radioheight>100</radioheight>
					<textureradioonfocus colordiffuse="ffffffff">buttons/status-on.png</textureradioonfocus>
					<textureradioonnofocus colordiffuse="ffffffff">buttons/status-on.png</textureradioonnofocus>
					<textureradioofffocus colordiffuse="fff02222">buttons/status-off.png</textureradioofffocus>
					<textureradiooffnofocus colordiffuse="fff02222">buttons/status-off.png</textureradiooffnofocus>
					<onclick condition="!System.HasAddon(repository.Palantir)">InstallAddon(repository.Palantir)</onclick>																		
					<onclick condition="!System.HasAddon(plugin.video.palantir2)">InstallAddon(plugin.video.palantir2)</onclick>																		
					<texturenofocus/>
					<selected>System.HasAddon(plugin.video.palantir2)</selected>
					<include>DefaultSettingButton</include>
				</control>
				<control type="radiobutton" id="323">
					<radioposx>1200</radioposx>
					<font>font14</font>
					<height>60</height>
					<label>Winner $INFO[System.AddonVersion(plugin.video.winner),(,)][COLOR lightgrey] - Deportes (Acestream Necesario)[/COLOR]</label>
					<radiowidth>100</radiowidth>
					<radioheight>100</radioheight>
					<textureradioonfocus colordiffuse="ffffffff">buttons/status-on.png</textureradioonfocus>
					<textureradioonnofocus colordiffuse="ffffffff">buttons/status-on.png</textureradioonnofocus>
					<textureradioofffocus colordiffuse="fff02222">buttons/status-off.png</textureradioofffocus>
					<textureradiooffnofocus colordiffuse="fff02222">buttons/status-off.png</textureradiooffnofocus>
					<onclick condition="!System.HasAddon(plugin.video.winner)">InstallAddon(plugin.video.winner)</onclick>																		
					<onclick condition="System.HasAddon(script.module.horus)">ActivateWindow(10025,&quot;plugin://script.module.horus/&quot;,return)</onclick>
					<texturenofocus/>
					<selected>System.HasAddon(plugin.video.winner)</selected>
					<include>DefaultSettingButton</include>
				</control>
				<control type="radiobutton" id="325">
					<radioposx>1200</radioposx>
					<font>font14</font>
					<height>60</height>
					<label>Moe's TV $INFO[System.AddonVersion(plugin.video.moestv),(,)][COLOR grey] - Plataformas TV[/COLOR]</label>
					<radiowidth>100</radiowidth>
					<radioheight>100</radioheight>
					<textureradioonfocus colordiffuse="ffffffff">buttons/status-on.png</textureradioonfocus>
					<textureradioonnofocus colordiffuse="ffffffff">buttons/status-on.png</textureradioonnofocus>
					<textureradioofffocus colordiffuse="fff02222">buttons/status-off.png</textureradioofffocus>
					<textureradiooffnofocus colordiffuse="fff02222">buttons/status-off.png</textureradiooffnofocus>
					<onclick condition="!System.HasAddon(plugin.video.moestv)">InstallAddon(plugin.video.moestv)</onclick>																		
					<texturenofocus/>
					<selected>System.HasAddon(plugin.video.moestv)</selected>
					<include>DefaultSettingButton</include>
				</control>
				<control type="radiobutton" id="326">
					<font>font14</font>
					<radioposx>1200</radioposx>
					<height>60</height>
					<label>Complemento STVA $INFO[System.AddonVersion(script.stva),(,)][COLOR lightgrey] - Herramientas para Kodi y los Skins STVA[/COLOR]</label>
					<radiowidth>100</radiowidth>
					<radioheight>100</radioheight>
					<textureradioonfocus colordiffuse="ffffffff">buttons/status-on.png</textureradioonfocus>
					<textureradioonnofocus colordiffuse="ffffffff">buttons/status-on.png</textureradioonnofocus>
					<textureradioofffocus colordiffuse="fff02222">buttons/status-off.png</textureradioofffocus>
					<textureradiooffnofocus colordiffuse="fff02222">buttons/status-off.png</textureradiooffnofocus>
					<onclick condition="!System.HasAddon(repository.repo.stva)">InstallAddon(repository.repo.stva)</onclick>																		
					<onclick condition="!System.HasAddon(script.stva)">InstallAddon(script.stva)</onclick>																		
					<texturenofocus/>
					<selected>System.HasAddon(script.stva)</selected>
					<include>DefaultSettingButton</include>
				</control>
				<control type="radiobutton" id="327">
					<font>font14</font>
					<label>The Movie Database Helper $INFO[System.AddonVersion(plugin.video.themoviedb.helper),(,)][COLOR grey] - Arte e info de Películas y Series[/COLOR]</label>
					<radioposx>1200</radioposx>
					<height>60</height>
					<radiowidth>100</radiowidth>
					<radioheight>100</radioheight>
					<textureradioonfocus colordiffuse="ffffffff">buttons/status-on.png</textureradioonfocus>
					<textureradioonnofocus colordiffuse="ffffffff">buttons/status-on.png</textureradioonnofocus>
					<textureradioofffocus colordiffuse="fff02222">buttons/status-off.png</textureradioofffocus>
					<textureradiooffnofocus colordiffuse="fff02222">buttons/status-off.png</textureradiooffnofocus>
					<onclick condition="!System.HasAddon(repository.jurialmunkey)">InstallAddon(repository.jurialmunkey)</onclick>																		
					<onclick condition="!System.HasAddon(plugin.video.themoviedb.helper)">InstallAddon(plugin.video.themoviedb.helper)</onclick>																		
					<selected>System.HasAddon(plugin.video.themoviedb.helper)</selected>
					<texturenofocus/>
					<include>DefaultSettingButton</include>
				</control>
				<control type="radiobutton" id="328">
					<radioposx>1200</radioposx>
					<font>font14</font>
					<height>60</height>
					<label>Image Studio Icons $INFO[System.AddonVersion(resource.images.studios.coloured),(,)][COLOR lightgrey] - Iconos de Estudios y Plataformas[/COLOR]</label>
					<radiowidth>100</radiowidth>
					<radioheight>100</radioheight>
					<textureradioonfocus colordiffuse="ffffffff">buttons/status-on.png</textureradioonfocus>
					<textureradioonnofocus colordiffuse="ffffffff">buttons/status-on.png</textureradioonnofocus>
					<textureradioofffocus colordiffuse="fff02222">buttons/status-off.png</textureradioofffocus>
					<textureradiooffnofocus colordiffuse="fff02222">buttons/status-off.png</textureradiooffnofocus>
					<onclick condition="!System.HasAddon(resource.images.studios.coloured)">InstallAddon(resource.images.studios.coloured)</onclick>																		
					<texturenofocus/>
					<selected>System.HasAddon(resource.images.studios.coloured)</selected>
					<include>DefaultSettingButton</include>
				</control>
				<control type="button" id="308">
					<top>70</top>
					<height>60</height>
					<label>Continuar</label>
					<font>font14</font>
					<textoffsetx>30</textoffsetx>
					<texturenofocus/>
					<onclick>Close</onclick>
					<onclick>ActivateWindow(5111)</onclick>
					<onclick>Skin.SetBool(FirstRunSetup,true)</onclick>
					<align>center</align>
				</control>
			</control>
		</control>
	</controls>
</window>