{
  "id": "mobidy",
  "name": "mobidy",
  "active": true,
  "adult": false,
  "language": ["lat"],
  "thumbnail": "https://www.espapelis.pro/wp-content/themes/moviescript/assets/img/cnt/espapelis.png",
  "banner": "",
  "fanart": "",
  "categories": [
    "movie"
  ],
  "force_unify": true,
  "settings": [
    {
      "id": "filter_languages",
      "type": "list",
      "label": "Mostrar enlaces en idioma...",
      "default": 0,
      "enabled": true,
      "visible": true,
      "lvalues": [
        "No filtrar",
        "CAST",
        "LAT",
        "VOSE"
      ]
    }
  ]
}
