<?xml version="1.0" encoding="utf-8"?>
<window type="dialog" id="1127">
	<defaultcontrol always="true">11000</defaultcontrol>
	<include>Animation_DialogPopupOpenClose</include>
	<controls>
		<control type="group">
			<centerleft>50%</centerleft>
			<height>500</height>
			<centertop>50%</centertop>
			<width>1000</width>
			<include content="DialogBackgroundCommons">
				<param name="width" value="1000" />
				<param name="height" value="500" />
				<param name="header_label" value="$LOCALIZE[40102]" />
				<param name="header_id" value="1" />
			</include>
			<control type="group" id="11000">
				<left>0</left>
				<top>80</top>
				<control type="grouplist" id="11100">
					<width>1000</width>
					<height>400</height>
					<itemgap>0</itemgap>
					<orientation>vertical</orientation>
					<control type="radiobutton" id="11111">
						<label>$LOCALIZE[40097] : $LOCALIZE[19158]</label>
						<include>DefaultSettingButton</include>
						<selected>Skin.HasSetting(hide_nowrecordingchannel)</selected>
						<onclick>Skin.ToggleSetting(hide_nowrecordingchannel)</onclick>
					</control>
					<control type="radiobutton" id="11112">
						<label>$LOCALIZE[40097] : $LOCALIZE[19157]</label>
						<include>DefaultSettingButton</include>
						<selected>Skin.HasSetting(hide_nextrecordingchannel)</selected>
						<onclick>Skin.ToggleSetting(hide_nextrecordingchannel)</onclick>
					</control>
					<control type="radiobutton" id="11113">
						<label>$LOCALIZE[40097] : $LOCALIZE[31148]</label>
						<include>DefaultSettingButton</include>
						<selected>Skin.HasSetting(hide_tvcategories)</selected>
						<onclick>Skin.ToggleSetting(hide_tvcategories)</onclick>
					</control>
					<control type="radiobutton" id="11114">
						<label>$LOCALIZE[40097] : $LOCALIZE[31016]</label>
						<include>DefaultSettingButton</include>
						<selected>Skin.HasSetting(hide_lastplayedchannels)</selected>
						<onclick>Skin.ToggleSetting(hide_lastplayedchannels)</onclick>
					</control>
					<control type="radiobutton" id="11115">
						<label>$LOCALIZE[40097] : $LOCALIZE[31015]</label>
						<include>DefaultSettingButton</include>
						<selected>Skin.HasSetting(hide_recordingchannels)</selected>
						<onclick>Skin.ToggleSetting(hide_recordingchannels)</onclick>
					</control>
					<control type="radiobutton" id="11116">
						<label>$LOCALIZE[40097] : $LOCALIZE[40161]</label>
						<include>DefaultSettingButton</include>
						<selected>Skin.HasSetting(hide_allchannels)</selected>
						<onclick>Skin.ToggleSetting(hide_allchannels)</onclick>
					</control>	
				</control>
			</control>
		</control>
	</controls>
</window>
