<?xml version="1.0" encoding="utf-8"?>
<window type="dialog" id="1158">
	<defaultcontrol always="true">9002</defaultcontrol>
	<backgroundcolor>background</backgroundcolor>
	<controls>
	  <control type="group">
			<centerleft>50%</centerleft>
			<centertop>50%</centertop>
			<height>1000</height>
			<width>1600</width>
			<include content="DialogBackgroundCommons">
				<param name="width" value="1600" />
				<param name="height" value="1000" />
				<param name="header_label" value="$LOCALIZE[31237]" />
				<param name="header_id" value="1" />
			</include>
		<control type="textbox">
			<left>50</left>
			<top>90</top>
			<height>500</height>
			<width>1500</width> 	
			<shadowcolor>black</shadowcolor>
			<pagecontrol>3000</pagecontrol>
			<font>font13</font>
			<label>$LOCALIZE[31238]</label>
			<align>left</align>
		</control>
		<control type="group" id="3000">
			<control type="grouplist" id="3001">
				<orientation>horizontal</orientation>
				<left>0</left>
				<width>1600</width>
				<top>630</top>
				<itemgap>100</itemgap>
				<align>justify</align>
				<pagecontrol>3010</pagecontrol>
				<control type="image">
					<left>100</left>
					<top>400</top>
					<width>500</width>
					<height>275</height>
					<texture>special://skin/extras/help/alfa.jpg</texture>
				</control>	
				<control type="image">
					<left>100</left>
					<top>400</top>
					<width>500</width>
					<height>275</height>
					<texture>special://skin/extras/help/balandro.jpg</texture>
				</control>	
			</control>
		</control>
		<control type="group">
			<control type="grouplist" id="9000">
				<orientation>horizontal</orientation>
				<itemgap>0</itemgap>
				<left>0</left>
				<width>1600</width>
				<height>110</height>
				<top>905</top>
				<align>justify</align>
				<ondown>8001</ondown>
				<control type="button" id="9001">
					<height>100</height>
					<label>Alfa</label>
					<font>font24_title</font>
					<width>350</width>
					<align>center</align>
					<onclick condition="!System.HasAddon(plugin.video.alfa)">InstallAddon(plugin.video.alfa)</onclick>
					<onclick>Skin.SetBool(alfa-content,true)</onclick>
					<onclick>Skin.SetBool(balandro-content,false)</onclick>
					<onclick>Skin.SetString(alfa-content.name,Alfa)</onclick>	
					<onclick>Dialog.Close(1158)</onclick>
					<texturefocus border="40" colordiffuse="FFFF9800">buttons/dialogbutton-fo.png</texturefocus>
					<texturenofocus border="40">buttons/dialogbutton-nofo.png</texturenofocus>
				</control>
				<control type="button" id="9002">
					<height>100</height>
					<label>Balandro</label>
					<font>font24_title</font>
					<width>300</width>
					<align>center</align>
					<onclick condition="!System.HasAddon(repository.balandro)">InstallAddon(repository.balandro)</onclick>
					<onclick condition="!System.HasAddon(plugin.video.balandro)">InstallAddon(plugin.video.balandro)</onclick>
					<onclick>Skin.SetBool(balandro-content,true)</onclick>
					<onclick>Skin.SetString(balandro-content.name,Balandro)</onclick>	
					<onclick>Skin.SetBool(alfa-content,false)</onclick>
					<onclick>Dialog.Close(1158)</onclick>
					<texturefocus border="40" colordiffuse="FFFF9800">buttons/dialogbutton-fo.png</texturefocus>
					<texturenofocus border="40">buttons/dialogbutton-nofo.png</texturenofocus>
				</control>
			</control>
		</control>	
	  </control>	
	</controls>
</window>