<?xml version="1.0" encoding="UTF-8"?>
<window>
	<defaultcontrol always="true">50</defaultcontrol>
	<backgroundcolor>background</backgroundcolor>
	<views>50,52,53,</views>
	<menucontrol>6666</menucontrol>
	<include content="PropertyIncludes">
		<param name="ShowHeader" value="true"/>
	</include>
	<controls>
		<control type="button" id="2">
			<include>HiddenObject</include>
		</control>
		<include>Background</include>
		<control type="group">
			<include>Window_OpenClose</include>
			<include>JumpToLetterVertical</include>
			<include>Wide_View_50</include>
			<include>Square_View_52</include>
			<include>List_View_53</include>
		</control>
		<!-- scrollbar -->
		<include>Scrollbar</include>
		<!-- Menu control -->
		<control type="group">
			<visible>ControlGroup(4000).HasFocus</visible>
			<include>FullscreenDimensions</include>
			<include>Visible_PopupOpenClose</include>
			<include content="DiffuseMask">
				<param name="visible">true</param>
			</include>
			<control type="group">
				<centerleft>50%</centerleft>
				<width>500</width>
				<centertop>50%</centertop>
				<height>982</height>
				<control type="grouplist" id="4000">
					<orientation>vertical</orientation>
					<height>auto</height>
					<align>center</align>
					<itemgap>0</itemgap>
					<onright>50</onright>
					<onleft>50</onleft>
					<onback>50</onback>
					<usecontrolcoords>true</usecontrolcoords>
					<control type="image" id="4001">
						<width>100%</width>
						<height>61</height>
						<texture border="65,0,65,0" colordiffuse="context_color">dialogs/context/top.png</texture>
					</control>
					<include>AvailableViews</include>
					<control type="togglebutton" id="4">
						<include content="ContextButton"/>
						<label>$LOCALIZE[580]: $LOCALIZE[584]</label>
						<altlabel>$LOCALIZE[580]: $LOCALIZE[585]</altlabel>
						<visible>Control.IsEnabled(4)</visible>
					</control>
					<control type="button" id="3">
						<include content="ContextButton"/>
						<label>$LOCALIZE[581]</label>
						<visible>Control.IsEnabled(3)</visible>
					</control>
					<control type="radiobutton" id="5">
						<include content="ContextButton"/>
						<label>$LOCALIZE[21340]</label>
						<visible>Control.IsEnabled(5)</visible>
					</control>
					<control type="radiobutton" id="6">
						<include content="ContextButton"/>
						<label>$LOCALIZE[25000]</label>
						<visible>Control.IsEnabled(6)</visible>
					</control>
					<control type="radiobutton" id="7">
						<include content="ContextButton"/>
						<label>$LOCALIZE[31133]</label>
						<visible>Control.IsEnabled(7)</visible>
					</control>
					<control type="button" id="9">
						<include content="ContextButton"/>
						<label>$LOCALIZE[24034]</label>
						<visible>Control.IsEnabled(9)</visible>
					</control>
					<control type="radiobutton" id="8">
						<include content="ContextButton"/>
						<label>$LOCALIZE[31128]</label>
					</control>
					<control type="image" id="4002">
						<width>100%</width>
						<height>61</height>
						<texture border="65,0,65,0" colordiffuse="context_color">dialogs/context/bottom.png</texture>
					</control>
				</control>
			</control>
		</control>
		<!-- View select -->
		<include>ViewSelector</include>
		<!-- Download -->
		<control type="group">
			<visible>String.EndsWith(ListItem.Label2,&#x25;)</visible>
			<animation type="WindowOpen" reversible="false">
				<effect type="slide" start="0,200" end="0,0" delay="100" tween="circle" easin="out" time="400" />
				<effect type="fade" delay="160" end="100" time="400" />
			</animation>
			<animation type="WindowClose" reversible="false">
				<effect type="slide" start="0,0" end="0,200" easing="in" tween="circle" easin="out" time="400" />
				<effect type="fade" start="100" end="0" time="400" />
			</animation>
			<width>550</width>
			<height>240</height>
			<left>30</left>
			<bottom>30</bottom>
			<!-- Background image -->
			<control type="image">
				<texture colordiffuse="context_color" border="65">dialogs/notification/bg.png</texture>
			</control>
			<!-- icon -->
			<control type="group">
				<centertop>50%</centertop>
				<left>65</left>
				<width>80</width>
				<height>80</height>
				<!-- Icon back -->
				<control type="image">
					<texture>dialogs/progress/bg.png</texture>
				</control>
				<control type="image">
					<texture>dialogs/progress/100.png</texture>
					<colordiffuse>30ffffff</colordiffuse>
				</control>
				<!-- Icon -->
				<control type="textbox">
					<align>center</align>
					<aligny>center</aligny>
					<font>Material24</font>
					<textcolor>text_white</textcolor>
					<label>&#xf1da;</label>
				</control>
			</control>
			<!-- Details -->
			<control type="textbox">
				<top>80</top>
				<left>160</left>
				<right>80</right>
				<bottom>80</bottom>
				<font>Reg22</font>
				<aligny>center</aligny>
				<textcolor>context_textcolor</textcolor>
				<label>$INFO[ListItem.Label2]</label>
			</control>
		</control>

		<!-- header bar -->
		<include content="HeaderBar">
			<param name="id">50</param>
			<param name="auto_hide">false</param>
			<param name="hide_header">$EXP[HideHeaderBasedOnContainer]</param>
		</include>
		<!-- side panel -->
		<include content="SidePanel">
			<param name="onright">50</param>
		</include>
	</controls>
</window>
